ISO-10303-21;
HEADER;
FILE_DESCRIPTION(('KiCad electronic assembly'),'2;1');
FILE_NAME('K_rper_Seite1.step','2026-01-07T20:24:14',('Pcbnew'),('Kicad'
    ),'Open CASCADE STEP processor 7.9','KiCad to STEP converter',
  'Unknown');
FILE_SCHEMA(('AUTOMOTIVE_DESIGN { 1 0 10303 214 1 1 1 1 }'));
ENDSEC;
DATA;
#1 = APPLICATION_PROTOCOL_DEFINITION('international standard',
  'automotive_design',2000,#2);
#2 = APPLICATION_CONTEXT(
  'core data for automotive mechanical design processes');
#3 = SHAPE_DEFINITION_REPRESENTATION(#4,#10);
#4 = PRODUCT_DEFINITION_SHAPE('','',#5);
#5 = PRODUCT_DEFINITION('design','',#6,#9);
#6 = PRODUCT_DEFINITION_FORMATION('','',#7);
#7 = PRODUCT('K_rper_Seite1 1','K_rper_Seite1 1','',(#8));
#8 = PRODUCT_CONTEXT('',#2,'mechanical');
#9 = PRODUCT_DEFINITION_CONTEXT('part definition',#2,'design');
#10 = SHAPE_REPRESENTATION('',(#11,#15,#19,#23,#27,#31,#35,#39,#43,#47,
    #51,#55,#59,#63,#67,#71,#75,#79,#83,#87),#91);
#11 = AXIS2_PLACEMENT_3D('',#12,#13,#14);
#12 = CARTESIAN_POINT('',(0.,0.,0.));
#13 = DIRECTION('',(0.,0.,1.));
#14 = DIRECTION('',(1.,0.,-0.));
#15 = AXIS2_PLACEMENT_3D('',#16,#17,#18);
#16 = CARTESIAN_POINT('',(96.,-68.,1.595));
#17 = DIRECTION('',(-0.,0.,1.));
#18 = DIRECTION('',(1.110223024625E-16,-1.,0.));
#19 = AXIS2_PLACEMENT_3D('',#20,#21,#22);
#20 = CARTESIAN_POINT('',(119.,-101.5,1.595));
#21 = DIRECTION('',(-0.,0.,1.));
#22 = DIRECTION('',(1.110223024625E-16,-1.,0.));
#23 = AXIS2_PLACEMENT_3D('',#24,#25,#26);
#24 = CARTESIAN_POINT('',(188.,-91.5,1.595));
#25 = DIRECTION('',(0.,0.,1.));
#26 = DIRECTION('',(-0.939692620786,-0.342020143326,0.));
#27 = AXIS2_PLACEMENT_3D('',#28,#29,#30);
#28 = CARTESIAN_POINT('',(143.,-110.,1.595));
#29 = DIRECTION('',(-0.,0.,1.));
#30 = DIRECTION('',(1.110223024625E-16,-1.,0.));
#31 = AXIS2_PLACEMENT_3D('',#32,#33,#34);
#32 = CARTESIAN_POINT('',(102.5,-116.,1.595));
#33 = DIRECTION('',(0.,0.,1.));
#34 = DIRECTION('',(1.,0.,0.));
#35 = AXIS2_PLACEMENT_3D('',#36,#37,#38);
#36 = CARTESIAN_POINT('',(124.55,-102.85,1.595));
#37 = DIRECTION('',(0.,0.,1.));
#38 = DIRECTION('',(1.,0.,0.));
#39 = AXIS2_PLACEMENT_3D('',#40,#41,#42);
#40 = CARTESIAN_POINT('',(93.,-90.,1.595));
#41 = DIRECTION('',(-0.,0.,1.));
#42 = DIRECTION('',(0.965925826289,-0.258819045103,0.));
#43 = AXIS2_PLACEMENT_3D('',#44,#45,#46);
#44 = CARTESIAN_POINT('',(156.,-122.45,1.595));
#45 = DIRECTION('',(0.,0.,1.));
#46 = DIRECTION('',(1.,0.,0.));
#47 = AXIS2_PLACEMENT_3D('',#48,#49,#50);
#48 = CARTESIAN_POINT('',(151.,-121.18,1.595));
#49 = DIRECTION('',(-0.,0.,1.));
#50 = DIRECTION('',(1.110223024625E-16,-1.,0.));
#51 = AXIS2_PLACEMENT_3D('',#52,#53,#54);
#52 = CARTESIAN_POINT('',(111.32,-56.5,1.595));
#53 = DIRECTION('',(-0.,0.,1.));
#54 = DIRECTION('',(1.110223024625E-16,-1.,0.));
#55 = AXIS2_PLACEMENT_3D('',#56,#57,#58);
#56 = CARTESIAN_POINT('',(117.,-60.,1.595));
#57 = DIRECTION('',(-0.,0.,1.));
#58 = DIRECTION('',(0.866025403784,-0.5,0.));
#59 = AXIS2_PLACEMENT_3D('',#60,#61,#62);
#60 = CARTESIAN_POINT('',(124.,-87.5,1.595));
#61 = DIRECTION('',(-0.,0.,1.));
#62 = DIRECTION('',(1.110223024625E-16,-1.,0.));
#63 = AXIS2_PLACEMENT_3D('',#64,#65,#66);
#64 = CARTESIAN_POINT('',(89.,-88.,1.595));
#65 = DIRECTION('',(-0.,0.,1.));
#66 = DIRECTION('',(1.110223024625E-16,-1.,0.));
#67 = AXIS2_PLACEMENT_3D('',#68,#69,#70);
#68 = CARTESIAN_POINT('',(148.5,-112.,1.595));
#69 = DIRECTION('',(0.,0.,1.));
#70 = DIRECTION('',(1.,0.,0.));
#71 = AXIS2_PLACEMENT_3D('',#72,#73,#74);
#72 = CARTESIAN_POINT('',(193.5,-90.5,1.595));
#73 = DIRECTION('',(0.,-0.,1.));
#74 = DIRECTION('',(1.110223024625E-16,1.,0.));
#75 = AXIS2_PLACEMENT_3D('',#76,#77,#78);
#76 = CARTESIAN_POINT('',(124.5,-82.,1.595));
#77 = DIRECTION('',(0.,0.,1.));
#78 = DIRECTION('',(-1.,1.224646799147E-16,0.));
#79 = AXIS2_PLACEMENT_3D('',#80,#81,#82);
#80 = CARTESIAN_POINT('',(101.,-65.5,1.595));
#81 = DIRECTION('',(0.,-0.,1.));
#82 = DIRECTION('',(0.866025403784,0.5,0.));
#83 = AXIS2_PLACEMENT_3D('',#84,#85,#86);
#84 = CARTESIAN_POINT('',(103.,-110.5,1.595));
#85 = DIRECTION('',(0.,0.,1.));
#86 = DIRECTION('',(-0.121869343405,0.992546151641,0.));
#87 = AXIS2_PLACEMENT_3D('',#88,#89,#90);
#88 = CARTESIAN_POINT('',(0.,0.,0.));
#89 = DIRECTION('',(0.,0.,1.));
#90 = DIRECTION('',(1.,0.,-0.));
#91 = ( GEOMETRIC_REPRESENTATION_CONTEXT(3) 
GLOBAL_UNCERTAINTY_ASSIGNED_CONTEXT((#95)) GLOBAL_UNIT_ASSIGNED_CONTEXT(
(#92,#93,#94)) REPRESENTATION_CONTEXT('Context #1',
  '3D Context with UNIT and UNCERTAINTY') );
#92 = ( LENGTH_UNIT() NAMED_UNIT(*) SI_UNIT(.MILLI.,.METRE.) );
#93 = ( NAMED_UNIT(*) PLANE_ANGLE_UNIT() SI_UNIT($,.RADIAN.) );
#94 = ( NAMED_UNIT(*) SI_UNIT($,.STERADIAN.) SOLID_ANGLE_UNIT() );
#95 = UNCERTAINTY_MEASURE_WITH_UNIT(LENGTH_MEASURE(1.E-07),#92,
  'distance_accuracy_value','confusion accuracy');
#96 = PRODUCT_RELATED_PRODUCT_CATEGORY('part',$,(#7));
#97 = SHAPE_DEFINITION_REPRESENTATION(#98,#104);
#98 = PRODUCT_DEFINITION_SHAPE('','',#99);
#99 = PRODUCT_DEFINITION('design','',#100,#103);
#100 = PRODUCT_DEFINITION_FORMATION('','',#101);
#101 = PRODUCT('C_0201_0603Metric','C_0201_0603Metric','',(#102));
#102 = PRODUCT_CONTEXT('',#2,'mechanical');
#103 = PRODUCT_DEFINITION_CONTEXT('part definition',#2,'design');
#104 = ADVANCED_BREP_SHAPE_REPRESENTATION('',(#11,#105),#959);
#105 = MANIFOLD_SOLID_BREP('',#106);
#106 = CLOSED_SHELL('',(#107,#183,#214,#239,#264,#288,#312,#337,#362,
    #379,#465,#497,#521,#546,#570,#595,#619,#644,#661,#747,#778,#803,
    #828,#852,#876,#901,#926,#943));
#107 = ADVANCED_FACE('',(#108),#178,.F.);
#108 = FACE_BOUND('',#109,.F.);
#109 = EDGE_LOOP('',(#110,#120,#129,#137,#146,#154,#163,#171));
#110 = ORIENTED_EDGE('',*,*,#111,.F.);
#111 = EDGE_CURVE('',#112,#114,#116,.T.);
#112 = VERTEX_POINT('',#113);
#113 = CARTESIAN_POINT('',(-0.3,-0.15,1.5E-02));
#114 = VERTEX_POINT('',#115);
#115 = CARTESIAN_POINT('',(-0.3,-0.15,0.285));
#116 = LINE('',#117,#118);
#117 = CARTESIAN_POINT('',(-0.3,-0.15,0.));
#118 = VECTOR('',#119,1.);
#119 = DIRECTION('',(0.,0.,1.));
#120 = ORIENTED_EDGE('',*,*,#121,.T.);
#121 = EDGE_CURVE('',#112,#122,#124,.T.);
#122 = VERTEX_POINT('',#123);
#123 = CARTESIAN_POINT('',(-0.3,-0.135,-2.775557561563E-17));
#124 = CIRCLE('',#125,1.5E-02);
#125 = AXIS2_PLACEMENT_3D('',#126,#127,#128);
#126 = CARTESIAN_POINT('',(-0.3,-0.135,1.5E-02));
#127 = DIRECTION('',(1.,0.,-0.));
#128 = DIRECTION('',(0.,0.,1.));
#129 = ORIENTED_EDGE('',*,*,#130,.T.);
#130 = EDGE_CURVE('',#122,#131,#133,.T.);
#131 = VERTEX_POINT('',#132);
#132 = CARTESIAN_POINT('',(-0.3,0.135,-2.775557561563E-17));
#133 = LINE('',#134,#135);
#134 = CARTESIAN_POINT('',(-0.3,-0.15,0.));
#135 = VECTOR('',#136,1.);
#136 = DIRECTION('',(0.,1.,0.));
#137 = ORIENTED_EDGE('',*,*,#138,.F.);
#138 = EDGE_CURVE('',#139,#131,#141,.T.);
#139 = VERTEX_POINT('',#140);
#140 = CARTESIAN_POINT('',(-0.3,0.15,1.5E-02));
#141 = CIRCLE('',#142,1.5E-02);
#142 = AXIS2_PLACEMENT_3D('',#143,#144,#145);
#143 = CARTESIAN_POINT('',(-0.3,0.135,1.5E-02));
#144 = DIRECTION('',(-1.,0.,0.));
#145 = DIRECTION('',(0.,0.,1.));
#146 = ORIENTED_EDGE('',*,*,#147,.T.);
#147 = EDGE_CURVE('',#139,#148,#150,.T.);
#148 = VERTEX_POINT('',#149);
#149 = CARTESIAN_POINT('',(-0.3,0.15,0.285));
#150 = LINE('',#151,#152);
#151 = CARTESIAN_POINT('',(-0.3,0.15,0.));
#152 = VECTOR('',#153,1.);
#153 = DIRECTION('',(0.,0.,1.));
#154 = ORIENTED_EDGE('',*,*,#155,.T.);
#155 = EDGE_CURVE('',#148,#156,#158,.T.);
#156 = VERTEX_POINT('',#157);
#157 = CARTESIAN_POINT('',(-0.3,0.135,0.3));
#158 = CIRCLE('',#159,1.5E-02);
#159 = AXIS2_PLACEMENT_3D('',#160,#161,#162);
#160 = CARTESIAN_POINT('',(-0.3,0.135,0.285));
#161 = DIRECTION('',(1.,0.,-0.));
#162 = DIRECTION('',(0.,0.,1.));
#163 = ORIENTED_EDGE('',*,*,#164,.F.);
#164 = EDGE_CURVE('',#165,#156,#167,.T.);
#165 = VERTEX_POINT('',#166);
#166 = CARTESIAN_POINT('',(-0.3,-0.135,0.3));
#167 = LINE('',#168,#169);
#168 = CARTESIAN_POINT('',(-0.3,-0.15,0.3));
#169 = VECTOR('',#170,1.);
#170 = DIRECTION('',(0.,1.,0.));
#171 = ORIENTED_EDGE('',*,*,#172,.F.);
#172 = EDGE_CURVE('',#114,#165,#173,.T.);
#173 = CIRCLE('',#174,1.5E-02);
#174 = AXIS2_PLACEMENT_3D('',#175,#176,#177);
#175 = CARTESIAN_POINT('',(-0.3,-0.135,0.285));
#176 = DIRECTION('',(-1.,0.,0.));
#177 = DIRECTION('',(0.,0.,1.));
#178 = PLANE('',#179);
#179 = AXIS2_PLACEMENT_3D('',#180,#181,#182);
#180 = CARTESIAN_POINT('',(-0.3,-0.15,0.));
#181 = DIRECTION('',(1.,0.,0.));
#182 = DIRECTION('',(0.,0.,1.));
#183 = ADVANCED_FACE('',(#184),#209,.F.);
#184 = FACE_BOUND('',#185,.F.);
#185 = EDGE_LOOP('',(#186,#196,#202,#203));
#186 = ORIENTED_EDGE('',*,*,#187,.F.);
#187 = EDGE_CURVE('',#188,#190,#192,.T.);
#188 = VERTEX_POINT('',#189);
#189 = CARTESIAN_POINT('',(-0.15,-0.15,1.5E-02));
#190 = VERTEX_POINT('',#191);
#191 = CARTESIAN_POINT('',(-0.15,-0.15,0.285));
#192 = LINE('',#193,#194);
#193 = CARTESIAN_POINT('',(-0.15,-0.15,0.));
#194 = VECTOR('',#195,1.);
#195 = DIRECTION('',(0.,0.,1.));
#196 = ORIENTED_EDGE('',*,*,#197,.F.);
#197 = EDGE_CURVE('',#112,#188,#198,.T.);
#198 = LINE('',#199,#200);
#199 = CARTESIAN_POINT('',(-0.3,-0.15,1.5E-02));
#200 = VECTOR('',#201,1.);
#201 = DIRECTION('',(1.,0.,0.));
#202 = ORIENTED_EDGE('',*,*,#111,.T.);
#203 = ORIENTED_EDGE('',*,*,#204,.T.);
#204 = EDGE_CURVE('',#114,#190,#205,.T.);
#205 = LINE('',#206,#207);
#206 = CARTESIAN_POINT('',(-0.3,-0.15,0.285));
#207 = VECTOR('',#208,1.);
#208 = DIRECTION('',(1.,0.,0.));
#209 = PLANE('',#210);
#210 = AXIS2_PLACEMENT_3D('',#211,#212,#213);
#211 = CARTESIAN_POINT('',(-0.3,-0.15,0.));
#212 = DIRECTION('',(0.,1.,0.));
#213 = DIRECTION('',(0.,-0.,1.));
#214 = ADVANCED_FACE('',(#215),#234,.T.);
#215 = FACE_BOUND('',#216,.T.);
#216 = EDGE_LOOP('',(#217,#218,#226,#233));
#217 = ORIENTED_EDGE('',*,*,#121,.T.);
#218 = ORIENTED_EDGE('',*,*,#219,.T.);
#219 = EDGE_CURVE('',#122,#220,#222,.T.);
#220 = VERTEX_POINT('',#221);
#221 = CARTESIAN_POINT('',(-0.15,-0.135,-2.775557561563E-17));
#222 = LINE('',#223,#224);
#223 = CARTESIAN_POINT('',(-0.3,-0.135,-2.775557561563E-17));
#224 = VECTOR('',#225,1.);
#225 = DIRECTION('',(1.,0.,0.));
#226 = ORIENTED_EDGE('',*,*,#227,.F.);
#227 = EDGE_CURVE('',#188,#220,#228,.T.);
#228 = CIRCLE('',#229,1.5E-02);
#229 = AXIS2_PLACEMENT_3D('',#230,#231,#232);
#230 = CARTESIAN_POINT('',(-0.15,-0.135,1.5E-02));
#231 = DIRECTION('',(1.,0.,-0.));
#232 = DIRECTION('',(0.,0.,1.));
#233 = ORIENTED_EDGE('',*,*,#197,.F.);
#234 = CYLINDRICAL_SURFACE('',#235,1.5E-02);
#235 = AXIS2_PLACEMENT_3D('',#236,#237,#238);
#236 = CARTESIAN_POINT('',(-0.3,-0.135,1.5E-02));
#237 = DIRECTION('',(1.,0.,0.));
#238 = DIRECTION('',(0.,-1.,0.));
#239 = ADVANCED_FACE('',(#240),#259,.T.);
#240 = FACE_BOUND('',#241,.T.);
#241 = EDGE_LOOP('',(#242,#243,#252,#258));
#242 = ORIENTED_EDGE('',*,*,#204,.T.);
#243 = ORIENTED_EDGE('',*,*,#244,.T.);
#244 = EDGE_CURVE('',#190,#245,#247,.T.);
#245 = VERTEX_POINT('',#246);
#246 = CARTESIAN_POINT('',(-0.15,-0.135,0.3));
#247 = CIRCLE('',#248,1.5E-02);
#248 = AXIS2_PLACEMENT_3D('',#249,#250,#251);
#249 = CARTESIAN_POINT('',(-0.15,-0.135,0.285));
#250 = DIRECTION('',(-1.,0.,0.));
#251 = DIRECTION('',(0.,0.,1.));
#252 = ORIENTED_EDGE('',*,*,#253,.F.);
#253 = EDGE_CURVE('',#165,#245,#254,.T.);
#254 = LINE('',#255,#256);
#255 = CARTESIAN_POINT('',(-0.3,-0.135,0.3));
#256 = VECTOR('',#257,1.);
#257 = DIRECTION('',(1.,0.,0.));
#258 = ORIENTED_EDGE('',*,*,#172,.F.);
#259 = CYLINDRICAL_SURFACE('',#260,1.5E-02);
#260 = AXIS2_PLACEMENT_3D('',#261,#262,#263);
#261 = CARTESIAN_POINT('',(-0.3,-0.135,0.285));
#262 = DIRECTION('',(1.,0.,0.));
#263 = DIRECTION('',(0.,-1.,0.));
#264 = ADVANCED_FACE('',(#265),#283,.F.);
#265 = FACE_BOUND('',#266,.F.);
#266 = EDGE_LOOP('',(#267,#268,#269,#277));
#267 = ORIENTED_EDGE('',*,*,#130,.F.);
#268 = ORIENTED_EDGE('',*,*,#219,.T.);
#269 = ORIENTED_EDGE('',*,*,#270,.T.);
#270 = EDGE_CURVE('',#220,#271,#273,.T.);
#271 = VERTEX_POINT('',#272);
#272 = CARTESIAN_POINT('',(-0.15,0.135,-2.775557561563E-17));
#273 = LINE('',#274,#275);
#274 = CARTESIAN_POINT('',(-0.15,-0.15,0.));
#275 = VECTOR('',#276,1.);
#276 = DIRECTION('',(0.,1.,0.));
#277 = ORIENTED_EDGE('',*,*,#278,.F.);
#278 = EDGE_CURVE('',#131,#271,#279,.T.);
#279 = LINE('',#280,#281);
#280 = CARTESIAN_POINT('',(-0.3,0.135,-2.775557561563E-17));
#281 = VECTOR('',#282,1.);
#282 = DIRECTION('',(1.,0.,0.));
#283 = PLANE('',#284);
#284 = AXIS2_PLACEMENT_3D('',#285,#286,#287);
#285 = CARTESIAN_POINT('',(-0.3,-0.15,0.));
#286 = DIRECTION('',(0.,0.,1.));
#287 = DIRECTION('',(1.,0.,-0.));
#288 = ADVANCED_FACE('',(#289),#307,.T.);
#289 = FACE_BOUND('',#290,.T.);
#290 = EDGE_LOOP('',(#291,#292,#293,#301));
#291 = ORIENTED_EDGE('',*,*,#164,.F.);
#292 = ORIENTED_EDGE('',*,*,#253,.T.);
#293 = ORIENTED_EDGE('',*,*,#294,.T.);
#294 = EDGE_CURVE('',#245,#295,#297,.T.);
#295 = VERTEX_POINT('',#296);
#296 = CARTESIAN_POINT('',(-0.15,0.135,0.3));
#297 = LINE('',#298,#299);
#298 = CARTESIAN_POINT('',(-0.15,-0.15,0.3));
#299 = VECTOR('',#300,1.);
#300 = DIRECTION('',(0.,1.,0.));
#301 = ORIENTED_EDGE('',*,*,#302,.F.);
#302 = EDGE_CURVE('',#156,#295,#303,.T.);
#303 = LINE('',#304,#305);
#304 = CARTESIAN_POINT('',(-0.3,0.135,0.3));
#305 = VECTOR('',#306,1.);
#306 = DIRECTION('',(1.,0.,0.));
#307 = PLANE('',#308);
#308 = AXIS2_PLACEMENT_3D('',#309,#310,#311);
#309 = CARTESIAN_POINT('',(-0.3,-0.15,0.3));
#310 = DIRECTION('',(0.,0.,1.));
#311 = DIRECTION('',(1.,0.,-0.));
#312 = ADVANCED_FACE('',(#313),#332,.T.);
#313 = FACE_BOUND('',#314,.T.);
#314 = EDGE_LOOP('',(#315,#323,#330,#331));
#315 = ORIENTED_EDGE('',*,*,#316,.T.);
#316 = EDGE_CURVE('',#139,#317,#319,.T.);
#317 = VERTEX_POINT('',#318);
#318 = CARTESIAN_POINT('',(-0.15,0.15,1.5E-02));
#319 = LINE('',#320,#321);
#320 = CARTESIAN_POINT('',(-0.3,0.15,1.5E-02));
#321 = VECTOR('',#322,1.);
#322 = DIRECTION('',(1.,0.,0.));
#323 = ORIENTED_EDGE('',*,*,#324,.T.);
#324 = EDGE_CURVE('',#317,#271,#325,.T.);
#325 = CIRCLE('',#326,1.5E-02);
#326 = AXIS2_PLACEMENT_3D('',#327,#328,#329);
#327 = CARTESIAN_POINT('',(-0.15,0.135,1.5E-02));
#328 = DIRECTION('',(-1.,0.,0.));
#329 = DIRECTION('',(0.,0.,1.));
#330 = ORIENTED_EDGE('',*,*,#278,.F.);
#331 = ORIENTED_EDGE('',*,*,#138,.F.);
#332 = CYLINDRICAL_SURFACE('',#333,1.5E-02);
#333 = AXIS2_PLACEMENT_3D('',#334,#335,#336);
#334 = CARTESIAN_POINT('',(-0.3,0.135,1.5E-02));
#335 = DIRECTION('',(1.,0.,0.));
#336 = DIRECTION('',(-0.,1.,0.));
#337 = ADVANCED_FACE('',(#338),#357,.T.);
#338 = FACE_BOUND('',#339,.T.);
#339 = EDGE_LOOP('',(#340,#341,#342,#351));
#340 = ORIENTED_EDGE('',*,*,#155,.T.);
#341 = ORIENTED_EDGE('',*,*,#302,.T.);
#342 = ORIENTED_EDGE('',*,*,#343,.F.);
#343 = EDGE_CURVE('',#344,#295,#346,.T.);
#344 = VERTEX_POINT('',#345);
#345 = CARTESIAN_POINT('',(-0.15,0.15,0.285));
#346 = CIRCLE('',#347,1.5E-02);
#347 = AXIS2_PLACEMENT_3D('',#348,#349,#350);
#348 = CARTESIAN_POINT('',(-0.15,0.135,0.285));
#349 = DIRECTION('',(1.,0.,-0.));
#350 = DIRECTION('',(0.,0.,1.));
#351 = ORIENTED_EDGE('',*,*,#352,.F.);
#352 = EDGE_CURVE('',#148,#344,#353,.T.);
#353 = LINE('',#354,#355);
#354 = CARTESIAN_POINT('',(-0.3,0.15,0.285));
#355 = VECTOR('',#356,1.);
#356 = DIRECTION('',(1.,0.,0.));
#357 = CYLINDRICAL_SURFACE('',#358,1.5E-02);
#358 = AXIS2_PLACEMENT_3D('',#359,#360,#361);
#359 = CARTESIAN_POINT('',(-0.3,0.135,0.285));
#360 = DIRECTION('',(1.,0.,0.));
#361 = DIRECTION('',(-0.,1.,0.));
#362 = ADVANCED_FACE('',(#363),#374,.T.);
#363 = FACE_BOUND('',#364,.T.);
#364 = EDGE_LOOP('',(#365,#371,#372,#373));
#365 = ORIENTED_EDGE('',*,*,#366,.F.);
#366 = EDGE_CURVE('',#317,#344,#367,.T.);
#367 = LINE('',#368,#369);
#368 = CARTESIAN_POINT('',(-0.15,0.15,0.));
#369 = VECTOR('',#370,1.);
#370 = DIRECTION('',(0.,0.,1.));
#371 = ORIENTED_EDGE('',*,*,#316,.F.);
#372 = ORIENTED_EDGE('',*,*,#147,.T.);
#373 = ORIENTED_EDGE('',*,*,#352,.T.);
#374 = PLANE('',#375);
#375 = AXIS2_PLACEMENT_3D('',#376,#377,#378);
#376 = CARTESIAN_POINT('',(-0.3,0.15,0.));
#377 = DIRECTION('',(0.,1.,0.));
#378 = DIRECTION('',(0.,-0.,1.));
#379 = ADVANCED_FACE('',(#380,#390),#460,.T.);
#380 = FACE_BOUND('',#381,.T.);
#381 = EDGE_LOOP('',(#382,#383,#384,#385,#386,#387,#388,#389));
#382 = ORIENTED_EDGE('',*,*,#187,.F.);
#383 = ORIENTED_EDGE('',*,*,#227,.T.);
#384 = ORIENTED_EDGE('',*,*,#270,.T.);
#385 = ORIENTED_EDGE('',*,*,#324,.F.);
#386 = ORIENTED_EDGE('',*,*,#366,.T.);
#387 = ORIENTED_EDGE('',*,*,#343,.T.);
#388 = ORIENTED_EDGE('',*,*,#294,.F.);
#389 = ORIENTED_EDGE('',*,*,#244,.F.);
#390 = FACE_BOUND('',#391,.T.);
#391 = EDGE_LOOP('',(#392,#403,#411,#420,#428,#437,#445,#454));
#392 = ORIENTED_EDGE('',*,*,#393,.F.);
#393 = EDGE_CURVE('',#394,#396,#398,.T.);
#394 = VERTEX_POINT('',#395);
#395 = CARTESIAN_POINT('',(-0.15,-0.135,3.E-02));
#396 = VERTEX_POINT('',#397);
#397 = CARTESIAN_POINT('',(-0.15,-0.12,1.5E-02));
#398 = CIRCLE('',#399,1.5E-02);
#399 = AXIS2_PLACEMENT_3D('',#400,#401,#402);
#400 = CARTESIAN_POINT('',(-0.15,-0.12,3.E-02));
#401 = DIRECTION('',(1.,0.,-0.));
#402 = DIRECTION('',(0.,0.,1.));
#403 = ORIENTED_EDGE('',*,*,#404,.T.);
#404 = EDGE_CURVE('',#394,#405,#407,.T.);
#405 = VERTEX_POINT('',#406);
#406 = CARTESIAN_POINT('',(-0.15,-0.135,0.27));
#407 = LINE('',#408,#409);
#408 = CARTESIAN_POINT('',(-0.15,-0.135,1.5E-02));
#409 = VECTOR('',#410,1.);
#410 = DIRECTION('',(0.,0.,1.));
#411 = ORIENTED_EDGE('',*,*,#412,.T.);
#412 = EDGE_CURVE('',#405,#413,#415,.T.);
#413 = VERTEX_POINT('',#414);
#414 = CARTESIAN_POINT('',(-0.15,-0.12,0.285));
#415 = CIRCLE('',#416,1.5E-02);
#416 = AXIS2_PLACEMENT_3D('',#417,#418,#419);
#417 = CARTESIAN_POINT('',(-0.15,-0.12,0.27));
#418 = DIRECTION('',(-1.,0.,0.));
#419 = DIRECTION('',(0.,0.,1.));
#420 = ORIENTED_EDGE('',*,*,#421,.T.);
#421 = EDGE_CURVE('',#413,#422,#424,.T.);
#422 = VERTEX_POINT('',#423);
#423 = CARTESIAN_POINT('',(-0.15,0.12,0.285));
#424 = LINE('',#425,#426);
#425 = CARTESIAN_POINT('',(-0.15,-0.135,0.285));
#426 = VECTOR('',#427,1.);
#427 = DIRECTION('',(0.,1.,0.));
#428 = ORIENTED_EDGE('',*,*,#429,.F.);
#429 = EDGE_CURVE('',#430,#422,#432,.T.);
#430 = VERTEX_POINT('',#431);
#431 = CARTESIAN_POINT('',(-0.15,0.135,0.27));
#432 = CIRCLE('',#433,1.5E-02);
#433 = AXIS2_PLACEMENT_3D('',#434,#435,#436);
#434 = CARTESIAN_POINT('',(-0.15,0.12,0.27));
#435 = DIRECTION('',(1.,0.,-0.));
#436 = DIRECTION('',(0.,0.,1.));
#437 = ORIENTED_EDGE('',*,*,#438,.F.);
#438 = EDGE_CURVE('',#439,#430,#441,.T.);
#439 = VERTEX_POINT('',#440);
#440 = CARTESIAN_POINT('',(-0.15,0.135,3.E-02));
#441 = LINE('',#442,#443);
#442 = CARTESIAN_POINT('',(-0.15,0.135,1.5E-02));
#443 = VECTOR('',#444,1.);
#444 = DIRECTION('',(0.,0.,1.));
#445 = ORIENTED_EDGE('',*,*,#446,.T.);
#446 = EDGE_CURVE('',#439,#447,#449,.T.);
#447 = VERTEX_POINT('',#448);
#448 = CARTESIAN_POINT('',(-0.15,0.12,1.5E-02));
#449 = CIRCLE('',#450,1.5E-02);
#450 = AXIS2_PLACEMENT_3D('',#451,#452,#453);
#451 = CARTESIAN_POINT('',(-0.15,0.12,3.E-02));
#452 = DIRECTION('',(-1.,0.,0.));
#453 = DIRECTION('',(0.,0.,1.));
#454 = ORIENTED_EDGE('',*,*,#455,.F.);
#455 = EDGE_CURVE('',#396,#447,#456,.T.);
#456 = LINE('',#457,#458);
#457 = CARTESIAN_POINT('',(-0.15,-0.135,1.5E-02));
#458 = VECTOR('',#459,1.);
#459 = DIRECTION('',(0.,1.,0.));
#460 = PLANE('',#461);
#461 = AXIS2_PLACEMENT_3D('',#462,#463,#464);
#462 = CARTESIAN_POINT('',(-0.15,-0.15,0.));
#463 = DIRECTION('',(1.,0.,0.));
#464 = DIRECTION('',(0.,0.,1.));
#465 = ADVANCED_FACE('',(#466),#492,.T.);
#466 = FACE_BOUND('',#467,.T.);
#467 = EDGE_LOOP('',(#468,#469,#477,#486));
#468 = ORIENTED_EDGE('',*,*,#393,.T.);
#469 = ORIENTED_EDGE('',*,*,#470,.T.);
#470 = EDGE_CURVE('',#396,#471,#473,.T.);
#471 = VERTEX_POINT('',#472);
#472 = CARTESIAN_POINT('',(0.15,-0.12,1.5E-02));
#473 = LINE('',#474,#475);
#474 = CARTESIAN_POINT('',(-0.15,-0.12,1.5E-02));
#475 = VECTOR('',#476,1.);
#476 = DIRECTION('',(1.,0.,0.));
#477 = ORIENTED_EDGE('',*,*,#478,.F.);
#478 = EDGE_CURVE('',#479,#471,#481,.T.);
#479 = VERTEX_POINT('',#480);
#480 = CARTESIAN_POINT('',(0.15,-0.135,3.E-02));
#481 = CIRCLE('',#482,1.5E-02);
#482 = AXIS2_PLACEMENT_3D('',#483,#484,#485);
#483 = CARTESIAN_POINT('',(0.15,-0.12,3.E-02));
#484 = DIRECTION('',(1.,0.,-0.));
#485 = DIRECTION('',(0.,0.,1.));
#486 = ORIENTED_EDGE('',*,*,#487,.F.);
#487 = EDGE_CURVE('',#394,#479,#488,.T.);
#488 = LINE('',#489,#490);
#489 = CARTESIAN_POINT('',(-0.15,-0.135,3.E-02));
#490 = VECTOR('',#491,1.);
#491 = DIRECTION('',(1.,0.,0.));
#492 = CYLINDRICAL_SURFACE('',#493,1.5E-02);
#493 = AXIS2_PLACEMENT_3D('',#494,#495,#496);
#494 = CARTESIAN_POINT('',(-0.15,-0.12,3.E-02));
#495 = DIRECTION('',(1.,0.,0.));
#496 = DIRECTION('',(0.,-1.,0.));
#497 = ADVANCED_FACE('',(#498),#516,.F.);
#498 = FACE_BOUND('',#499,.F.);
#499 = EDGE_LOOP('',(#500,#501,#502,#510));
#500 = ORIENTED_EDGE('',*,*,#455,.F.);
#501 = ORIENTED_EDGE('',*,*,#470,.T.);
#502 = ORIENTED_EDGE('',*,*,#503,.T.);
#503 = EDGE_CURVE('',#471,#504,#506,.T.);
#504 = VERTEX_POINT('',#505);
#505 = CARTESIAN_POINT('',(0.15,0.12,1.5E-02));
#506 = LINE('',#507,#508);
#507 = CARTESIAN_POINT('',(0.15,-0.135,1.5E-02));
#508 = VECTOR('',#509,1.);
#509 = DIRECTION('',(0.,1.,0.));
#510 = ORIENTED_EDGE('',*,*,#511,.F.);
#511 = EDGE_CURVE('',#447,#504,#512,.T.);
#512 = LINE('',#513,#514);
#513 = CARTESIAN_POINT('',(-0.15,0.12,1.5E-02));
#514 = VECTOR('',#515,1.);
#515 = DIRECTION('',(1.,0.,0.));
#516 = PLANE('',#517);
#517 = AXIS2_PLACEMENT_3D('',#518,#519,#520);
#518 = CARTESIAN_POINT('',(-0.15,-0.135,1.5E-02));
#519 = DIRECTION('',(0.,0.,1.));
#520 = DIRECTION('',(1.,0.,-0.));
#521 = ADVANCED_FACE('',(#522),#541,.T.);
#522 = FACE_BOUND('',#523,.T.);
#523 = EDGE_LOOP('',(#524,#532,#539,#540));
#524 = ORIENTED_EDGE('',*,*,#525,.T.);
#525 = EDGE_CURVE('',#439,#526,#528,.T.);
#526 = VERTEX_POINT('',#527);
#527 = CARTESIAN_POINT('',(0.15,0.135,3.E-02));
#528 = LINE('',#529,#530);
#529 = CARTESIAN_POINT('',(-0.15,0.135,3.E-02));
#530 = VECTOR('',#531,1.);
#531 = DIRECTION('',(1.,0.,0.));
#532 = ORIENTED_EDGE('',*,*,#533,.T.);
#533 = EDGE_CURVE('',#526,#504,#534,.T.);
#534 = CIRCLE('',#535,1.5E-02);
#535 = AXIS2_PLACEMENT_3D('',#536,#537,#538);
#536 = CARTESIAN_POINT('',(0.15,0.12,3.E-02));
#537 = DIRECTION('',(-1.,0.,0.));
#538 = DIRECTION('',(0.,0.,1.));
#539 = ORIENTED_EDGE('',*,*,#511,.F.);
#540 = ORIENTED_EDGE('',*,*,#446,.F.);
#541 = CYLINDRICAL_SURFACE('',#542,1.5E-02);
#542 = AXIS2_PLACEMENT_3D('',#543,#544,#545);
#543 = CARTESIAN_POINT('',(-0.15,0.12,3.E-02));
#544 = DIRECTION('',(1.,0.,0.));
#545 = DIRECTION('',(-0.,1.,0.));
#546 = ADVANCED_FACE('',(#547),#565,.T.);
#547 = FACE_BOUND('',#548,.T.);
#548 = EDGE_LOOP('',(#549,#557,#558,#559));
#549 = ORIENTED_EDGE('',*,*,#550,.F.);
#550 = EDGE_CURVE('',#526,#551,#553,.T.);
#551 = VERTEX_POINT('',#552);
#552 = CARTESIAN_POINT('',(0.15,0.135,0.27));
#553 = LINE('',#554,#555);
#554 = CARTESIAN_POINT('',(0.15,0.135,1.5E-02));
#555 = VECTOR('',#556,1.);
#556 = DIRECTION('',(0.,0.,1.));
#557 = ORIENTED_EDGE('',*,*,#525,.F.);
#558 = ORIENTED_EDGE('',*,*,#438,.T.);
#559 = ORIENTED_EDGE('',*,*,#560,.T.);
#560 = EDGE_CURVE('',#430,#551,#561,.T.);
#561 = LINE('',#562,#563);
#562 = CARTESIAN_POINT('',(-0.15,0.135,0.27));
#563 = VECTOR('',#564,1.);
#564 = DIRECTION('',(1.,0.,0.));
#565 = PLANE('',#566);
#566 = AXIS2_PLACEMENT_3D('',#567,#568,#569);
#567 = CARTESIAN_POINT('',(-0.15,0.135,1.5E-02));
#568 = DIRECTION('',(0.,1.,0.));
#569 = DIRECTION('',(0.,-0.,1.));
#570 = ADVANCED_FACE('',(#571),#590,.T.);
#571 = FACE_BOUND('',#572,.T.);
#572 = EDGE_LOOP('',(#573,#574,#582,#589));
#573 = ORIENTED_EDGE('',*,*,#429,.T.);
#574 = ORIENTED_EDGE('',*,*,#575,.T.);
#575 = EDGE_CURVE('',#422,#576,#578,.T.);
#576 = VERTEX_POINT('',#577);
#577 = CARTESIAN_POINT('',(0.15,0.12,0.285));
#578 = LINE('',#579,#580);
#579 = CARTESIAN_POINT('',(-0.15,0.12,0.285));
#580 = VECTOR('',#581,1.);
#581 = DIRECTION('',(1.,0.,0.));
#582 = ORIENTED_EDGE('',*,*,#583,.F.);
#583 = EDGE_CURVE('',#551,#576,#584,.T.);
#584 = CIRCLE('',#585,1.5E-02);
#585 = AXIS2_PLACEMENT_3D('',#586,#587,#588);
#586 = CARTESIAN_POINT('',(0.15,0.12,0.27));
#587 = DIRECTION('',(1.,0.,-0.));
#588 = DIRECTION('',(0.,0.,1.));
#589 = ORIENTED_EDGE('',*,*,#560,.F.);
#590 = CYLINDRICAL_SURFACE('',#591,1.5E-02);
#591 = AXIS2_PLACEMENT_3D('',#592,#593,#594);
#592 = CARTESIAN_POINT('',(-0.15,0.12,0.27));
#593 = DIRECTION('',(1.,0.,0.));
#594 = DIRECTION('',(-0.,1.,0.));
#595 = ADVANCED_FACE('',(#596),#614,.T.);
#596 = FACE_BOUND('',#597,.T.);
#597 = EDGE_LOOP('',(#598,#599,#607,#613));
#598 = ORIENTED_EDGE('',*,*,#421,.F.);
#599 = ORIENTED_EDGE('',*,*,#600,.T.);
#600 = EDGE_CURVE('',#413,#601,#603,.T.);
#601 = VERTEX_POINT('',#602);
#602 = CARTESIAN_POINT('',(0.15,-0.12,0.285));
#603 = LINE('',#604,#605);
#604 = CARTESIAN_POINT('',(-0.15,-0.12,0.285));
#605 = VECTOR('',#606,1.);
#606 = DIRECTION('',(1.,0.,0.));
#607 = ORIENTED_EDGE('',*,*,#608,.T.);
#608 = EDGE_CURVE('',#601,#576,#609,.T.);
#609 = LINE('',#610,#611);
#610 = CARTESIAN_POINT('',(0.15,-0.135,0.285));
#611 = VECTOR('',#612,1.);
#612 = DIRECTION('',(0.,1.,0.));
#613 = ORIENTED_EDGE('',*,*,#575,.F.);
#614 = PLANE('',#615);
#615 = AXIS2_PLACEMENT_3D('',#616,#617,#618);
#616 = CARTESIAN_POINT('',(-0.15,-0.135,0.285));
#617 = DIRECTION('',(0.,0.,1.));
#618 = DIRECTION('',(1.,0.,-0.));
#619 = ADVANCED_FACE('',(#620),#639,.T.);
#620 = FACE_BOUND('',#621,.T.);
#621 = EDGE_LOOP('',(#622,#630,#637,#638));
#622 = ORIENTED_EDGE('',*,*,#623,.T.);
#623 = EDGE_CURVE('',#405,#624,#626,.T.);
#624 = VERTEX_POINT('',#625);
#625 = CARTESIAN_POINT('',(0.15,-0.135,0.27));
#626 = LINE('',#627,#628);
#627 = CARTESIAN_POINT('',(-0.15,-0.135,0.27));
#628 = VECTOR('',#629,1.);
#629 = DIRECTION('',(1.,0.,0.));
#630 = ORIENTED_EDGE('',*,*,#631,.T.);
#631 = EDGE_CURVE('',#624,#601,#632,.T.);
#632 = CIRCLE('',#633,1.5E-02);
#633 = AXIS2_PLACEMENT_3D('',#634,#635,#636);
#634 = CARTESIAN_POINT('',(0.15,-0.12,0.27));
#635 = DIRECTION('',(-1.,0.,0.));
#636 = DIRECTION('',(0.,0.,1.));
#637 = ORIENTED_EDGE('',*,*,#600,.F.);
#638 = ORIENTED_EDGE('',*,*,#412,.F.);
#639 = CYLINDRICAL_SURFACE('',#640,1.5E-02);
#640 = AXIS2_PLACEMENT_3D('',#641,#642,#643);
#641 = CARTESIAN_POINT('',(-0.15,-0.12,0.27));
#642 = DIRECTION('',(1.,0.,0.));
#643 = DIRECTION('',(0.,-1.,0.));
#644 = ADVANCED_FACE('',(#645),#656,.F.);
#645 = FACE_BOUND('',#646,.F.);
#646 = EDGE_LOOP('',(#647,#653,#654,#655));
#647 = ORIENTED_EDGE('',*,*,#648,.F.);
#648 = EDGE_CURVE('',#479,#624,#649,.T.);
#649 = LINE('',#650,#651);
#650 = CARTESIAN_POINT('',(0.15,-0.135,1.5E-02));
#651 = VECTOR('',#652,1.);
#652 = DIRECTION('',(0.,0.,1.));
#653 = ORIENTED_EDGE('',*,*,#487,.F.);
#654 = ORIENTED_EDGE('',*,*,#404,.T.);
#655 = ORIENTED_EDGE('',*,*,#623,.T.);
#656 = PLANE('',#657);
#657 = AXIS2_PLACEMENT_3D('',#658,#659,#660);
#658 = CARTESIAN_POINT('',(-0.15,-0.135,1.5E-02));
#659 = DIRECTION('',(0.,1.,0.));
#660 = DIRECTION('',(0.,-0.,1.));
#661 = ADVANCED_FACE('',(#662,#732),#742,.F.);
#662 = FACE_BOUND('',#663,.F.);
#663 = EDGE_LOOP('',(#664,#674,#683,#691,#700,#708,#717,#725));
#664 = ORIENTED_EDGE('',*,*,#665,.F.);
#665 = EDGE_CURVE('',#666,#668,#670,.T.);
#666 = VERTEX_POINT('',#667);
#667 = CARTESIAN_POINT('',(0.15,-0.15,1.5E-02));
#668 = VERTEX_POINT('',#669);
#669 = CARTESIAN_POINT('',(0.15,-0.15,0.285));
#670 = LINE('',#671,#672);
#671 = CARTESIAN_POINT('',(0.15,-0.15,0.));
#672 = VECTOR('',#673,1.);
#673 = DIRECTION('',(0.,0.,1.));
#674 = ORIENTED_EDGE('',*,*,#675,.T.);
#675 = EDGE_CURVE('',#666,#676,#678,.T.);
#676 = VERTEX_POINT('',#677);
#677 = CARTESIAN_POINT('',(0.15,-0.135,-2.775557561563E-17));
#678 = CIRCLE('',#679,1.5E-02);
#679 = AXIS2_PLACEMENT_3D('',#680,#681,#682);
#680 = CARTESIAN_POINT('',(0.15,-0.135,1.5E-02));
#681 = DIRECTION('',(1.,0.,-0.));
#682 = DIRECTION('',(0.,0.,1.));
#683 = ORIENTED_EDGE('',*,*,#684,.T.);
#684 = EDGE_CURVE('',#676,#685,#687,.T.);
#685 = VERTEX_POINT('',#686);
#686 = CARTESIAN_POINT('',(0.15,0.135,-2.775557561563E-17));
#687 = LINE('',#688,#689);
#688 = CARTESIAN_POINT('',(0.15,-0.15,0.));
#689 = VECTOR('',#690,1.);
#690 = DIRECTION('',(0.,1.,0.));
#691 = ORIENTED_EDGE('',*,*,#692,.F.);
#692 = EDGE_CURVE('',#693,#685,#695,.T.);
#693 = VERTEX_POINT('',#694);
#694 = CARTESIAN_POINT('',(0.15,0.15,1.5E-02));
#695 = CIRCLE('',#696,1.5E-02);
#696 = AXIS2_PLACEMENT_3D('',#697,#698,#699);
#697 = CARTESIAN_POINT('',(0.15,0.135,1.5E-02));
#698 = DIRECTION('',(-1.,0.,0.));
#699 = DIRECTION('',(0.,0.,1.));
#700 = ORIENTED_EDGE('',*,*,#701,.T.);
#701 = EDGE_CURVE('',#693,#702,#704,.T.);
#702 = VERTEX_POINT('',#703);
#703 = CARTESIAN_POINT('',(0.15,0.15,0.285));
#704 = LINE('',#705,#706);
#705 = CARTESIAN_POINT('',(0.15,0.15,0.));
#706 = VECTOR('',#707,1.);
#707 = DIRECTION('',(0.,0.,1.));
#708 = ORIENTED_EDGE('',*,*,#709,.T.);
#709 = EDGE_CURVE('',#702,#710,#712,.T.);
#710 = VERTEX_POINT('',#711);
#711 = CARTESIAN_POINT('',(0.15,0.135,0.3));
#712 = CIRCLE('',#713,1.5E-02);
#713 = AXIS2_PLACEMENT_3D('',#714,#715,#716);
#714 = CARTESIAN_POINT('',(0.15,0.135,0.285));
#715 = DIRECTION('',(1.,0.,-0.));
#716 = DIRECTION('',(0.,0.,1.));
#717 = ORIENTED_EDGE('',*,*,#718,.F.);
#718 = EDGE_CURVE('',#719,#710,#721,.T.);
#719 = VERTEX_POINT('',#720);
#720 = CARTESIAN_POINT('',(0.15,-0.135,0.3));
#721 = LINE('',#722,#723);
#722 = CARTESIAN_POINT('',(0.15,-0.15,0.3));
#723 = VECTOR('',#724,1.);
#724 = DIRECTION('',(0.,1.,0.));
#725 = ORIENTED_EDGE('',*,*,#726,.F.);
#726 = EDGE_CURVE('',#668,#719,#727,.T.);
#727 = CIRCLE('',#728,1.5E-02);
#728 = AXIS2_PLACEMENT_3D('',#729,#730,#731);
#729 = CARTESIAN_POINT('',(0.15,-0.135,0.285));
#730 = DIRECTION('',(-1.,0.,0.));
#731 = DIRECTION('',(0.,0.,1.));
#732 = FACE_BOUND('',#733,.F.);
#733 = EDGE_LOOP('',(#734,#735,#736,#737,#738,#739,#740,#741));
#734 = ORIENTED_EDGE('',*,*,#478,.F.);
#735 = ORIENTED_EDGE('',*,*,#648,.T.);
#736 = ORIENTED_EDGE('',*,*,#631,.T.);
#737 = ORIENTED_EDGE('',*,*,#608,.T.);
#738 = ORIENTED_EDGE('',*,*,#583,.F.);
#739 = ORIENTED_EDGE('',*,*,#550,.F.);
#740 = ORIENTED_EDGE('',*,*,#533,.T.);
#741 = ORIENTED_EDGE('',*,*,#503,.F.);
#742 = PLANE('',#743);
#743 = AXIS2_PLACEMENT_3D('',#744,#745,#746);
#744 = CARTESIAN_POINT('',(0.15,-0.15,0.));
#745 = DIRECTION('',(1.,0.,0.));
#746 = DIRECTION('',(0.,0.,1.));
#747 = ADVANCED_FACE('',(#748),#773,.F.);
#748 = FACE_BOUND('',#749,.F.);
#749 = EDGE_LOOP('',(#750,#760,#766,#767));
#750 = ORIENTED_EDGE('',*,*,#751,.F.);
#751 = EDGE_CURVE('',#752,#754,#756,.T.);
#752 = VERTEX_POINT('',#753);
#753 = CARTESIAN_POINT('',(0.3,-0.15,1.5E-02));
#754 = VERTEX_POINT('',#755);
#755 = CARTESIAN_POINT('',(0.3,-0.15,0.285));
#756 = LINE('',#757,#758);
#757 = CARTESIAN_POINT('',(0.3,-0.15,0.));
#758 = VECTOR('',#759,1.);
#759 = DIRECTION('',(0.,0.,1.));
#760 = ORIENTED_EDGE('',*,*,#761,.F.);
#761 = EDGE_CURVE('',#666,#752,#762,.T.);
#762 = LINE('',#763,#764);
#763 = CARTESIAN_POINT('',(0.15,-0.15,1.5E-02));
#764 = VECTOR('',#765,1.);
#765 = DIRECTION('',(1.,0.,0.));
#766 = ORIENTED_EDGE('',*,*,#665,.T.);
#767 = ORIENTED_EDGE('',*,*,#768,.T.);
#768 = EDGE_CURVE('',#668,#754,#769,.T.);
#769 = LINE('',#770,#771);
#770 = CARTESIAN_POINT('',(0.15,-0.15,0.285));
#771 = VECTOR('',#772,1.);
#772 = DIRECTION('',(1.,0.,0.));
#773 = PLANE('',#774);
#774 = AXIS2_PLACEMENT_3D('',#775,#776,#777);
#775 = CARTESIAN_POINT('',(0.15,-0.15,0.));
#776 = DIRECTION('',(0.,1.,0.));
#777 = DIRECTION('',(0.,-0.,1.));
#778 = ADVANCED_FACE('',(#779),#798,.T.);
#779 = FACE_BOUND('',#780,.T.);
#780 = EDGE_LOOP('',(#781,#782,#790,#797));
#781 = ORIENTED_EDGE('',*,*,#675,.T.);
#782 = ORIENTED_EDGE('',*,*,#783,.T.);
#783 = EDGE_CURVE('',#676,#784,#786,.T.);
#784 = VERTEX_POINT('',#785);
#785 = CARTESIAN_POINT('',(0.3,-0.135,-2.775557561563E-17));
#786 = LINE('',#787,#788);
#787 = CARTESIAN_POINT('',(0.15,-0.135,-2.775557561563E-17));
#788 = VECTOR('',#789,1.);
#789 = DIRECTION('',(1.,0.,0.));
#790 = ORIENTED_EDGE('',*,*,#791,.F.);
#791 = EDGE_CURVE('',#752,#784,#792,.T.);
#792 = CIRCLE('',#793,1.5E-02);
#793 = AXIS2_PLACEMENT_3D('',#794,#795,#796);
#794 = CARTESIAN_POINT('',(0.3,-0.135,1.5E-02));
#795 = DIRECTION('',(1.,0.,-0.));
#796 = DIRECTION('',(0.,0.,1.));
#797 = ORIENTED_EDGE('',*,*,#761,.F.);
#798 = CYLINDRICAL_SURFACE('',#799,1.5E-02);
#799 = AXIS2_PLACEMENT_3D('',#800,#801,#802);
#800 = CARTESIAN_POINT('',(0.15,-0.135,1.5E-02));
#801 = DIRECTION('',(1.,0.,0.));
#802 = DIRECTION('',(0.,-1.,0.));
#803 = ADVANCED_FACE('',(#804),#823,.T.);
#804 = FACE_BOUND('',#805,.T.);
#805 = EDGE_LOOP('',(#806,#807,#816,#822));
#806 = ORIENTED_EDGE('',*,*,#768,.T.);
#807 = ORIENTED_EDGE('',*,*,#808,.T.);
#808 = EDGE_CURVE('',#754,#809,#811,.T.);
#809 = VERTEX_POINT('',#810);
#810 = CARTESIAN_POINT('',(0.3,-0.135,0.3));
#811 = CIRCLE('',#812,1.5E-02);
#812 = AXIS2_PLACEMENT_3D('',#813,#814,#815);
#813 = CARTESIAN_POINT('',(0.3,-0.135,0.285));
#814 = DIRECTION('',(-1.,0.,0.));
#815 = DIRECTION('',(0.,0.,1.));
#816 = ORIENTED_EDGE('',*,*,#817,.F.);
#817 = EDGE_CURVE('',#719,#809,#818,.T.);
#818 = LINE('',#819,#820);
#819 = CARTESIAN_POINT('',(0.15,-0.135,0.3));
#820 = VECTOR('',#821,1.);
#821 = DIRECTION('',(1.,0.,0.));
#822 = ORIENTED_EDGE('',*,*,#726,.F.);
#823 = CYLINDRICAL_SURFACE('',#824,1.5E-02);
#824 = AXIS2_PLACEMENT_3D('',#825,#826,#827);
#825 = CARTESIAN_POINT('',(0.15,-0.135,0.285));
#826 = DIRECTION('',(1.,0.,0.));
#827 = DIRECTION('',(0.,-1.,0.));
#828 = ADVANCED_FACE('',(#829),#847,.F.);
#829 = FACE_BOUND('',#830,.F.);
#830 = EDGE_LOOP('',(#831,#832,#833,#841));
#831 = ORIENTED_EDGE('',*,*,#684,.F.);
#832 = ORIENTED_EDGE('',*,*,#783,.T.);
#833 = ORIENTED_EDGE('',*,*,#834,.T.);
#834 = EDGE_CURVE('',#784,#835,#837,.T.);
#835 = VERTEX_POINT('',#836);
#836 = CARTESIAN_POINT('',(0.3,0.135,-2.775557561563E-17));
#837 = LINE('',#838,#839);
#838 = CARTESIAN_POINT('',(0.3,-0.15,0.));
#839 = VECTOR('',#840,1.);
#840 = DIRECTION('',(0.,1.,0.));
#841 = ORIENTED_EDGE('',*,*,#842,.F.);
#842 = EDGE_CURVE('',#685,#835,#843,.T.);
#843 = LINE('',#844,#845);
#844 = CARTESIAN_POINT('',(0.15,0.135,-2.775557561563E-17));
#845 = VECTOR('',#846,1.);
#846 = DIRECTION('',(1.,0.,0.));
#847 = PLANE('',#848);
#848 = AXIS2_PLACEMENT_3D('',#849,#850,#851);
#849 = CARTESIAN_POINT('',(0.15,-0.15,0.));
#850 = DIRECTION('',(0.,0.,1.));
#851 = DIRECTION('',(1.,0.,-0.));
#852 = ADVANCED_FACE('',(#853),#871,.T.);
#853 = FACE_BOUND('',#854,.T.);
#854 = EDGE_LOOP('',(#855,#856,#857,#865));
#855 = ORIENTED_EDGE('',*,*,#718,.F.);
#856 = ORIENTED_EDGE('',*,*,#817,.T.);
#857 = ORIENTED_EDGE('',*,*,#858,.T.);
#858 = EDGE_CURVE('',#809,#859,#861,.T.);
#859 = VERTEX_POINT('',#860);
#860 = CARTESIAN_POINT('',(0.3,0.135,0.3));
#861 = LINE('',#862,#863);
#862 = CARTESIAN_POINT('',(0.3,-0.15,0.3));
#863 = VECTOR('',#864,1.);
#864 = DIRECTION('',(0.,1.,0.));
#865 = ORIENTED_EDGE('',*,*,#866,.F.);
#866 = EDGE_CURVE('',#710,#859,#867,.T.);
#867 = LINE('',#868,#869);
#868 = CARTESIAN_POINT('',(0.15,0.135,0.3));
#869 = VECTOR('',#870,1.);
#870 = DIRECTION('',(1.,0.,0.));
#871 = PLANE('',#872);
#872 = AXIS2_PLACEMENT_3D('',#873,#874,#875);
#873 = CARTESIAN_POINT('',(0.15,-0.15,0.3));
#874 = DIRECTION('',(0.,0.,1.));
#875 = DIRECTION('',(1.,0.,-0.));
#876 = ADVANCED_FACE('',(#877),#896,.T.);
#877 = FACE_BOUND('',#878,.T.);
#878 = EDGE_LOOP('',(#879,#887,#894,#895));
#879 = ORIENTED_EDGE('',*,*,#880,.T.);
#880 = EDGE_CURVE('',#693,#881,#883,.T.);
#881 = VERTEX_POINT('',#882);
#882 = CARTESIAN_POINT('',(0.3,0.15,1.5E-02));
#883 = LINE('',#884,#885);
#884 = CARTESIAN_POINT('',(0.15,0.15,1.5E-02));
#885 = VECTOR('',#886,1.);
#886 = DIRECTION('',(1.,0.,0.));
#887 = ORIENTED_EDGE('',*,*,#888,.T.);
#888 = EDGE_CURVE('',#881,#835,#889,.T.);
#889 = CIRCLE('',#890,1.5E-02);
#890 = AXIS2_PLACEMENT_3D('',#891,#892,#893);
#891 = CARTESIAN_POINT('',(0.3,0.135,1.5E-02));
#892 = DIRECTION('',(-1.,0.,0.));
#893 = DIRECTION('',(0.,0.,1.));
#894 = ORIENTED_EDGE('',*,*,#842,.F.);
#895 = ORIENTED_EDGE('',*,*,#692,.F.);
#896 = CYLINDRICAL_SURFACE('',#897,1.5E-02);
#897 = AXIS2_PLACEMENT_3D('',#898,#899,#900);
#898 = CARTESIAN_POINT('',(0.15,0.135,1.5E-02));
#899 = DIRECTION('',(1.,0.,0.));
#900 = DIRECTION('',(-0.,1.,0.));
#901 = ADVANCED_FACE('',(#902),#921,.T.);
#902 = FACE_BOUND('',#903,.T.);
#903 = EDGE_LOOP('',(#904,#905,#906,#915));
#904 = ORIENTED_EDGE('',*,*,#709,.T.);
#905 = ORIENTED_EDGE('',*,*,#866,.T.);
#906 = ORIENTED_EDGE('',*,*,#907,.F.);
#907 = EDGE_CURVE('',#908,#859,#910,.T.);
#908 = VERTEX_POINT('',#909);
#909 = CARTESIAN_POINT('',(0.3,0.15,0.285));
#910 = CIRCLE('',#911,1.5E-02);
#911 = AXIS2_PLACEMENT_3D('',#912,#913,#914);
#912 = CARTESIAN_POINT('',(0.3,0.135,0.285));
#913 = DIRECTION('',(1.,0.,-0.));
#914 = DIRECTION('',(0.,0.,1.));
#915 = ORIENTED_EDGE('',*,*,#916,.F.);
#916 = EDGE_CURVE('',#702,#908,#917,.T.);
#917 = LINE('',#918,#919);
#918 = CARTESIAN_POINT('',(0.15,0.15,0.285));
#919 = VECTOR('',#920,1.);
#920 = DIRECTION('',(1.,0.,0.));
#921 = CYLINDRICAL_SURFACE('',#922,1.5E-02);
#922 = AXIS2_PLACEMENT_3D('',#923,#924,#925);
#923 = CARTESIAN_POINT('',(0.15,0.135,0.285));
#924 = DIRECTION('',(1.,0.,0.));
#925 = DIRECTION('',(-0.,1.,0.));
#926 = ADVANCED_FACE('',(#927),#938,.T.);
#927 = FACE_BOUND('',#928,.T.);
#928 = EDGE_LOOP('',(#929,#935,#936,#937));
#929 = ORIENTED_EDGE('',*,*,#930,.F.);
#930 = EDGE_CURVE('',#881,#908,#931,.T.);
#931 = LINE('',#932,#933);
#932 = CARTESIAN_POINT('',(0.3,0.15,0.));
#933 = VECTOR('',#934,1.);
#934 = DIRECTION('',(0.,0.,1.));
#935 = ORIENTED_EDGE('',*,*,#880,.F.);
#936 = ORIENTED_EDGE('',*,*,#701,.T.);
#937 = ORIENTED_EDGE('',*,*,#916,.T.);
#938 = PLANE('',#939);
#939 = AXIS2_PLACEMENT_3D('',#940,#941,#942);
#940 = CARTESIAN_POINT('',(0.15,0.15,0.));
#941 = DIRECTION('',(0.,1.,0.));
#942 = DIRECTION('',(0.,-0.,1.));
#943 = ADVANCED_FACE('',(#944),#954,.T.);
#944 = FACE_BOUND('',#945,.T.);
#945 = EDGE_LOOP('',(#946,#947,#948,#949,#950,#951,#952,#953));
#946 = ORIENTED_EDGE('',*,*,#751,.F.);
#947 = ORIENTED_EDGE('',*,*,#791,.T.);
#948 = ORIENTED_EDGE('',*,*,#834,.T.);
#949 = ORIENTED_EDGE('',*,*,#888,.F.);
#950 = ORIENTED_EDGE('',*,*,#930,.T.);
#951 = ORIENTED_EDGE('',*,*,#907,.T.);
#952 = ORIENTED_EDGE('',*,*,#858,.F.);
#953 = ORIENTED_EDGE('',*,*,#808,.F.);
#954 = PLANE('',#955);
#955 = AXIS2_PLACEMENT_3D('',#956,#957,#958);
#956 = CARTESIAN_POINT('',(0.3,-0.15,0.));
#957 = DIRECTION('',(1.,0.,0.));
#958 = DIRECTION('',(0.,0.,1.));
#959 = ( GEOMETRIC_REPRESENTATION_CONTEXT(3) 
GLOBAL_UNCERTAINTY_ASSIGNED_CONTEXT((#963)) GLOBAL_UNIT_ASSIGNED_CONTEXT
((#960,#961,#962)) REPRESENTATION_CONTEXT('Context #1',
  '3D Context with UNIT and UNCERTAINTY') );
#960 = ( LENGTH_UNIT() NAMED_UNIT(*) SI_UNIT(.MILLI.,.METRE.) );
#961 = ( NAMED_UNIT(*) PLANE_ANGLE_UNIT() SI_UNIT($,.RADIAN.) );
#962 = ( NAMED_UNIT(*) SI_UNIT($,.STERADIAN.) SOLID_ANGLE_UNIT() );
#963 = UNCERTAINTY_MEASURE_WITH_UNIT(LENGTH_MEASURE(1.E-07),#960,
  'distance_accuracy_value','confusion accuracy');
#964 = CONTEXT_DEPENDENT_SHAPE_REPRESENTATION(#965,#967);
#965 = ( REPRESENTATION_RELATIONSHIP('','',#104,#10) 
REPRESENTATION_RELATIONSHIP_WITH_TRANSFORMATION(#966) 
SHAPE_REPRESENTATION_RELATIONSHIP() );
#966 = ITEM_DEFINED_TRANSFORMATION('','',#11,#15);
#967 = PRODUCT_DEFINITION_SHAPE('Placement','Placement of an item',#968
  );
#968 = NEXT_ASSEMBLY_USAGE_OCCURRENCE('1','C8','',#5,#99,$);
#969 = PRODUCT_RELATED_PRODUCT_CATEGORY('part',$,(#101));
#970 = CONTEXT_DEPENDENT_SHAPE_REPRESENTATION(#971,#973);
#971 = ( REPRESENTATION_RELATIONSHIP('','',#104,#10) 
REPRESENTATION_RELATIONSHIP_WITH_TRANSFORMATION(#972) 
SHAPE_REPRESENTATION_RELATIONSHIP() );
#972 = ITEM_DEFINED_TRANSFORMATION('','',#11,#19);
#973 = PRODUCT_DEFINITION_SHAPE('Placement','Placement of an item',#974
  );
#974 = NEXT_ASSEMBLY_USAGE_OCCURRENCE('2','C3','',#5,#99,$);
#975 = SHAPE_DEFINITION_REPRESENTATION(#976,#982);
#976 = PRODUCT_DEFINITION_SHAPE('','',#977);
#977 = PRODUCT_DEFINITION('design','',#978,#981);
#978 = PRODUCT_DEFINITION_FORMATION('','',#979);
#979 = PRODUCT('LED_WS2812B_PLCC4_5.0x5.0mm_P3.2mm',
  'LED_WS2812B_PLCC4_5.0x5.0mm_P3.2mm','',(#980));
#980 = PRODUCT_CONTEXT('',#2,'mechanical');
#981 = PRODUCT_DEFINITION_CONTEXT('part definition',#2,'design');
#982 = ADVANCED_BREP_SHAPE_REPRESENTATION('',(#11,#983),#3250);
#983 = MANIFOLD_SOLID_BREP('',#984);
#984 = CLOSED_SHELL('',(#985,#1044,#1069,#1102,#1127,#1152,#1177,#1194,
    #1219,#1250,#1290,#1421,#1545,#1562,#1571,#1582,#1750,#1781,#1812,
    #1843,#1928,#1952,#2030,#2061,#2146,#2170,#2248,#2279,#2310,#2341,
    #2426,#2450,#2528,#2559,#2644,#2668,#2746,#2763,#2780,#2797,#2814,
    #2831,#2848,#2865,#2887,#2899,#2911,#2928,#2940,#2957,#2979,#2991,
    #3008,#3020,#3032,#3049,#3066,#3083,#3105,#3117,#3134,#3146,#3158,
    #3175,#3197,#3209,#3226,#3238));
#985 = ADVANCED_FACE('',(#986,#997),#1039,.T.);
#986 = FACE_BOUND('',#987,.T.);
#987 = EDGE_LOOP('',(#988));
#988 = ORIENTED_EDGE('',*,*,#989,.T.);
#989 = EDGE_CURVE('',#990,#990,#992,.T.);
#990 = VERTEX_POINT('',#991);
#991 = CARTESIAN_POINT('',(-1.966666666667,2.408472038323E-16,1.6));
#992 = CIRCLE('',#993,1.966666666667);
#993 = AXIS2_PLACEMENT_3D('',#994,#995,#996);
#994 = CARTESIAN_POINT('',(0.,0.,1.6));
#995 = DIRECTION('',(0.,0.,-1.));
#996 = DIRECTION('',(-1.,1.224646799147E-16,0.));
#997 = FACE_BOUND('',#998,.T.);
#998 = EDGE_LOOP('',(#999,#1009,#1017,#1025,#1033));
#999 = ORIENTED_EDGE('',*,*,#1000,.T.);
#1000 = EDGE_CURVE('',#1001,#1003,#1005,.T.);
#1001 = VERTEX_POINT('',#1002);
#1002 = CARTESIAN_POINT('',(1.433400076889,-2.425,1.6));
#1003 = VERTEX_POINT('',#1004);
#1004 = CARTESIAN_POINT('',(2.425,-1.433400076889,1.6));
#1005 = LINE('',#1006,#1007);
#1006 = CARTESIAN_POINT('',(1.411433085478,-2.446966991411,1.6));
#1007 = VECTOR('',#1008,1.);
#1008 = DIRECTION('',(0.707106781187,0.707106781187,0.));
#1009 = ORIENTED_EDGE('',*,*,#1010,.T.);
#1010 = EDGE_CURVE('',#1003,#1011,#1013,.T.);
#1011 = VERTEX_POINT('',#1012);
#1012 = CARTESIAN_POINT('',(2.425,2.425,1.6));
#1013 = LINE('',#1014,#1015);
#1014 = CARTESIAN_POINT('',(2.425,-1.464466094067,1.6));
#1015 = VECTOR('',#1016,1.);
#1016 = DIRECTION('',(1.224646799147E-16,1.,0.));
#1017 = ORIENTED_EDGE('',*,*,#1018,.T.);
#1018 = EDGE_CURVE('',#1011,#1019,#1021,.T.);
#1019 = VERTEX_POINT('',#1020);
#1020 = CARTESIAN_POINT('',(-2.425,2.425,1.6));
#1021 = LINE('',#1022,#1023);
#1022 = CARTESIAN_POINT('',(2.5,2.425,1.6));
#1023 = VECTOR('',#1024,1.);
#1024 = DIRECTION('',(-1.,1.224646799147E-16,0.));
#1025 = ORIENTED_EDGE('',*,*,#1026,.T.);
#1026 = EDGE_CURVE('',#1019,#1027,#1029,.T.);
#1027 = VERTEX_POINT('',#1028);
#1028 = CARTESIAN_POINT('',(-2.425,-2.425,1.6));
#1029 = LINE('',#1030,#1031);
#1030 = CARTESIAN_POINT('',(-2.425,2.5,1.6));
#1031 = VECTOR('',#1032,1.);
#1032 = DIRECTION('',(-1.224646799147E-16,-1.,0.));
#1033 = ORIENTED_EDGE('',*,*,#1034,.T.);
#1034 = EDGE_CURVE('',#1027,#1001,#1035,.T.);
#1035 = LINE('',#1036,#1037);
#1036 = CARTESIAN_POINT('',(-2.5,-2.425,1.6));
#1037 = VECTOR('',#1038,1.);
#1038 = DIRECTION('',(1.,-1.224646799147E-16,0.));
#1039 = PLANE('',#1040);
#1040 = AXIS2_PLACEMENT_3D('',#1041,#1042,#1043);
#1041 = CARTESIAN_POINT('',(0.,0.,1.6));
#1042 = DIRECTION('',(0.,0.,1.));
#1043 = DIRECTION('',(-1.,1.224646799147E-16,0.));
#1044 = ADVANCED_FACE('',(#1045),#1064,.F.);
#1045 = FACE_BOUND('',#1046,.F.);
#1046 = EDGE_LOOP('',(#1047,#1055,#1056,#1057));
#1047 = ORIENTED_EDGE('',*,*,#1048,.F.);
#1048 = EDGE_CURVE('',#990,#1049,#1051,.T.);
#1049 = VERTEX_POINT('',#1050);
#1050 = CARTESIAN_POINT('',(-1.666666666667,2.041077998579E-16,1.3));
#1051 = LINE('',#1052,#1053);
#1052 = CARTESIAN_POINT('',(-1.666666666667,2.041077998579E-16,1.3));
#1053 = VECTOR('',#1054,1.);
#1054 = DIRECTION('',(0.707106781187,-8.659560562349E-17,-0.707106781187
    ));
#1055 = ORIENTED_EDGE('',*,*,#989,.T.);
#1056 = ORIENTED_EDGE('',*,*,#1048,.T.);
#1057 = ORIENTED_EDGE('',*,*,#1058,.F.);
#1058 = EDGE_CURVE('',#1049,#1049,#1059,.T.);
#1059 = CIRCLE('',#1060,1.666666666667);
#1060 = AXIS2_PLACEMENT_3D('',#1061,#1062,#1063);
#1061 = CARTESIAN_POINT('',(0.,0.,1.3));
#1062 = DIRECTION('',(0.,0.,-1.));
#1063 = DIRECTION('',(-1.,1.224646799147E-16,0.));
#1064 = CONICAL_SURFACE('',#1065,1.666666666667,0.785398163397);
#1065 = AXIS2_PLACEMENT_3D('',#1066,#1067,#1068);
#1066 = CARTESIAN_POINT('',(0.,0.,1.3));
#1067 = DIRECTION('',(0.,0.,1.));
#1068 = DIRECTION('',(-1.,1.224646799147E-16,0.));
#1069 = ADVANCED_FACE('',(#1070),#1097,.T.);
#1070 = FACE_BOUND('',#1071,.T.);
#1071 = EDGE_LOOP('',(#1072,#1081,#1089,#1096));
#1072 = ORIENTED_EDGE('',*,*,#1073,.T.);
#1073 = EDGE_CURVE('',#1001,#1074,#1076,.T.);
#1074 = VERTEX_POINT('',#1075);
#1075 = CARTESIAN_POINT('',(1.464466094067,-2.5,1.525));
#1076 = ELLIPSE('',#1077,8.117941502193E-02,7.5E-02);
#1077 = AXIS2_PLACEMENT_3D('',#1078,#1079,#1080);
#1078 = CARTESIAN_POINT('',(1.433400076889,-2.425,1.525));
#1079 = DIRECTION('',(0.923879532511,0.382683432365,-0.));
#1080 = DIRECTION('',(-0.382683432365,0.923879532511,0.));
#1081 = ORIENTED_EDGE('',*,*,#1082,.T.);
#1082 = EDGE_CURVE('',#1074,#1083,#1085,.T.);
#1083 = VERTEX_POINT('',#1084);
#1084 = CARTESIAN_POINT('',(2.5,-1.464466094067,1.525));
#1085 = LINE('',#1086,#1087);
#1086 = CARTESIAN_POINT('',(1.464466094067,-2.5,1.525));
#1087 = VECTOR('',#1088,1.);
#1088 = DIRECTION('',(0.707106781187,0.707106781187,0.));
#1089 = ORIENTED_EDGE('',*,*,#1090,.F.);
#1090 = EDGE_CURVE('',#1003,#1083,#1091,.T.);
#1091 = ELLIPSE('',#1092,8.117941502193E-02,7.5E-02);
#1092 = AXIS2_PLACEMENT_3D('',#1093,#1094,#1095);
#1093 = CARTESIAN_POINT('',(2.425,-1.433400076889,1.525));
#1094 = DIRECTION('',(0.382683432365,0.923879532511,0.));
#1095 = DIRECTION('',(0.923879532511,-0.382683432365,0.));
#1096 = ORIENTED_EDGE('',*,*,#1000,.F.);
#1097 = CYLINDRICAL_SURFACE('',#1098,7.5E-02);
#1098 = AXIS2_PLACEMENT_3D('',#1099,#1100,#1101);
#1099 = CARTESIAN_POINT('',(1.411433085478,-2.446966991411,1.525));
#1100 = DIRECTION('',(0.707106781187,0.707106781187,0.));
#1101 = DIRECTION('',(0.,-0.,1.));
#1102 = ADVANCED_FACE('',(#1103),#1122,.T.);
#1103 = FACE_BOUND('',#1104,.T.);
#1104 = EDGE_LOOP('',(#1105,#1114,#1120,#1121));
#1105 = ORIENTED_EDGE('',*,*,#1106,.F.);
#1106 = EDGE_CURVE('',#1107,#1027,#1109,.T.);
#1107 = VERTEX_POINT('',#1108);
#1108 = CARTESIAN_POINT('',(-2.5,-2.5,1.525));
#1109 = ELLIPSE('',#1110,0.106066017178,7.5E-02);
#1110 = AXIS2_PLACEMENT_3D('',#1111,#1112,#1113);
#1111 = CARTESIAN_POINT('',(-2.425,-2.425,1.525));
#1112 = DIRECTION('',(-0.707106781187,0.707106781187,0.));
#1113 = DIRECTION('',(-0.707106781187,-0.707106781187,0.));
#1114 = ORIENTED_EDGE('',*,*,#1115,.T.);
#1115 = EDGE_CURVE('',#1107,#1074,#1116,.T.);
#1116 = LINE('',#1117,#1118);
#1117 = CARTESIAN_POINT('',(-2.5,-2.5,1.525));
#1118 = VECTOR('',#1119,1.);
#1119 = DIRECTION('',(1.,-1.224646799147E-16,0.));
#1120 = ORIENTED_EDGE('',*,*,#1073,.F.);
#1121 = ORIENTED_EDGE('',*,*,#1034,.F.);
#1122 = CYLINDRICAL_SURFACE('',#1123,7.5E-02);
#1123 = AXIS2_PLACEMENT_3D('',#1124,#1125,#1126);
#1124 = CARTESIAN_POINT('',(-2.5,-2.425,1.525));
#1125 = DIRECTION('',(1.,-1.224646799147E-16,0.));
#1126 = DIRECTION('',(0.,0.,1.));
#1127 = ADVANCED_FACE('',(#1128),#1147,.T.);
#1128 = FACE_BOUND('',#1129,.T.);
#1129 = EDGE_LOOP('',(#1130,#1138,#1145,#1146));
#1130 = ORIENTED_EDGE('',*,*,#1131,.T.);
#1131 = EDGE_CURVE('',#1083,#1132,#1134,.T.);
#1132 = VERTEX_POINT('',#1133);
#1133 = CARTESIAN_POINT('',(2.5,2.5,1.525));
#1134 = LINE('',#1135,#1136);
#1135 = CARTESIAN_POINT('',(2.5,-1.464466094067,1.525));
#1136 = VECTOR('',#1137,1.);
#1137 = DIRECTION('',(1.224646799147E-16,1.,0.));
#1138 = ORIENTED_EDGE('',*,*,#1139,.T.);
#1139 = EDGE_CURVE('',#1132,#1011,#1140,.T.);
#1140 = ELLIPSE('',#1141,0.106066017178,7.5E-02);
#1141 = AXIS2_PLACEMENT_3D('',#1142,#1143,#1144);
#1142 = CARTESIAN_POINT('',(2.425,2.425,1.525));
#1143 = DIRECTION('',(0.707106781187,-0.707106781187,-0.));
#1144 = DIRECTION('',(-0.707106781187,-0.707106781187,0.));
#1145 = ORIENTED_EDGE('',*,*,#1010,.F.);
#1146 = ORIENTED_EDGE('',*,*,#1090,.T.);
#1147 = CYLINDRICAL_SURFACE('',#1148,7.5E-02);
#1148 = AXIS2_PLACEMENT_3D('',#1149,#1150,#1151);
#1149 = CARTESIAN_POINT('',(2.425,-1.464466094067,1.525));
#1150 = DIRECTION('',(1.224646799147E-16,1.,0.));
#1151 = DIRECTION('',(1.,-1.224646799147E-16,0.));
#1152 = ADVANCED_FACE('',(#1153),#1172,.T.);
#1153 = FACE_BOUND('',#1154,.T.);
#1154 = EDGE_LOOP('',(#1155,#1163,#1164,#1165));
#1155 = ORIENTED_EDGE('',*,*,#1156,.T.);
#1156 = EDGE_CURVE('',#1157,#1107,#1159,.T.);
#1157 = VERTEX_POINT('',#1158);
#1158 = CARTESIAN_POINT('',(-2.5,2.5,1.525));
#1159 = LINE('',#1160,#1161);
#1160 = CARTESIAN_POINT('',(-2.5,2.5,1.525));
#1161 = VECTOR('',#1162,1.);
#1162 = DIRECTION('',(-1.224646799147E-16,-1.,0.));
#1163 = ORIENTED_EDGE('',*,*,#1106,.T.);
#1164 = ORIENTED_EDGE('',*,*,#1026,.F.);
#1165 = ORIENTED_EDGE('',*,*,#1166,.F.);
#1166 = EDGE_CURVE('',#1157,#1019,#1167,.T.);
#1167 = ELLIPSE('',#1168,0.106066017178,7.5E-02);
#1168 = AXIS2_PLACEMENT_3D('',#1169,#1170,#1171);
#1169 = CARTESIAN_POINT('',(-2.425,2.425,1.525));
#1170 = DIRECTION('',(0.707106781187,0.707106781187,-0.));
#1171 = DIRECTION('',(-0.707106781187,0.707106781187,0.));
#1172 = CYLINDRICAL_SURFACE('',#1173,7.5E-02);
#1173 = AXIS2_PLACEMENT_3D('',#1174,#1175,#1176);
#1174 = CARTESIAN_POINT('',(-2.425,2.5,1.525));
#1175 = DIRECTION('',(-1.224646799147E-16,-1.,0.));
#1176 = DIRECTION('',(-1.,1.224646799147E-16,0.));
#1177 = ADVANCED_FACE('',(#1178),#1189,.T.);
#1178 = FACE_BOUND('',#1179,.T.);
#1179 = EDGE_LOOP('',(#1180,#1186,#1187,#1188));
#1180 = ORIENTED_EDGE('',*,*,#1181,.T.);
#1181 = EDGE_CURVE('',#1132,#1157,#1182,.T.);
#1182 = LINE('',#1183,#1184);
#1183 = CARTESIAN_POINT('',(2.5,2.5,1.525));
#1184 = VECTOR('',#1185,1.);
#1185 = DIRECTION('',(-1.,1.224646799147E-16,0.));
#1186 = ORIENTED_EDGE('',*,*,#1166,.T.);
#1187 = ORIENTED_EDGE('',*,*,#1018,.F.);
#1188 = ORIENTED_EDGE('',*,*,#1139,.F.);
#1189 = CYLINDRICAL_SURFACE('',#1190,7.5E-02);
#1190 = AXIS2_PLACEMENT_3D('',#1191,#1192,#1193);
#1191 = CARTESIAN_POINT('',(2.5,2.425,1.525));
#1192 = DIRECTION('',(-1.,1.224646799147E-16,0.));
#1193 = DIRECTION('',(1.224646799147E-16,1.,0.));
#1194 = ADVANCED_FACE('',(#1195),#1214,.F.);
#1195 = FACE_BOUND('',#1196,.F.);
#1196 = EDGE_LOOP('',(#1197,#1205,#1206,#1207));
#1197 = ORIENTED_EDGE('',*,*,#1198,.T.);
#1198 = EDGE_CURVE('',#1199,#1049,#1201,.T.);
#1199 = VERTEX_POINT('',#1200);
#1200 = CARTESIAN_POINT('',(-1.666666666667,2.041077998579E-16,1.225));
#1201 = LINE('',#1202,#1203);
#1202 = CARTESIAN_POINT('',(-1.666666666667,2.041077998579E-16,0.85));
#1203 = VECTOR('',#1204,1.);
#1204 = DIRECTION('',(0.,0.,1.));
#1205 = ORIENTED_EDGE('',*,*,#1058,.T.);
#1206 = ORIENTED_EDGE('',*,*,#1198,.F.);
#1207 = ORIENTED_EDGE('',*,*,#1208,.T.);
#1208 = EDGE_CURVE('',#1199,#1199,#1209,.T.);
#1209 = CIRCLE('',#1210,1.666666666667);
#1210 = AXIS2_PLACEMENT_3D('',#1211,#1212,#1213);
#1211 = CARTESIAN_POINT('',(0.,0.,1.225));
#1212 = DIRECTION('',(0.,0.,1.));
#1213 = DIRECTION('',(-1.,1.224646799147E-16,0.));
#1214 = CYLINDRICAL_SURFACE('',#1215,1.666666666667);
#1215 = AXIS2_PLACEMENT_3D('',#1216,#1217,#1218);
#1216 = CARTESIAN_POINT('',(0.,0.,0.85));
#1217 = DIRECTION('',(0.,0.,-1.));
#1218 = DIRECTION('',(-1.,1.224646799147E-16,0.));
#1219 = ADVANCED_FACE('',(#1220),#1245,.T.);
#1220 = FACE_BOUND('',#1221,.T.);
#1221 = EDGE_LOOP('',(#1222,#1230,#1238,#1244));
#1222 = ORIENTED_EDGE('',*,*,#1223,.T.);
#1223 = EDGE_CURVE('',#1074,#1224,#1226,.T.);
#1224 = VERTEX_POINT('',#1225);
#1225 = CARTESIAN_POINT('',(1.464466094067,-2.5,1.3));
#1226 = LINE('',#1227,#1228);
#1227 = CARTESIAN_POINT('',(1.464466094067,-2.5,0.7));
#1228 = VECTOR('',#1229,1.);
#1229 = DIRECTION('',(0.,0.,-1.));
#1230 = ORIENTED_EDGE('',*,*,#1231,.F.);
#1231 = EDGE_CURVE('',#1232,#1224,#1234,.T.);
#1232 = VERTEX_POINT('',#1233);
#1233 = CARTESIAN_POINT('',(2.5,-1.464466094067,1.3));
#1234 = LINE('',#1235,#1236);
#1235 = CARTESIAN_POINT('',(3.75,-0.214466094067,1.3));
#1236 = VECTOR('',#1237,1.);
#1237 = DIRECTION('',(-0.707106781187,-0.707106781187,0.));
#1238 = ORIENTED_EDGE('',*,*,#1239,.T.);
#1239 = EDGE_CURVE('',#1232,#1083,#1240,.T.);
#1240 = LINE('',#1241,#1242);
#1241 = CARTESIAN_POINT('',(2.5,-1.464466094067,0.7));
#1242 = VECTOR('',#1243,1.);
#1243 = DIRECTION('',(0.,0.,1.));
#1244 = ORIENTED_EDGE('',*,*,#1082,.F.);
#1245 = PLANE('',#1246);
#1246 = AXIS2_PLACEMENT_3D('',#1247,#1248,#1249);
#1247 = CARTESIAN_POINT('',(3.75,-0.214466094067,1.3));
#1248 = DIRECTION('',(0.707106781187,-0.707106781187,0.));
#1249 = DIRECTION('',(-0.707106781187,-0.707106781187,0.));
#1250 = ADVANCED_FACE('',(#1251),#1285,.F.);
#1251 = FACE_BOUND('',#1252,.F.);
#1252 = EDGE_LOOP('',(#1253,#1254,#1262,#1270,#1278,#1284));
#1253 = ORIENTED_EDGE('',*,*,#1223,.T.);
#1254 = ORIENTED_EDGE('',*,*,#1255,.T.);
#1255 = EDGE_CURVE('',#1224,#1256,#1258,.T.);
#1256 = VERTEX_POINT('',#1257);
#1257 = CARTESIAN_POINT('',(2.5,-2.5,1.3));
#1258 = LINE('',#1259,#1260);
#1259 = CARTESIAN_POINT('',(0.625,-2.5,1.3));
#1260 = VECTOR('',#1261,1.);
#1261 = DIRECTION('',(1.,-1.224646799147E-16,0.));
#1262 = ORIENTED_EDGE('',*,*,#1263,.F.);
#1263 = EDGE_CURVE('',#1264,#1256,#1266,.T.);
#1264 = VERTEX_POINT('',#1265);
#1265 = CARTESIAN_POINT('',(2.5,-2.5,0.1));
#1266 = LINE('',#1267,#1268);
#1267 = CARTESIAN_POINT('',(2.5,-2.5,0.1));
#1268 = VECTOR('',#1269,1.);
#1269 = DIRECTION('',(0.,0.,1.));
#1270 = ORIENTED_EDGE('',*,*,#1271,.F.);
#1271 = EDGE_CURVE('',#1272,#1264,#1274,.T.);
#1272 = VERTEX_POINT('',#1273);
#1273 = CARTESIAN_POINT('',(-2.5,-2.5,0.1));
#1274 = LINE('',#1275,#1276);
#1275 = CARTESIAN_POINT('',(-2.5,-2.5,0.1));
#1276 = VECTOR('',#1277,1.);
#1277 = DIRECTION('',(1.,-1.224646799147E-16,0.));
#1278 = ORIENTED_EDGE('',*,*,#1279,.T.);
#1279 = EDGE_CURVE('',#1272,#1107,#1280,.T.);
#1280 = LINE('',#1281,#1282);
#1281 = CARTESIAN_POINT('',(-2.5,-2.5,0.1));
#1282 = VECTOR('',#1283,1.);
#1283 = DIRECTION('',(0.,0.,1.));
#1284 = ORIENTED_EDGE('',*,*,#1115,.T.);
#1285 = PLANE('',#1286);
#1286 = AXIS2_PLACEMENT_3D('',#1287,#1288,#1289);
#1287 = CARTESIAN_POINT('',(-2.5,-2.5,0.1));
#1288 = DIRECTION('',(1.224646799147E-16,1.,0.));
#1289 = DIRECTION('',(1.,-1.224646799147E-16,0.));
#1290 = ADVANCED_FACE('',(#1291,#1348,#1382),#1416,.F.);
#1291 = FACE_BOUND('',#1292,.F.);
#1292 = EDGE_LOOP('',(#1293,#1301,#1309,#1317,#1325,#1333,#1339,#1340,
    #1346,#1347));
#1293 = ORIENTED_EDGE('',*,*,#1294,.F.);
#1294 = EDGE_CURVE('',#1295,#1132,#1297,.T.);
#1295 = VERTEX_POINT('',#1296);
#1296 = CARTESIAN_POINT('',(2.5,2.5,0.1));
#1297 = LINE('',#1298,#1299);
#1298 = CARTESIAN_POINT('',(2.5,2.5,0.1));
#1299 = VECTOR('',#1300,1.);
#1300 = DIRECTION('',(0.,0.,1.));
#1301 = ORIENTED_EDGE('',*,*,#1302,.F.);
#1302 = EDGE_CURVE('',#1303,#1295,#1305,.T.);
#1303 = VERTEX_POINT('',#1304);
#1304 = CARTESIAN_POINT('',(2.5,2.1,0.1));
#1305 = LINE('',#1306,#1307);
#1306 = CARTESIAN_POINT('',(2.5,-2.5,0.1));
#1307 = VECTOR('',#1308,1.);
#1308 = DIRECTION('',(1.224646799147E-16,1.,0.));
#1309 = ORIENTED_EDGE('',*,*,#1310,.F.);
#1310 = EDGE_CURVE('',#1311,#1303,#1313,.T.);
#1311 = VERTEX_POINT('',#1312);
#1312 = CARTESIAN_POINT('',(2.5,1.2,0.1));
#1313 = LINE('',#1314,#1315);
#1314 = CARTESIAN_POINT('',(2.5,-2.5,0.1));
#1315 = VECTOR('',#1316,1.);
#1316 = DIRECTION('',(1.224646799147E-16,1.,0.));
#1317 = ORIENTED_EDGE('',*,*,#1318,.F.);
#1318 = EDGE_CURVE('',#1319,#1311,#1321,.T.);
#1319 = VERTEX_POINT('',#1320);
#1320 = CARTESIAN_POINT('',(2.5,-1.2,0.1));
#1321 = LINE('',#1322,#1323);
#1322 = CARTESIAN_POINT('',(2.5,-2.5,0.1));
#1323 = VECTOR('',#1324,1.);
#1324 = DIRECTION('',(1.224646799147E-16,1.,0.));
#1325 = ORIENTED_EDGE('',*,*,#1326,.F.);
#1326 = EDGE_CURVE('',#1327,#1319,#1329,.T.);
#1327 = VERTEX_POINT('',#1328);
#1328 = CARTESIAN_POINT('',(2.5,-2.1,0.1));
#1329 = LINE('',#1330,#1331);
#1330 = CARTESIAN_POINT('',(2.5,-2.5,0.1));
#1331 = VECTOR('',#1332,1.);
#1332 = DIRECTION('',(1.224646799147E-16,1.,0.));
#1333 = ORIENTED_EDGE('',*,*,#1334,.F.);
#1334 = EDGE_CURVE('',#1264,#1327,#1335,.T.);
#1335 = LINE('',#1336,#1337);
#1336 = CARTESIAN_POINT('',(2.5,-2.5,0.1));
#1337 = VECTOR('',#1338,1.);
#1338 = DIRECTION('',(1.224646799147E-16,1.,0.));
#1339 = ORIENTED_EDGE('',*,*,#1263,.T.);
#1340 = ORIENTED_EDGE('',*,*,#1341,.T.);
#1341 = EDGE_CURVE('',#1256,#1232,#1342,.T.);
#1342 = LINE('',#1343,#1344);
#1343 = CARTESIAN_POINT('',(2.5,-3.125,1.3));
#1344 = VECTOR('',#1345,1.);
#1345 = DIRECTION('',(1.224646799147E-16,1.,0.));
#1346 = ORIENTED_EDGE('',*,*,#1239,.T.);
#1347 = ORIENTED_EDGE('',*,*,#1131,.T.);
#1348 = FACE_BOUND('',#1349,.F.);
#1349 = EDGE_LOOP('',(#1350,#1360,#1368,#1376));
#1350 = ORIENTED_EDGE('',*,*,#1351,.T.);
#1351 = EDGE_CURVE('',#1352,#1354,#1356,.T.);
#1352 = VERTEX_POINT('',#1353);
#1353 = CARTESIAN_POINT('',(2.5,1.2,0.9));
#1354 = VERTEX_POINT('',#1355);
#1355 = CARTESIAN_POINT('',(2.5,2.1,0.9));
#1356 = LINE('',#1357,#1358);
#1357 = CARTESIAN_POINT('',(2.5,-0.425,0.9));
#1358 = VECTOR('',#1359,1.);
#1359 = DIRECTION('',(1.224646799147E-16,1.,-1.556307025767E-32));
#1360 = ORIENTED_EDGE('',*,*,#1361,.T.);
#1361 = EDGE_CURVE('',#1354,#1362,#1364,.T.);
#1362 = VERTEX_POINT('',#1363);
#1363 = CARTESIAN_POINT('',(2.5,2.1,1.));
#1364 = LINE('',#1365,#1366);
#1365 = CARTESIAN_POINT('',(2.5,2.1,5.E-02));
#1366 = VECTOR('',#1367,1.);
#1367 = DIRECTION('',(0.,0.,1.));
#1368 = ORIENTED_EDGE('',*,*,#1369,.F.);
#1369 = EDGE_CURVE('',#1370,#1362,#1372,.T.);
#1370 = VERTEX_POINT('',#1371);
#1371 = CARTESIAN_POINT('',(2.5,1.2,1.));
#1372 = LINE('',#1373,#1374);
#1373 = CARTESIAN_POINT('',(2.5,-0.425,1.));
#1374 = VECTOR('',#1375,1.);
#1375 = DIRECTION('',(1.224646799147E-16,1.,0.));
#1376 = ORIENTED_EDGE('',*,*,#1377,.T.);
#1377 = EDGE_CURVE('',#1370,#1352,#1378,.T.);
#1378 = LINE('',#1379,#1380);
#1379 = CARTESIAN_POINT('',(2.5,1.2,5.E-02));
#1380 = VECTOR('',#1381,1.);
#1381 = DIRECTION('',(-0.,0.,-1.));
#1382 = FACE_BOUND('',#1383,.F.);
#1383 = EDGE_LOOP('',(#1384,#1394,#1402,#1410));
#1384 = ORIENTED_EDGE('',*,*,#1385,.F.);
#1385 = EDGE_CURVE('',#1386,#1388,#1390,.T.);
#1386 = VERTEX_POINT('',#1387);
#1387 = CARTESIAN_POINT('',(2.5,-2.1,1.));
#1388 = VERTEX_POINT('',#1389);
#1389 = CARTESIAN_POINT('',(2.5,-1.2,1.));
#1390 = LINE('',#1391,#1392);
#1391 = CARTESIAN_POINT('',(2.5,-2.075,1.));
#1392 = VECTOR('',#1393,1.);
#1393 = DIRECTION('',(1.224646799147E-16,1.,0.));
#1394 = ORIENTED_EDGE('',*,*,#1395,.T.);
#1395 = EDGE_CURVE('',#1386,#1396,#1398,.T.);
#1396 = VERTEX_POINT('',#1397);
#1397 = CARTESIAN_POINT('',(2.5,-2.1,0.9));
#1398 = LINE('',#1399,#1400);
#1399 = CARTESIAN_POINT('',(2.5,-2.1,5.E-02));
#1400 = VECTOR('',#1401,1.);
#1401 = DIRECTION('',(-0.,0.,-1.));
#1402 = ORIENTED_EDGE('',*,*,#1403,.T.);
#1403 = EDGE_CURVE('',#1396,#1404,#1406,.T.);
#1404 = VERTEX_POINT('',#1405);
#1405 = CARTESIAN_POINT('',(2.5,-1.2,0.9));
#1406 = LINE('',#1407,#1408);
#1407 = CARTESIAN_POINT('',(2.5,-2.075,0.9));
#1408 = VECTOR('',#1409,1.);
#1409 = DIRECTION('',(1.224646799147E-16,1.,-3.890767564419E-33));
#1410 = ORIENTED_EDGE('',*,*,#1411,.T.);
#1411 = EDGE_CURVE('',#1404,#1388,#1412,.T.);
#1412 = LINE('',#1413,#1414);
#1413 = CARTESIAN_POINT('',(2.5,-1.2,5.E-02));
#1414 = VECTOR('',#1415,1.);
#1415 = DIRECTION('',(0.,0.,1.));
#1416 = PLANE('',#1417);
#1417 = AXIS2_PLACEMENT_3D('',#1418,#1419,#1420);
#1418 = CARTESIAN_POINT('',(2.5,-2.5,0.1));
#1419 = DIRECTION('',(-1.,1.224646799147E-16,0.));
#1420 = DIRECTION('',(1.224646799147E-16,1.,0.));
#1421 = ADVANCED_FACE('',(#1422,#1472,#1506),#1540,.F.);
#1422 = FACE_BOUND('',#1423,.F.);
#1423 = EDGE_LOOP('',(#1424,#1432,#1433,#1434,#1442,#1450,#1458,#1466));
#1424 = ORIENTED_EDGE('',*,*,#1425,.T.);
#1425 = EDGE_CURVE('',#1426,#1157,#1428,.T.);
#1426 = VERTEX_POINT('',#1427);
#1427 = CARTESIAN_POINT('',(-2.5,2.5,0.1));
#1428 = LINE('',#1429,#1430);
#1429 = CARTESIAN_POINT('',(-2.5,2.5,0.1));
#1430 = VECTOR('',#1431,1.);
#1431 = DIRECTION('',(0.,0.,1.));
#1432 = ORIENTED_EDGE('',*,*,#1156,.T.);
#1433 = ORIENTED_EDGE('',*,*,#1279,.F.);
#1434 = ORIENTED_EDGE('',*,*,#1435,.F.);
#1435 = EDGE_CURVE('',#1436,#1272,#1438,.T.);
#1436 = VERTEX_POINT('',#1437);
#1437 = CARTESIAN_POINT('',(-2.5,-2.1,0.1));
#1438 = LINE('',#1439,#1440);
#1439 = CARTESIAN_POINT('',(-2.5,2.5,0.1));
#1440 = VECTOR('',#1441,1.);
#1441 = DIRECTION('',(-1.224646799147E-16,-1.,0.));
#1442 = ORIENTED_EDGE('',*,*,#1443,.F.);
#1443 = EDGE_CURVE('',#1444,#1436,#1446,.T.);
#1444 = VERTEX_POINT('',#1445);
#1445 = CARTESIAN_POINT('',(-2.5,-1.2,0.1));
#1446 = LINE('',#1447,#1448);
#1447 = CARTESIAN_POINT('',(-2.5,2.5,0.1));
#1448 = VECTOR('',#1449,1.);
#1449 = DIRECTION('',(-1.224646799147E-16,-1.,0.));
#1450 = ORIENTED_EDGE('',*,*,#1451,.F.);
#1451 = EDGE_CURVE('',#1452,#1444,#1454,.T.);
#1452 = VERTEX_POINT('',#1453);
#1453 = CARTESIAN_POINT('',(-2.5,1.2,0.1));
#1454 = LINE('',#1455,#1456);
#1455 = CARTESIAN_POINT('',(-2.5,2.5,0.1));
#1456 = VECTOR('',#1457,1.);
#1457 = DIRECTION('',(-1.224646799147E-16,-1.,0.));
#1458 = ORIENTED_EDGE('',*,*,#1459,.F.);
#1459 = EDGE_CURVE('',#1460,#1452,#1462,.T.);
#1460 = VERTEX_POINT('',#1461);
#1461 = CARTESIAN_POINT('',(-2.5,2.1,0.1));
#1462 = LINE('',#1463,#1464);
#1463 = CARTESIAN_POINT('',(-2.5,2.5,0.1));
#1464 = VECTOR('',#1465,1.);
#1465 = DIRECTION('',(-1.224646799147E-16,-1.,0.));
#1466 = ORIENTED_EDGE('',*,*,#1467,.F.);
#1467 = EDGE_CURVE('',#1426,#1460,#1468,.T.);
#1468 = LINE('',#1469,#1470);
#1469 = CARTESIAN_POINT('',(-2.5,2.5,0.1));
#1470 = VECTOR('',#1471,1.);
#1471 = DIRECTION('',(-1.224646799147E-16,-1.,0.));
#1472 = FACE_BOUND('',#1473,.F.);
#1473 = EDGE_LOOP('',(#1474,#1484,#1492,#1500));
#1474 = ORIENTED_EDGE('',*,*,#1475,.F.);
#1475 = EDGE_CURVE('',#1476,#1478,#1480,.T.);
#1476 = VERTEX_POINT('',#1477);
#1477 = CARTESIAN_POINT('',(-2.5,-1.2,1.));
#1478 = VERTEX_POINT('',#1479);
#1479 = CARTESIAN_POINT('',(-2.5,-2.1,1.));
#1480 = LINE('',#1481,#1482);
#1481 = CARTESIAN_POINT('',(-2.5,0.425,1.));
#1482 = VECTOR('',#1483,1.);
#1483 = DIRECTION('',(-1.224646799147E-16,-1.,0.));
#1484 = ORIENTED_EDGE('',*,*,#1485,.T.);
#1485 = EDGE_CURVE('',#1476,#1486,#1488,.T.);
#1486 = VERTEX_POINT('',#1487);
#1487 = CARTESIAN_POINT('',(-2.5,-1.2,0.9));
#1488 = LINE('',#1489,#1490);
#1489 = CARTESIAN_POINT('',(-2.5,-1.2,5.E-02));
#1490 = VECTOR('',#1491,1.);
#1491 = DIRECTION('',(-0.,0.,-1.));
#1492 = ORIENTED_EDGE('',*,*,#1493,.T.);
#1493 = EDGE_CURVE('',#1486,#1494,#1496,.T.);
#1494 = VERTEX_POINT('',#1495);
#1495 = CARTESIAN_POINT('',(-2.5,-2.1,0.9));
#1496 = LINE('',#1497,#1498);
#1497 = CARTESIAN_POINT('',(-2.5,0.425,0.9));
#1498 = VECTOR('',#1499,1.);
#1499 = DIRECTION('',(-1.224646799147E-16,-1.,3.890767564419E-33));
#1500 = ORIENTED_EDGE('',*,*,#1501,.T.);
#1501 = EDGE_CURVE('',#1494,#1478,#1502,.T.);
#1502 = LINE('',#1503,#1504);
#1503 = CARTESIAN_POINT('',(-2.5,-2.1,5.E-02));
#1504 = VECTOR('',#1505,1.);
#1505 = DIRECTION('',(0.,0.,1.));
#1506 = FACE_BOUND('',#1507,.F.);
#1507 = EDGE_LOOP('',(#1508,#1518,#1526,#1534));
#1508 = ORIENTED_EDGE('',*,*,#1509,.F.);
#1509 = EDGE_CURVE('',#1510,#1512,#1514,.T.);
#1510 = VERTEX_POINT('',#1511);
#1511 = CARTESIAN_POINT('',(-2.5,2.1,1.));
#1512 = VERTEX_POINT('',#1513);
#1513 = CARTESIAN_POINT('',(-2.5,1.2,1.));
#1514 = LINE('',#1515,#1516);
#1515 = CARTESIAN_POINT('',(-2.5,2.075,1.));
#1516 = VECTOR('',#1517,1.);
#1517 = DIRECTION('',(-1.224646799147E-16,-1.,0.));
#1518 = ORIENTED_EDGE('',*,*,#1519,.T.);
#1519 = EDGE_CURVE('',#1510,#1520,#1522,.T.);
#1520 = VERTEX_POINT('',#1521);
#1521 = CARTESIAN_POINT('',(-2.5,2.1,0.9));
#1522 = LINE('',#1523,#1524);
#1523 = CARTESIAN_POINT('',(-2.5,2.1,5.E-02));
#1524 = VECTOR('',#1525,1.);
#1525 = DIRECTION('',(-0.,0.,-1.));
#1526 = ORIENTED_EDGE('',*,*,#1527,.T.);
#1527 = EDGE_CURVE('',#1520,#1528,#1530,.T.);
#1528 = VERTEX_POINT('',#1529);
#1529 = CARTESIAN_POINT('',(-2.5,1.2,0.9));
#1530 = LINE('',#1531,#1532);
#1531 = CARTESIAN_POINT('',(-2.5,2.075,0.9));
#1532 = VECTOR('',#1533,1.);
#1533 = DIRECTION('',(-1.224646799147E-16,-1.,1.556307025767E-32));
#1534 = ORIENTED_EDGE('',*,*,#1535,.T.);
#1535 = EDGE_CURVE('',#1528,#1512,#1536,.T.);
#1536 = LINE('',#1537,#1538);
#1537 = CARTESIAN_POINT('',(-2.5,1.2,5.E-02));
#1538 = VECTOR('',#1539,1.);
#1539 = DIRECTION('',(0.,0.,1.));
#1540 = PLANE('',#1541);
#1541 = AXIS2_PLACEMENT_3D('',#1542,#1543,#1544);
#1542 = CARTESIAN_POINT('',(-2.5,2.5,0.1));
#1543 = DIRECTION('',(1.,-1.224646799147E-16,0.));
#1544 = DIRECTION('',(-1.224646799147E-16,-1.,0.));
#1545 = ADVANCED_FACE('',(#1546),#1557,.F.);
#1546 = FACE_BOUND('',#1547,.F.);
#1547 = EDGE_LOOP('',(#1548,#1549,#1550,#1551));
#1548 = ORIENTED_EDGE('',*,*,#1294,.T.);
#1549 = ORIENTED_EDGE('',*,*,#1181,.T.);
#1550 = ORIENTED_EDGE('',*,*,#1425,.F.);
#1551 = ORIENTED_EDGE('',*,*,#1552,.F.);
#1552 = EDGE_CURVE('',#1295,#1426,#1553,.T.);
#1553 = LINE('',#1554,#1555);
#1554 = CARTESIAN_POINT('',(2.5,2.5,0.1));
#1555 = VECTOR('',#1556,1.);
#1556 = DIRECTION('',(-1.,1.224646799147E-16,0.));
#1557 = PLANE('',#1558);
#1558 = AXIS2_PLACEMENT_3D('',#1559,#1560,#1561);
#1559 = CARTESIAN_POINT('',(2.5,2.5,0.1));
#1560 = DIRECTION('',(-1.224646799147E-16,-1.,0.));
#1561 = DIRECTION('',(-1.,1.224646799147E-16,0.));
#1562 = ADVANCED_FACE('',(#1563),#1566,.T.);
#1563 = FACE_BOUND('',#1564,.T.);
#1564 = EDGE_LOOP('',(#1565));
#1565 = ORIENTED_EDGE('',*,*,#1208,.T.);
#1566 = PLANE('',#1567);
#1567 = AXIS2_PLACEMENT_3D('',#1568,#1569,#1570);
#1568 = CARTESIAN_POINT('',(1.538370149107E-16,-1.370800865949E-16,1.225
    ));
#1569 = DIRECTION('',(0.,0.,1.));
#1570 = DIRECTION('',(-1.,1.224646799147E-16,0.));
#1571 = ADVANCED_FACE('',(#1572),#1577,.T.);
#1572 = FACE_BOUND('',#1573,.T.);
#1573 = EDGE_LOOP('',(#1574,#1575,#1576));
#1574 = ORIENTED_EDGE('',*,*,#1341,.T.);
#1575 = ORIENTED_EDGE('',*,*,#1231,.T.);
#1576 = ORIENTED_EDGE('',*,*,#1255,.T.);
#1577 = PLANE('',#1578);
#1578 = AXIS2_PLACEMENT_3D('',#1579,#1580,#1581);
#1579 = CARTESIAN_POINT('',(3.75,-3.75,1.3));
#1580 = DIRECTION('',(0.,0.,1.));
#1581 = DIRECTION('',(-0.707106781187,-0.707106781187,0.));
#1582 = ADVANCED_FACE('',(#1583),#1745,.F.);
#1583 = FACE_BOUND('',#1584,.F.);
#1584 = EDGE_LOOP('',(#1585,#1586,#1587,#1588,#1596,#1604,#1612,#1620,
    #1626,#1627,#1635,#1643,#1651,#1659,#1665,#1666,#1667,#1668,#1676,
    #1684,#1692,#1700,#1706,#1707,#1715,#1723,#1731,#1739));
#1585 = ORIENTED_EDGE('',*,*,#1302,.T.);
#1586 = ORIENTED_EDGE('',*,*,#1552,.T.);
#1587 = ORIENTED_EDGE('',*,*,#1467,.T.);
#1588 = ORIENTED_EDGE('',*,*,#1589,.F.);
#1589 = EDGE_CURVE('',#1590,#1460,#1592,.T.);
#1590 = VERTEX_POINT('',#1591);
#1591 = CARTESIAN_POINT('',(-1.95,2.1,0.1));
#1592 = LINE('',#1593,#1594);
#1593 = CARTESIAN_POINT('',(-2.025,2.1,0.1));
#1594 = VECTOR('',#1595,1.);
#1595 = DIRECTION('',(-1.,1.224646799147E-16,-4.996063166392E-32));
#1596 = ORIENTED_EDGE('',*,*,#1597,.T.);
#1597 = EDGE_CURVE('',#1590,#1598,#1600,.T.);
#1598 = VERTEX_POINT('',#1599);
#1599 = CARTESIAN_POINT('',(-1.8,2.1,0.1));
#1600 = LINE('',#1601,#1602);
#1601 = CARTESIAN_POINT('',(-0.9,2.1,0.1));
#1602 = VECTOR('',#1603,1.);
#1603 = DIRECTION('',(1.,-1.224646799147E-16,0.));
#1604 = ORIENTED_EDGE('',*,*,#1605,.T.);
#1605 = EDGE_CURVE('',#1598,#1606,#1608,.T.);
#1606 = VERTEX_POINT('',#1607);
#1607 = CARTESIAN_POINT('',(-1.8,1.2,0.1));
#1608 = LINE('',#1609,#1610);
#1609 = CARTESIAN_POINT('',(-1.8,0.6,0.1));
#1610 = VECTOR('',#1611,1.);
#1611 = DIRECTION('',(-1.224646799147E-16,-1.,0.));
#1612 = ORIENTED_EDGE('',*,*,#1613,.T.);
#1613 = EDGE_CURVE('',#1606,#1614,#1616,.T.);
#1614 = VERTEX_POINT('',#1615);
#1615 = CARTESIAN_POINT('',(-1.95,1.2,0.1));
#1616 = LINE('',#1617,#1618);
#1617 = CARTESIAN_POINT('',(-1.35,1.2,0.1));
#1618 = VECTOR('',#1619,1.);
#1619 = DIRECTION('',(-1.,1.224646799147E-16,0.));
#1620 = ORIENTED_EDGE('',*,*,#1621,.F.);
#1621 = EDGE_CURVE('',#1452,#1614,#1622,.T.);
#1622 = LINE('',#1623,#1624);
#1623 = CARTESIAN_POINT('',(-2.475,1.2,0.1));
#1624 = VECTOR('',#1625,1.);
#1625 = DIRECTION('',(1.,-1.224646799147E-16,4.996063166392E-32));
#1626 = ORIENTED_EDGE('',*,*,#1451,.T.);
#1627 = ORIENTED_EDGE('',*,*,#1628,.F.);
#1628 = EDGE_CURVE('',#1629,#1444,#1631,.T.);
#1629 = VERTEX_POINT('',#1630);
#1630 = CARTESIAN_POINT('',(-1.95,-1.2,0.1));
#1631 = LINE('',#1632,#1633);
#1632 = CARTESIAN_POINT('',(-2.025,-1.2,0.1));
#1633 = VECTOR('',#1634,1.);
#1634 = DIRECTION('',(-1.,1.224646799147E-16,-4.996063166392E-32));
#1635 = ORIENTED_EDGE('',*,*,#1636,.T.);
#1636 = EDGE_CURVE('',#1629,#1637,#1639,.T.);
#1637 = VERTEX_POINT('',#1638);
#1638 = CARTESIAN_POINT('',(-1.8,-1.2,0.1));
#1639 = LINE('',#1640,#1641);
#1640 = CARTESIAN_POINT('',(-0.9,-1.2,0.1));
#1641 = VECTOR('',#1642,1.);
#1642 = DIRECTION('',(1.,-1.224646799147E-16,0.));
#1643 = ORIENTED_EDGE('',*,*,#1644,.T.);
#1644 = EDGE_CURVE('',#1637,#1645,#1647,.T.);
#1645 = VERTEX_POINT('',#1646);
#1646 = CARTESIAN_POINT('',(-1.8,-2.1,0.1));
#1647 = LINE('',#1648,#1649);
#1648 = CARTESIAN_POINT('',(-1.8,-1.05,0.1));
#1649 = VECTOR('',#1650,1.);
#1650 = DIRECTION('',(-1.224646799147E-16,-1.,0.));
#1651 = ORIENTED_EDGE('',*,*,#1652,.T.);
#1652 = EDGE_CURVE('',#1645,#1653,#1655,.T.);
#1653 = VERTEX_POINT('',#1654);
#1654 = CARTESIAN_POINT('',(-1.95,-2.1,0.1));
#1655 = LINE('',#1656,#1657);
#1656 = CARTESIAN_POINT('',(-1.35,-2.1,0.1));
#1657 = VECTOR('',#1658,1.);
#1658 = DIRECTION('',(-1.,1.224646799147E-16,0.));
#1659 = ORIENTED_EDGE('',*,*,#1660,.F.);
#1660 = EDGE_CURVE('',#1436,#1653,#1661,.T.);
#1661 = LINE('',#1662,#1663);
#1662 = CARTESIAN_POINT('',(-2.475,-2.1,0.1));
#1663 = VECTOR('',#1664,1.);
#1664 = DIRECTION('',(1.,-1.224646799147E-16,4.996063166392E-32));
#1665 = ORIENTED_EDGE('',*,*,#1435,.T.);
#1666 = ORIENTED_EDGE('',*,*,#1271,.T.);
#1667 = ORIENTED_EDGE('',*,*,#1334,.T.);
#1668 = ORIENTED_EDGE('',*,*,#1669,.F.);
#1669 = EDGE_CURVE('',#1670,#1327,#1672,.T.);
#1670 = VERTEX_POINT('',#1671);
#1671 = CARTESIAN_POINT('',(1.95,-2.1,0.1));
#1672 = LINE('',#1673,#1674);
#1673 = CARTESIAN_POINT('',(2.025,-2.1,0.1));
#1674 = VECTOR('',#1675,1.);
#1675 = DIRECTION('',(1.,-1.224646799147E-16,-4.996063166392E-32));
#1676 = ORIENTED_EDGE('',*,*,#1677,.T.);
#1677 = EDGE_CURVE('',#1670,#1678,#1680,.T.);
#1678 = VERTEX_POINT('',#1679);
#1679 = CARTESIAN_POINT('',(1.8,-2.1,0.1));
#1680 = LINE('',#1681,#1682);
#1681 = CARTESIAN_POINT('',(0.9,-2.1,0.1));
#1682 = VECTOR('',#1683,1.);
#1683 = DIRECTION('',(-1.,1.224646799147E-16,0.));
#1684 = ORIENTED_EDGE('',*,*,#1685,.T.);
#1685 = EDGE_CURVE('',#1678,#1686,#1688,.T.);
#1686 = VERTEX_POINT('',#1687);
#1687 = CARTESIAN_POINT('',(1.8,-1.2,0.1));
#1688 = LINE('',#1689,#1690);
#1689 = CARTESIAN_POINT('',(1.8,-0.6,0.1));
#1690 = VECTOR('',#1691,1.);
#1691 = DIRECTION('',(1.224646799147E-16,1.,0.));
#1692 = ORIENTED_EDGE('',*,*,#1693,.T.);
#1693 = EDGE_CURVE('',#1686,#1694,#1696,.T.);
#1694 = VERTEX_POINT('',#1695);
#1695 = CARTESIAN_POINT('',(1.95,-1.2,0.1));
#1696 = LINE('',#1697,#1698);
#1697 = CARTESIAN_POINT('',(1.35,-1.2,0.1));
#1698 = VECTOR('',#1699,1.);
#1699 = DIRECTION('',(1.,-1.224646799147E-16,0.));
#1700 = ORIENTED_EDGE('',*,*,#1701,.F.);
#1701 = EDGE_CURVE('',#1319,#1694,#1702,.T.);
#1702 = LINE('',#1703,#1704);
#1703 = CARTESIAN_POINT('',(2.475,-1.2,0.1));
#1704 = VECTOR('',#1705,1.);
#1705 = DIRECTION('',(-1.,1.224646799147E-16,4.996063166392E-32));
#1706 = ORIENTED_EDGE('',*,*,#1318,.T.);
#1707 = ORIENTED_EDGE('',*,*,#1708,.F.);
#1708 = EDGE_CURVE('',#1709,#1311,#1711,.T.);
#1709 = VERTEX_POINT('',#1710);
#1710 = CARTESIAN_POINT('',(1.95,1.2,0.1));
#1711 = LINE('',#1712,#1713);
#1712 = CARTESIAN_POINT('',(2.025,1.2,0.1));
#1713 = VECTOR('',#1714,1.);
#1714 = DIRECTION('',(1.,-1.224646799147E-16,-4.996063166392E-32));
#1715 = ORIENTED_EDGE('',*,*,#1716,.T.);
#1716 = EDGE_CURVE('',#1709,#1717,#1719,.T.);
#1717 = VERTEX_POINT('',#1718);
#1718 = CARTESIAN_POINT('',(1.8,1.2,0.1));
#1719 = LINE('',#1720,#1721);
#1720 = CARTESIAN_POINT('',(0.9,1.2,0.1));
#1721 = VECTOR('',#1722,1.);
#1722 = DIRECTION('',(-1.,1.224646799147E-16,0.));
#1723 = ORIENTED_EDGE('',*,*,#1724,.T.);
#1724 = EDGE_CURVE('',#1717,#1725,#1727,.T.);
#1725 = VERTEX_POINT('',#1726);
#1726 = CARTESIAN_POINT('',(1.8,2.1,0.1));
#1727 = LINE('',#1728,#1729);
#1728 = CARTESIAN_POINT('',(1.8,1.05,0.1));
#1729 = VECTOR('',#1730,1.);
#1730 = DIRECTION('',(1.224646799147E-16,1.,0.));
#1731 = ORIENTED_EDGE('',*,*,#1732,.T.);
#1732 = EDGE_CURVE('',#1725,#1733,#1735,.T.);
#1733 = VERTEX_POINT('',#1734);
#1734 = CARTESIAN_POINT('',(1.95,2.1,0.1));
#1735 = LINE('',#1736,#1737);
#1736 = CARTESIAN_POINT('',(1.35,2.1,0.1));
#1737 = VECTOR('',#1738,1.);
#1738 = DIRECTION('',(1.,-1.224646799147E-16,0.));
#1739 = ORIENTED_EDGE('',*,*,#1740,.F.);
#1740 = EDGE_CURVE('',#1303,#1733,#1741,.T.);
#1741 = LINE('',#1742,#1743);
#1742 = CARTESIAN_POINT('',(2.475,2.1,0.1));
#1743 = VECTOR('',#1744,1.);
#1744 = DIRECTION('',(-1.,1.224646799147E-16,4.996063166392E-32));
#1745 = PLANE('',#1746);
#1746 = AXIS2_PLACEMENT_3D('',#1747,#1748,#1749);
#1747 = CARTESIAN_POINT('',(0.,0.,0.1));
#1748 = DIRECTION('',(0.,0.,1.));
#1749 = DIRECTION('',(-1.,1.224646799147E-16,0.));
#1750 = ADVANCED_FACE('',(#1751),#1776,.T.);
#1751 = FACE_BOUND('',#1752,.T.);
#1752 = EDGE_LOOP('',(#1753,#1763,#1769,#1770));
#1753 = ORIENTED_EDGE('',*,*,#1754,.T.);
#1754 = EDGE_CURVE('',#1755,#1757,#1759,.T.);
#1755 = VERTEX_POINT('',#1756);
#1756 = CARTESIAN_POINT('',(2.55,1.2,0.1));
#1757 = VERTEX_POINT('',#1758);
#1758 = CARTESIAN_POINT('',(2.55,2.1,0.1));
#1759 = LINE('',#1760,#1761);
#1760 = CARTESIAN_POINT('',(2.55,1.1,0.1));
#1761 = VECTOR('',#1762,1.);
#1762 = DIRECTION('',(1.224646799147E-16,1.,0.));
#1763 = ORIENTED_EDGE('',*,*,#1764,.T.);
#1764 = EDGE_CURVE('',#1757,#1303,#1765,.T.);
#1765 = LINE('',#1766,#1767);
#1766 = CARTESIAN_POINT('',(2.475,2.1,0.1));
#1767 = VECTOR('',#1768,1.);
#1768 = DIRECTION('',(-1.,1.224646799147E-16,4.996063166392E-32));
#1769 = ORIENTED_EDGE('',*,*,#1310,.F.);
#1770 = ORIENTED_EDGE('',*,*,#1771,.T.);
#1771 = EDGE_CURVE('',#1311,#1755,#1772,.T.);
#1772 = LINE('',#1773,#1774);
#1773 = CARTESIAN_POINT('',(2.025,1.2,0.1));
#1774 = VECTOR('',#1775,1.);
#1775 = DIRECTION('',(1.,-1.224646799147E-16,-4.996063166392E-32));
#1776 = PLANE('',#1777);
#1777 = AXIS2_PLACEMENT_3D('',#1778,#1779,#1780);
#1778 = CARTESIAN_POINT('',(2.25,1.65,0.1));
#1779 = DIRECTION('',(4.996063166392E-32,1.556307025767E-32,1.));
#1780 = DIRECTION('',(-1.,1.224646799147E-16,4.996063166392E-32));
#1781 = ADVANCED_FACE('',(#1782),#1807,.T.);
#1782 = FACE_BOUND('',#1783,.T.);
#1783 = EDGE_LOOP('',(#1784,#1794,#1800,#1801));
#1784 = ORIENTED_EDGE('',*,*,#1785,.T.);
#1785 = EDGE_CURVE('',#1786,#1788,#1790,.T.);
#1786 = VERTEX_POINT('',#1787);
#1787 = CARTESIAN_POINT('',(2.55,-2.1,0.1));
#1788 = VERTEX_POINT('',#1789);
#1789 = CARTESIAN_POINT('',(2.55,-1.2,0.1));
#1790 = LINE('',#1791,#1792);
#1791 = CARTESIAN_POINT('',(2.55,-2.2,0.1));
#1792 = VECTOR('',#1793,1.);
#1793 = DIRECTION('',(1.224646799147E-16,1.,0.));
#1794 = ORIENTED_EDGE('',*,*,#1795,.T.);
#1795 = EDGE_CURVE('',#1788,#1319,#1796,.T.);
#1796 = LINE('',#1797,#1798);
#1797 = CARTESIAN_POINT('',(2.475,-1.2,0.1));
#1798 = VECTOR('',#1799,1.);
#1799 = DIRECTION('',(-1.,1.224646799147E-16,4.996063166392E-32));
#1800 = ORIENTED_EDGE('',*,*,#1326,.F.);
#1801 = ORIENTED_EDGE('',*,*,#1802,.T.);
#1802 = EDGE_CURVE('',#1327,#1786,#1803,.T.);
#1803 = LINE('',#1804,#1805);
#1804 = CARTESIAN_POINT('',(2.025,-2.1,0.1));
#1805 = VECTOR('',#1806,1.);
#1806 = DIRECTION('',(1.,-1.224646799147E-16,-4.996063166392E-32));
#1807 = PLANE('',#1808);
#1808 = AXIS2_PLACEMENT_3D('',#1809,#1810,#1811);
#1809 = CARTESIAN_POINT('',(2.25,-1.65,0.1));
#1810 = DIRECTION('',(4.996063166392E-32,3.890767564419E-33,1.));
#1811 = DIRECTION('',(-1.,1.224646799147E-16,4.996063166392E-32));
#1812 = ADVANCED_FACE('',(#1813),#1838,.F.);
#1813 = FACE_BOUND('',#1814,.F.);
#1814 = EDGE_LOOP('',(#1815,#1825,#1831,#1832));
#1815 = ORIENTED_EDGE('',*,*,#1816,.T.);
#1816 = EDGE_CURVE('',#1817,#1819,#1821,.T.);
#1817 = VERTEX_POINT('',#1818);
#1818 = CARTESIAN_POINT('',(2.55,1.2,0.9));
#1819 = VERTEX_POINT('',#1820);
#1820 = CARTESIAN_POINT('',(2.55,2.1,0.9));
#1821 = LINE('',#1822,#1823);
#1822 = CARTESIAN_POINT('',(2.55,1.1,0.9));
#1823 = VECTOR('',#1824,1.);
#1824 = DIRECTION('',(1.224646799147E-16,1.,0.));
#1825 = ORIENTED_EDGE('',*,*,#1826,.T.);
#1826 = EDGE_CURVE('',#1819,#1354,#1827,.T.);
#1827 = LINE('',#1828,#1829);
#1828 = CARTESIAN_POINT('',(2.475,2.1,0.9));
#1829 = VECTOR('',#1830,1.);
#1830 = DIRECTION('',(-1.,1.224646799147E-16,4.996063166392E-32));
#1831 = ORIENTED_EDGE('',*,*,#1351,.F.);
#1832 = ORIENTED_EDGE('',*,*,#1833,.T.);
#1833 = EDGE_CURVE('',#1352,#1817,#1834,.T.);
#1834 = LINE('',#1835,#1836);
#1835 = CARTESIAN_POINT('',(2.025,1.2,0.9));
#1836 = VECTOR('',#1837,1.);
#1837 = DIRECTION('',(1.,-1.224646799147E-16,-4.996063166392E-32));
#1838 = PLANE('',#1839);
#1839 = AXIS2_PLACEMENT_3D('',#1840,#1841,#1842);
#1840 = CARTESIAN_POINT('',(2.25,1.65,0.9));
#1841 = DIRECTION('',(4.996063166392E-32,1.556307025767E-32,1.));
#1842 = DIRECTION('',(-1.,1.224646799147E-16,4.996063166392E-32));
#1843 = ADVANCED_FACE('',(#1844),#1923,.F.);
#1844 = FACE_BOUND('',#1845,.F.);
#1845 = EDGE_LOOP('',(#1846,#1856,#1865,#1873,#1879,#1880,#1881,#1882,
    #1891,#1899,#1906,#1907,#1908,#1916));
#1846 = ORIENTED_EDGE('',*,*,#1847,.F.);
#1847 = EDGE_CURVE('',#1848,#1850,#1852,.T.);
#1848 = VERTEX_POINT('',#1849);
#1849 = CARTESIAN_POINT('',(2.7,1.2,5.E-02));
#1850 = VERTEX_POINT('',#1851);
#1851 = CARTESIAN_POINT('',(2.7,1.2,0.95));
#1852 = LINE('',#1853,#1854);
#1853 = CARTESIAN_POINT('',(2.7,1.2,0.));
#1854 = VECTOR('',#1855,1.);
#1855 = DIRECTION('',(0.,0.,1.));
#1856 = ORIENTED_EDGE('',*,*,#1857,.T.);
#1857 = EDGE_CURVE('',#1848,#1858,#1860,.T.);
#1858 = VERTEX_POINT('',#1859);
#1859 = CARTESIAN_POINT('',(2.65,1.2,-6.938893903907E-18));
#1860 = CIRCLE('',#1861,5.E-02);
#1861 = AXIS2_PLACEMENT_3D('',#1862,#1863,#1864);
#1862 = CARTESIAN_POINT('',(2.65,1.2,5.E-02));
#1863 = DIRECTION('',(1.224646799147E-16,1.,0.));
#1864 = DIRECTION('',(0.,0.,-1.));
#1865 = ORIENTED_EDGE('',*,*,#1866,.F.);
#1866 = EDGE_CURVE('',#1867,#1858,#1869,.T.);
#1867 = VERTEX_POINT('',#1868);
#1868 = CARTESIAN_POINT('',(1.8,1.2,0.));
#1869 = LINE('',#1870,#1871);
#1870 = CARTESIAN_POINT('',(1.8,1.2,0.));
#1871 = VECTOR('',#1872,1.);
#1872 = DIRECTION('',(1.,-1.224646799147E-16,0.));
#1873 = ORIENTED_EDGE('',*,*,#1874,.T.);
#1874 = EDGE_CURVE('',#1867,#1717,#1875,.T.);
#1875 = LINE('',#1876,#1877);
#1876 = CARTESIAN_POINT('',(1.8,1.2,0.));
#1877 = VECTOR('',#1878,1.);
#1878 = DIRECTION('',(0.,0.,1.));
#1879 = ORIENTED_EDGE('',*,*,#1716,.F.);
#1880 = ORIENTED_EDGE('',*,*,#1708,.T.);
#1881 = ORIENTED_EDGE('',*,*,#1771,.T.);
#1882 = ORIENTED_EDGE('',*,*,#1883,.F.);
#1883 = EDGE_CURVE('',#1884,#1755,#1886,.T.);
#1884 = VERTEX_POINT('',#1885);
#1885 = CARTESIAN_POINT('',(2.6,1.2,0.15));
#1886 = CIRCLE('',#1887,5.E-02);
#1887 = AXIS2_PLACEMENT_3D('',#1888,#1889,#1890);
#1888 = CARTESIAN_POINT('',(2.55,1.2,0.15));
#1889 = DIRECTION('',(1.224646799147E-16,1.,0.));
#1890 = DIRECTION('',(1.,-1.224646799147E-16,0.));
#1891 = ORIENTED_EDGE('',*,*,#1892,.T.);
#1892 = EDGE_CURVE('',#1884,#1893,#1895,.T.);
#1893 = VERTEX_POINT('',#1894);
#1894 = CARTESIAN_POINT('',(2.6,1.2,0.85));
#1895 = LINE('',#1896,#1897);
#1896 = CARTESIAN_POINT('',(2.6,1.2,5.E-02));
#1897 = VECTOR('',#1898,1.);
#1898 = DIRECTION('',(0.,0.,1.));
#1899 = ORIENTED_EDGE('',*,*,#1900,.F.);
#1900 = EDGE_CURVE('',#1817,#1893,#1901,.T.);
#1901 = CIRCLE('',#1902,5.E-02);
#1902 = AXIS2_PLACEMENT_3D('',#1903,#1904,#1905);
#1903 = CARTESIAN_POINT('',(2.55,1.2,0.85));
#1904 = DIRECTION('',(1.224646799147E-16,1.,0.));
#1905 = DIRECTION('',(1.,-1.224646799147E-16,0.));
#1906 = ORIENTED_EDGE('',*,*,#1833,.F.);
#1907 = ORIENTED_EDGE('',*,*,#1377,.F.);
#1908 = ORIENTED_EDGE('',*,*,#1909,.T.);
#1909 = EDGE_CURVE('',#1370,#1910,#1912,.T.);
#1910 = VERTEX_POINT('',#1911);
#1911 = CARTESIAN_POINT('',(2.65,1.2,1.));
#1912 = LINE('',#1913,#1914);
#1913 = CARTESIAN_POINT('',(1.8,1.2,1.));
#1914 = VECTOR('',#1915,1.);
#1915 = DIRECTION('',(1.,-1.224646799147E-16,0.));
#1916 = ORIENTED_EDGE('',*,*,#1917,.F.);
#1917 = EDGE_CURVE('',#1850,#1910,#1918,.T.);
#1918 = CIRCLE('',#1919,5.E-02);
#1919 = AXIS2_PLACEMENT_3D('',#1920,#1921,#1922);
#1920 = CARTESIAN_POINT('',(2.65,1.2,0.95));
#1921 = DIRECTION('',(-1.224646799147E-16,-1.,0.));
#1922 = DIRECTION('',(-0.,0.,-1.));
#1923 = PLANE('',#1924);
#1924 = AXIS2_PLACEMENT_3D('',#1925,#1926,#1927);
#1925 = CARTESIAN_POINT('',(1.8,1.2,0.));
#1926 = DIRECTION('',(1.224646799147E-16,1.,0.));
#1927 = DIRECTION('',(1.,-1.224646799147E-16,0.));
#1928 = ADVANCED_FACE('',(#1929),#1947,.T.);
#1929 = FACE_BOUND('',#1930,.T.);
#1930 = EDGE_LOOP('',(#1931,#1939,#1945,#1946));
#1931 = ORIENTED_EDGE('',*,*,#1932,.T.);
#1932 = EDGE_CURVE('',#1910,#1933,#1935,.T.);
#1933 = VERTEX_POINT('',#1934);
#1934 = CARTESIAN_POINT('',(2.65,2.1,1.));
#1935 = LINE('',#1936,#1937);
#1936 = CARTESIAN_POINT('',(2.65,1.2,1.));
#1937 = VECTOR('',#1938,1.);
#1938 = DIRECTION('',(1.224646799147E-16,1.,0.));
#1939 = ORIENTED_EDGE('',*,*,#1940,.T.);
#1940 = EDGE_CURVE('',#1933,#1362,#1941,.T.);
#1941 = LINE('',#1942,#1943);
#1942 = CARTESIAN_POINT('',(2.7,2.1,1.));
#1943 = VECTOR('',#1944,1.);
#1944 = DIRECTION('',(-1.,1.224646799147E-16,0.));
#1945 = ORIENTED_EDGE('',*,*,#1369,.F.);
#1946 = ORIENTED_EDGE('',*,*,#1909,.T.);
#1947 = PLANE('',#1948);
#1948 = AXIS2_PLACEMENT_3D('',#1949,#1950,#1951);
#1949 = CARTESIAN_POINT('',(2.25,1.65,1.));
#1950 = DIRECTION('',(0.,0.,1.));
#1951 = DIRECTION('',(-1.,1.224646799147E-16,0.));
#1952 = ADVANCED_FACE('',(#1953),#2025,.F.);
#1953 = FACE_BOUND('',#1954,.F.);
#1954 = EDGE_LOOP('',(#1955,#1966,#1974,#1981,#1982,#1983,#1984,#1993,
    #2001,#2008,#2009,#2010,#2011,#2019));
#1955 = ORIENTED_EDGE('',*,*,#1956,.F.);
#1956 = EDGE_CURVE('',#1957,#1959,#1961,.T.);
#1957 = VERTEX_POINT('',#1958);
#1958 = CARTESIAN_POINT('',(2.7,2.1,5.E-02));
#1959 = VERTEX_POINT('',#1960);
#1960 = CARTESIAN_POINT('',(2.65,2.1,-6.938893903907E-18));
#1961 = CIRCLE('',#1962,5.E-02);
#1962 = AXIS2_PLACEMENT_3D('',#1963,#1964,#1965);
#1963 = CARTESIAN_POINT('',(2.65,2.1,5.E-02));
#1964 = DIRECTION('',(1.224646799147E-16,1.,0.));
#1965 = DIRECTION('',(0.,0.,-1.));
#1966 = ORIENTED_EDGE('',*,*,#1967,.T.);
#1967 = EDGE_CURVE('',#1957,#1968,#1970,.T.);
#1968 = VERTEX_POINT('',#1969);
#1969 = CARTESIAN_POINT('',(2.7,2.1,0.95));
#1970 = LINE('',#1971,#1972);
#1971 = CARTESIAN_POINT('',(2.7,2.1,0.));
#1972 = VECTOR('',#1973,1.);
#1973 = DIRECTION('',(0.,0.,1.));
#1974 = ORIENTED_EDGE('',*,*,#1975,.T.);
#1975 = EDGE_CURVE('',#1968,#1933,#1976,.T.);
#1976 = CIRCLE('',#1977,5.E-02);
#1977 = AXIS2_PLACEMENT_3D('',#1978,#1979,#1980);
#1978 = CARTESIAN_POINT('',(2.65,2.1,0.95));
#1979 = DIRECTION('',(-1.224646799147E-16,-1.,0.));
#1980 = DIRECTION('',(-0.,0.,-1.));
#1981 = ORIENTED_EDGE('',*,*,#1940,.T.);
#1982 = ORIENTED_EDGE('',*,*,#1361,.F.);
#1983 = ORIENTED_EDGE('',*,*,#1826,.F.);
#1984 = ORIENTED_EDGE('',*,*,#1985,.T.);
#1985 = EDGE_CURVE('',#1819,#1986,#1988,.T.);
#1986 = VERTEX_POINT('',#1987);
#1987 = CARTESIAN_POINT('',(2.6,2.1,0.85));
#1988 = CIRCLE('',#1989,5.E-02);
#1989 = AXIS2_PLACEMENT_3D('',#1990,#1991,#1992);
#1990 = CARTESIAN_POINT('',(2.55,2.1,0.85));
#1991 = DIRECTION('',(1.224646799147E-16,1.,0.));
#1992 = DIRECTION('',(1.,-1.224646799147E-16,0.));
#1993 = ORIENTED_EDGE('',*,*,#1994,.T.);
#1994 = EDGE_CURVE('',#1986,#1995,#1997,.T.);
#1995 = VERTEX_POINT('',#1996);
#1996 = CARTESIAN_POINT('',(2.6,2.1,0.15));
#1997 = LINE('',#1998,#1999);
#1998 = CARTESIAN_POINT('',(2.6,2.1,5.E-02));
#1999 = VECTOR('',#2000,1.);
#2000 = DIRECTION('',(0.,-0.,-1.));
#2001 = ORIENTED_EDGE('',*,*,#2002,.T.);
#2002 = EDGE_CURVE('',#1995,#1757,#2003,.T.);
#2003 = CIRCLE('',#2004,5.E-02);
#2004 = AXIS2_PLACEMENT_3D('',#2005,#2006,#2007);
#2005 = CARTESIAN_POINT('',(2.55,2.1,0.15));
#2006 = DIRECTION('',(1.224646799147E-16,1.,0.));
#2007 = DIRECTION('',(1.,-1.224646799147E-16,0.));
#2008 = ORIENTED_EDGE('',*,*,#1764,.T.);
#2009 = ORIENTED_EDGE('',*,*,#1740,.T.);
#2010 = ORIENTED_EDGE('',*,*,#1732,.F.);
#2011 = ORIENTED_EDGE('',*,*,#2012,.F.);
#2012 = EDGE_CURVE('',#2013,#1725,#2015,.T.);
#2013 = VERTEX_POINT('',#2014);
#2014 = CARTESIAN_POINT('',(1.8,2.1,0.));
#2015 = LINE('',#2016,#2017);
#2016 = CARTESIAN_POINT('',(1.8,2.1,0.));
#2017 = VECTOR('',#2018,1.);
#2018 = DIRECTION('',(0.,0.,1.));
#2019 = ORIENTED_EDGE('',*,*,#2020,.F.);
#2020 = EDGE_CURVE('',#1959,#2013,#2021,.T.);
#2021 = LINE('',#2022,#2023);
#2022 = CARTESIAN_POINT('',(2.7,2.1,0.));
#2023 = VECTOR('',#2024,1.);
#2024 = DIRECTION('',(-1.,1.224646799147E-16,0.));
#2025 = PLANE('',#2026);
#2026 = AXIS2_PLACEMENT_3D('',#2027,#2028,#2029);
#2027 = CARTESIAN_POINT('',(2.7,2.1,0.));
#2028 = DIRECTION('',(-1.224646799147E-16,-1.,0.));
#2029 = DIRECTION('',(-1.,1.224646799147E-16,0.));
#2030 = ADVANCED_FACE('',(#2031),#2056,.T.);
#2031 = FACE_BOUND('',#2032,.T.);
#2032 = EDGE_LOOP('',(#2033,#2043,#2049,#2050));
#2033 = ORIENTED_EDGE('',*,*,#2034,.T.);
#2034 = EDGE_CURVE('',#2035,#2037,#2039,.T.);
#2035 = VERTEX_POINT('',#2036);
#2036 = CARTESIAN_POINT('',(2.65,-2.1,1.));
#2037 = VERTEX_POINT('',#2038);
#2038 = CARTESIAN_POINT('',(2.65,-1.2,1.));
#2039 = LINE('',#2040,#2041);
#2040 = CARTESIAN_POINT('',(2.65,-2.1,1.));
#2041 = VECTOR('',#2042,1.);
#2042 = DIRECTION('',(1.224646799147E-16,1.,0.));
#2043 = ORIENTED_EDGE('',*,*,#2044,.T.);
#2044 = EDGE_CURVE('',#2037,#1388,#2045,.T.);
#2045 = LINE('',#2046,#2047);
#2046 = CARTESIAN_POINT('',(2.7,-1.2,1.));
#2047 = VECTOR('',#2048,1.);
#2048 = DIRECTION('',(-1.,1.224646799147E-16,0.));
#2049 = ORIENTED_EDGE('',*,*,#1385,.F.);
#2050 = ORIENTED_EDGE('',*,*,#2051,.T.);
#2051 = EDGE_CURVE('',#1386,#2035,#2052,.T.);
#2052 = LINE('',#2053,#2054);
#2053 = CARTESIAN_POINT('',(1.8,-2.1,1.));
#2054 = VECTOR('',#2055,1.);
#2055 = DIRECTION('',(1.,-1.224646799147E-16,0.));
#2056 = PLANE('',#2057);
#2057 = AXIS2_PLACEMENT_3D('',#2058,#2059,#2060);
#2058 = CARTESIAN_POINT('',(2.25,-1.65,1.));
#2059 = DIRECTION('',(0.,0.,1.));
#2060 = DIRECTION('',(-1.,1.224646799147E-16,0.));
#2061 = ADVANCED_FACE('',(#2062),#2141,.F.);
#2062 = FACE_BOUND('',#2063,.F.);
#2063 = EDGE_LOOP('',(#2064,#2075,#2083,#2090,#2091,#2092,#2100,#2109,
    #2117,#2124,#2125,#2126,#2127,#2135));
#2064 = ORIENTED_EDGE('',*,*,#2065,.F.);
#2065 = EDGE_CURVE('',#2066,#2068,#2070,.T.);
#2066 = VERTEX_POINT('',#2067);
#2067 = CARTESIAN_POINT('',(2.7,-1.2,5.E-02));
#2068 = VERTEX_POINT('',#2069);
#2069 = CARTESIAN_POINT('',(2.65,-1.2,-6.938893903907E-18));
#2070 = CIRCLE('',#2071,5.E-02);
#2071 = AXIS2_PLACEMENT_3D('',#2072,#2073,#2074);
#2072 = CARTESIAN_POINT('',(2.65,-1.2,5.E-02));
#2073 = DIRECTION('',(1.224646799147E-16,1.,0.));
#2074 = DIRECTION('',(0.,0.,-1.));
#2075 = ORIENTED_EDGE('',*,*,#2076,.T.);
#2076 = EDGE_CURVE('',#2066,#2077,#2079,.T.);
#2077 = VERTEX_POINT('',#2078);
#2078 = CARTESIAN_POINT('',(2.7,-1.2,0.95));
#2079 = LINE('',#2080,#2081);
#2080 = CARTESIAN_POINT('',(2.7,-1.2,0.));
#2081 = VECTOR('',#2082,1.);
#2082 = DIRECTION('',(0.,0.,1.));
#2083 = ORIENTED_EDGE('',*,*,#2084,.T.);
#2084 = EDGE_CURVE('',#2077,#2037,#2085,.T.);
#2085 = CIRCLE('',#2086,5.E-02);
#2086 = AXIS2_PLACEMENT_3D('',#2087,#2088,#2089);
#2087 = CARTESIAN_POINT('',(2.65,-1.2,0.95));
#2088 = DIRECTION('',(-1.224646799147E-16,-1.,0.));
#2089 = DIRECTION('',(-0.,0.,-1.));
#2090 = ORIENTED_EDGE('',*,*,#2044,.T.);
#2091 = ORIENTED_EDGE('',*,*,#1411,.F.);
#2092 = ORIENTED_EDGE('',*,*,#2093,.F.);
#2093 = EDGE_CURVE('',#2094,#1404,#2096,.T.);
#2094 = VERTEX_POINT('',#2095);
#2095 = CARTESIAN_POINT('',(2.55,-1.2,0.9));
#2096 = LINE('',#2097,#2098);
#2097 = CARTESIAN_POINT('',(2.475,-1.2,0.9));
#2098 = VECTOR('',#2099,1.);
#2099 = DIRECTION('',(-1.,1.224646799147E-16,4.996063166392E-32));
#2100 = ORIENTED_EDGE('',*,*,#2101,.T.);
#2101 = EDGE_CURVE('',#2094,#2102,#2104,.T.);
#2102 = VERTEX_POINT('',#2103);
#2103 = CARTESIAN_POINT('',(2.6,-1.2,0.85));
#2104 = CIRCLE('',#2105,5.E-02);
#2105 = AXIS2_PLACEMENT_3D('',#2106,#2107,#2108);
#2106 = CARTESIAN_POINT('',(2.55,-1.2,0.85));
#2107 = DIRECTION('',(1.224646799147E-16,1.,0.));
#2108 = DIRECTION('',(1.,-1.224646799147E-16,0.));
#2109 = ORIENTED_EDGE('',*,*,#2110,.T.);
#2110 = EDGE_CURVE('',#2102,#2111,#2113,.T.);
#2111 = VERTEX_POINT('',#2112);
#2112 = CARTESIAN_POINT('',(2.6,-1.2,0.15));
#2113 = LINE('',#2114,#2115);
#2114 = CARTESIAN_POINT('',(2.6,-1.2,5.E-02));
#2115 = VECTOR('',#2116,1.);
#2116 = DIRECTION('',(0.,-0.,-1.));
#2117 = ORIENTED_EDGE('',*,*,#2118,.T.);
#2118 = EDGE_CURVE('',#2111,#1788,#2119,.T.);
#2119 = CIRCLE('',#2120,5.E-02);
#2120 = AXIS2_PLACEMENT_3D('',#2121,#2122,#2123);
#2121 = CARTESIAN_POINT('',(2.55,-1.2,0.15));
#2122 = DIRECTION('',(1.224646799147E-16,1.,0.));
#2123 = DIRECTION('',(1.,-1.224646799147E-16,0.));
#2124 = ORIENTED_EDGE('',*,*,#1795,.T.);
#2125 = ORIENTED_EDGE('',*,*,#1701,.T.);
#2126 = ORIENTED_EDGE('',*,*,#1693,.F.);
#2127 = ORIENTED_EDGE('',*,*,#2128,.F.);
#2128 = EDGE_CURVE('',#2129,#1686,#2131,.T.);
#2129 = VERTEX_POINT('',#2130);
#2130 = CARTESIAN_POINT('',(1.8,-1.2,0.));
#2131 = LINE('',#2132,#2133);
#2132 = CARTESIAN_POINT('',(1.8,-1.2,0.));
#2133 = VECTOR('',#2134,1.);
#2134 = DIRECTION('',(0.,0.,1.));
#2135 = ORIENTED_EDGE('',*,*,#2136,.F.);
#2136 = EDGE_CURVE('',#2068,#2129,#2137,.T.);
#2137 = LINE('',#2138,#2139);
#2138 = CARTESIAN_POINT('',(2.7,-1.2,0.));
#2139 = VECTOR('',#2140,1.);
#2140 = DIRECTION('',(-1.,1.224646799147E-16,0.));
#2141 = PLANE('',#2142);
#2142 = AXIS2_PLACEMENT_3D('',#2143,#2144,#2145);
#2143 = CARTESIAN_POINT('',(2.7,-1.2,0.));
#2144 = DIRECTION('',(-1.224646799147E-16,-1.,0.));
#2145 = DIRECTION('',(-1.,1.224646799147E-16,0.));
#2146 = ADVANCED_FACE('',(#2147),#2165,.F.);
#2147 = FACE_BOUND('',#2148,.F.);
#2148 = EDGE_LOOP('',(#2149,#2157,#2158,#2159));
#2149 = ORIENTED_EDGE('',*,*,#2150,.T.);
#2150 = EDGE_CURVE('',#2151,#2094,#2153,.T.);
#2151 = VERTEX_POINT('',#2152);
#2152 = CARTESIAN_POINT('',(2.55,-2.1,0.9));
#2153 = LINE('',#2154,#2155);
#2154 = CARTESIAN_POINT('',(2.55,-2.2,0.9));
#2155 = VECTOR('',#2156,1.);
#2156 = DIRECTION('',(1.224646799147E-16,1.,0.));
#2157 = ORIENTED_EDGE('',*,*,#2093,.T.);
#2158 = ORIENTED_EDGE('',*,*,#1403,.F.);
#2159 = ORIENTED_EDGE('',*,*,#2160,.T.);
#2160 = EDGE_CURVE('',#1396,#2151,#2161,.T.);
#2161 = LINE('',#2162,#2163);
#2162 = CARTESIAN_POINT('',(2.025,-2.1,0.9));
#2163 = VECTOR('',#2164,1.);
#2164 = DIRECTION('',(1.,-1.224646799147E-16,-4.996063166392E-32));
#2165 = PLANE('',#2166);
#2166 = AXIS2_PLACEMENT_3D('',#2167,#2168,#2169);
#2167 = CARTESIAN_POINT('',(2.25,-1.65,0.9));
#2168 = DIRECTION('',(4.996063166392E-32,3.890767564419E-33,1.));
#2169 = DIRECTION('',(-1.,1.224646799147E-16,4.996063166392E-32));
#2170 = ADVANCED_FACE('',(#2171),#2243,.F.);
#2171 = FACE_BOUND('',#2172,.F.);
#2172 = EDGE_LOOP('',(#2173,#2183,#2192,#2200,#2206,#2207,#2208,#2209,
    #2218,#2226,#2233,#2234,#2235,#2236));
#2173 = ORIENTED_EDGE('',*,*,#2174,.F.);
#2174 = EDGE_CURVE('',#2175,#2177,#2179,.T.);
#2175 = VERTEX_POINT('',#2176);
#2176 = CARTESIAN_POINT('',(2.7,-2.1,5.E-02));
#2177 = VERTEX_POINT('',#2178);
#2178 = CARTESIAN_POINT('',(2.7,-2.1,0.95));
#2179 = LINE('',#2180,#2181);
#2180 = CARTESIAN_POINT('',(2.7,-2.1,0.));
#2181 = VECTOR('',#2182,1.);
#2182 = DIRECTION('',(0.,0.,1.));
#2183 = ORIENTED_EDGE('',*,*,#2184,.T.);
#2184 = EDGE_CURVE('',#2175,#2185,#2187,.T.);
#2185 = VERTEX_POINT('',#2186);
#2186 = CARTESIAN_POINT('',(2.65,-2.1,-6.938893903907E-18));
#2187 = CIRCLE('',#2188,5.E-02);
#2188 = AXIS2_PLACEMENT_3D('',#2189,#2190,#2191);
#2189 = CARTESIAN_POINT('',(2.65,-2.1,5.E-02));
#2190 = DIRECTION('',(1.224646799147E-16,1.,0.));
#2191 = DIRECTION('',(0.,0.,-1.));
#2192 = ORIENTED_EDGE('',*,*,#2193,.F.);
#2193 = EDGE_CURVE('',#2194,#2185,#2196,.T.);
#2194 = VERTEX_POINT('',#2195);
#2195 = CARTESIAN_POINT('',(1.8,-2.1,0.));
#2196 = LINE('',#2197,#2198);
#2197 = CARTESIAN_POINT('',(1.8,-2.1,0.));
#2198 = VECTOR('',#2199,1.);
#2199 = DIRECTION('',(1.,-1.224646799147E-16,0.));
#2200 = ORIENTED_EDGE('',*,*,#2201,.T.);
#2201 = EDGE_CURVE('',#2194,#1678,#2202,.T.);
#2202 = LINE('',#2203,#2204);
#2203 = CARTESIAN_POINT('',(1.8,-2.1,0.));
#2204 = VECTOR('',#2205,1.);
#2205 = DIRECTION('',(0.,0.,1.));
#2206 = ORIENTED_EDGE('',*,*,#1677,.F.);
#2207 = ORIENTED_EDGE('',*,*,#1669,.T.);
#2208 = ORIENTED_EDGE('',*,*,#1802,.T.);
#2209 = ORIENTED_EDGE('',*,*,#2210,.F.);
#2210 = EDGE_CURVE('',#2211,#1786,#2213,.T.);
#2211 = VERTEX_POINT('',#2212);
#2212 = CARTESIAN_POINT('',(2.6,-2.1,0.15));
#2213 = CIRCLE('',#2214,5.E-02);
#2214 = AXIS2_PLACEMENT_3D('',#2215,#2216,#2217);
#2215 = CARTESIAN_POINT('',(2.55,-2.1,0.15));
#2216 = DIRECTION('',(1.224646799147E-16,1.,0.));
#2217 = DIRECTION('',(1.,-1.224646799147E-16,0.));
#2218 = ORIENTED_EDGE('',*,*,#2219,.T.);
#2219 = EDGE_CURVE('',#2211,#2220,#2222,.T.);
#2220 = VERTEX_POINT('',#2221);
#2221 = CARTESIAN_POINT('',(2.6,-2.1,0.85));
#2222 = LINE('',#2223,#2224);
#2223 = CARTESIAN_POINT('',(2.6,-2.1,5.E-02));
#2224 = VECTOR('',#2225,1.);
#2225 = DIRECTION('',(0.,0.,1.));
#2226 = ORIENTED_EDGE('',*,*,#2227,.F.);
#2227 = EDGE_CURVE('',#2151,#2220,#2228,.T.);
#2228 = CIRCLE('',#2229,5.E-02);
#2229 = AXIS2_PLACEMENT_3D('',#2230,#2231,#2232);
#2230 = CARTESIAN_POINT('',(2.55,-2.1,0.85));
#2231 = DIRECTION('',(1.224646799147E-16,1.,0.));
#2232 = DIRECTION('',(1.,-1.224646799147E-16,0.));
#2233 = ORIENTED_EDGE('',*,*,#2160,.F.);
#2234 = ORIENTED_EDGE('',*,*,#1395,.F.);
#2235 = ORIENTED_EDGE('',*,*,#2051,.T.);
#2236 = ORIENTED_EDGE('',*,*,#2237,.F.);
#2237 = EDGE_CURVE('',#2177,#2035,#2238,.T.);
#2238 = CIRCLE('',#2239,5.E-02);
#2239 = AXIS2_PLACEMENT_3D('',#2240,#2241,#2242);
#2240 = CARTESIAN_POINT('',(2.65,-2.1,0.95));
#2241 = DIRECTION('',(-1.224646799147E-16,-1.,0.));
#2242 = DIRECTION('',(-0.,0.,-1.));
#2243 = PLANE('',#2244);
#2244 = AXIS2_PLACEMENT_3D('',#2245,#2246,#2247);
#2245 = CARTESIAN_POINT('',(1.8,-2.1,0.));
#2246 = DIRECTION('',(1.224646799147E-16,1.,0.));
#2247 = DIRECTION('',(1.,-1.224646799147E-16,0.));
#2248 = ADVANCED_FACE('',(#2249),#2274,.T.);
#2249 = FACE_BOUND('',#2250,.T.);
#2250 = EDGE_LOOP('',(#2251,#2252,#2260,#2268));
#2251 = ORIENTED_EDGE('',*,*,#1459,.F.);
#2252 = ORIENTED_EDGE('',*,*,#2253,.T.);
#2253 = EDGE_CURVE('',#1460,#2254,#2256,.T.);
#2254 = VERTEX_POINT('',#2255);
#2255 = CARTESIAN_POINT('',(-2.55,2.1,0.1));
#2256 = LINE('',#2257,#2258);
#2257 = CARTESIAN_POINT('',(-2.025,2.1,0.1));
#2258 = VECTOR('',#2259,1.);
#2259 = DIRECTION('',(-1.,1.224646799147E-16,-4.996063166392E-32));
#2260 = ORIENTED_EDGE('',*,*,#2261,.T.);
#2261 = EDGE_CURVE('',#2254,#2262,#2264,.T.);
#2262 = VERTEX_POINT('',#2263);
#2263 = CARTESIAN_POINT('',(-2.55,1.2,0.1));
#2264 = LINE('',#2265,#2266);
#2265 = CARTESIAN_POINT('',(-2.55,2.2,0.1));
#2266 = VECTOR('',#2267,1.);
#2267 = DIRECTION('',(-1.224646799147E-16,-1.,0.));
#2268 = ORIENTED_EDGE('',*,*,#2269,.T.);
#2269 = EDGE_CURVE('',#2262,#1452,#2270,.T.);
#2270 = LINE('',#2271,#2272);
#2271 = CARTESIAN_POINT('',(-2.475,1.2,0.1));
#2272 = VECTOR('',#2273,1.);
#2273 = DIRECTION('',(1.,-1.224646799147E-16,4.996063166392E-32));
#2274 = PLANE('',#2275);
#2275 = AXIS2_PLACEMENT_3D('',#2276,#2277,#2278);
#2276 = CARTESIAN_POINT('',(-2.25,1.65,0.1));
#2277 = DIRECTION('',(-4.996063166392E-32,1.556307025767E-32,1.));
#2278 = DIRECTION('',(-1.,1.224646799147E-16,-4.996063166392E-32));
#2279 = ADVANCED_FACE('',(#2280),#2305,.T.);
#2280 = FACE_BOUND('',#2281,.T.);
#2281 = EDGE_LOOP('',(#2282,#2283,#2291,#2299));
#2282 = ORIENTED_EDGE('',*,*,#1443,.F.);
#2283 = ORIENTED_EDGE('',*,*,#2284,.T.);
#2284 = EDGE_CURVE('',#1444,#2285,#2287,.T.);
#2285 = VERTEX_POINT('',#2286);
#2286 = CARTESIAN_POINT('',(-2.55,-1.2,0.1));
#2287 = LINE('',#2288,#2289);
#2288 = CARTESIAN_POINT('',(-2.025,-1.2,0.1));
#2289 = VECTOR('',#2290,1.);
#2290 = DIRECTION('',(-1.,1.224646799147E-16,-4.996063166392E-32));
#2291 = ORIENTED_EDGE('',*,*,#2292,.T.);
#2292 = EDGE_CURVE('',#2285,#2293,#2295,.T.);
#2293 = VERTEX_POINT('',#2294);
#2294 = CARTESIAN_POINT('',(-2.55,-2.1,0.1));
#2295 = LINE('',#2296,#2297);
#2296 = CARTESIAN_POINT('',(-2.55,-1.1,0.1));
#2297 = VECTOR('',#2298,1.);
#2298 = DIRECTION('',(-1.224646799147E-16,-1.,0.));
#2299 = ORIENTED_EDGE('',*,*,#2300,.T.);
#2300 = EDGE_CURVE('',#2293,#1436,#2301,.T.);
#2301 = LINE('',#2302,#2303);
#2302 = CARTESIAN_POINT('',(-2.475,-2.1,0.1));
#2303 = VECTOR('',#2304,1.);
#2304 = DIRECTION('',(1.,-1.224646799147E-16,4.996063166392E-32));
#2305 = PLANE('',#2306);
#2306 = AXIS2_PLACEMENT_3D('',#2307,#2308,#2309);
#2307 = CARTESIAN_POINT('',(-2.25,-1.65,0.1));
#2308 = DIRECTION('',(-4.996063166392E-32,3.890767564419E-33,1.));
#2309 = DIRECTION('',(-1.,1.224646799147E-16,-4.996063166392E-32));
#2310 = ADVANCED_FACE('',(#2311),#2336,.T.);
#2311 = FACE_BOUND('',#2312,.T.);
#2312 = EDGE_LOOP('',(#2313,#2314,#2322,#2330));
#2313 = ORIENTED_EDGE('',*,*,#1475,.F.);
#2314 = ORIENTED_EDGE('',*,*,#2315,.T.);
#2315 = EDGE_CURVE('',#1476,#2316,#2318,.T.);
#2316 = VERTEX_POINT('',#2317);
#2317 = CARTESIAN_POINT('',(-2.65,-1.2,1.));
#2318 = LINE('',#2319,#2320);
#2319 = CARTESIAN_POINT('',(-1.8,-1.2,1.));
#2320 = VECTOR('',#2321,1.);
#2321 = DIRECTION('',(-1.,1.224646799147E-16,0.));
#2322 = ORIENTED_EDGE('',*,*,#2323,.T.);
#2323 = EDGE_CURVE('',#2316,#2324,#2326,.T.);
#2324 = VERTEX_POINT('',#2325);
#2325 = CARTESIAN_POINT('',(-2.65,-2.1,1.));
#2326 = LINE('',#2327,#2328);
#2327 = CARTESIAN_POINT('',(-2.65,-1.2,1.));
#2328 = VECTOR('',#2329,1.);
#2329 = DIRECTION('',(-1.224646799147E-16,-1.,0.));
#2330 = ORIENTED_EDGE('',*,*,#2331,.T.);
#2331 = EDGE_CURVE('',#2324,#1478,#2332,.T.);
#2332 = LINE('',#2333,#2334);
#2333 = CARTESIAN_POINT('',(-2.7,-2.1,1.));
#2334 = VECTOR('',#2335,1.);
#2335 = DIRECTION('',(1.,-1.224646799147E-16,0.));
#2336 = PLANE('',#2337);
#2337 = AXIS2_PLACEMENT_3D('',#2338,#2339,#2340);
#2338 = CARTESIAN_POINT('',(-2.25,-1.65,1.));
#2339 = DIRECTION('',(0.,0.,1.));
#2340 = DIRECTION('',(-1.,1.224646799147E-16,0.));
#2341 = ADVANCED_FACE('',(#2342),#2421,.F.);
#2342 = FACE_BOUND('',#2343,.F.);
#2343 = EDGE_LOOP('',(#2344,#2355,#2363,#2370,#2371,#2372,#2380,#2389,
    #2397,#2404,#2405,#2406,#2407,#2415));
#2344 = ORIENTED_EDGE('',*,*,#2345,.F.);
#2345 = EDGE_CURVE('',#2346,#2348,#2350,.T.);
#2346 = VERTEX_POINT('',#2347);
#2347 = CARTESIAN_POINT('',(-2.7,-2.1,5.E-02));
#2348 = VERTEX_POINT('',#2349);
#2349 = CARTESIAN_POINT('',(-2.65,-2.1,-6.938893903907E-18));
#2350 = CIRCLE('',#2351,5.E-02);
#2351 = AXIS2_PLACEMENT_3D('',#2352,#2353,#2354);
#2352 = CARTESIAN_POINT('',(-2.65,-2.1,5.E-02));
#2353 = DIRECTION('',(-1.224646799147E-16,-1.,0.));
#2354 = DIRECTION('',(0.,0.,1.));
#2355 = ORIENTED_EDGE('',*,*,#2356,.T.);
#2356 = EDGE_CURVE('',#2346,#2357,#2359,.T.);
#2357 = VERTEX_POINT('',#2358);
#2358 = CARTESIAN_POINT('',(-2.7,-2.1,0.95));
#2359 = LINE('',#2360,#2361);
#2360 = CARTESIAN_POINT('',(-2.7,-2.1,0.));
#2361 = VECTOR('',#2362,1.);
#2362 = DIRECTION('',(0.,0.,1.));
#2363 = ORIENTED_EDGE('',*,*,#2364,.F.);
#2364 = EDGE_CURVE('',#2324,#2357,#2365,.T.);
#2365 = CIRCLE('',#2366,5.E-02);
#2366 = AXIS2_PLACEMENT_3D('',#2367,#2368,#2369);
#2367 = CARTESIAN_POINT('',(-2.65,-2.1,0.95));
#2368 = DIRECTION('',(-1.224646799147E-16,-1.,0.));
#2369 = DIRECTION('',(0.,0.,1.));
#2370 = ORIENTED_EDGE('',*,*,#2331,.T.);
#2371 = ORIENTED_EDGE('',*,*,#1501,.F.);
#2372 = ORIENTED_EDGE('',*,*,#2373,.F.);
#2373 = EDGE_CURVE('',#2374,#1494,#2376,.T.);
#2374 = VERTEX_POINT('',#2375);
#2375 = CARTESIAN_POINT('',(-2.55,-2.1,0.9));
#2376 = LINE('',#2377,#2378);
#2377 = CARTESIAN_POINT('',(-2.475,-2.1,0.9));
#2378 = VECTOR('',#2379,1.);
#2379 = DIRECTION('',(1.,-1.224646799147E-16,4.996063166392E-32));
#2380 = ORIENTED_EDGE('',*,*,#2381,.T.);
#2381 = EDGE_CURVE('',#2374,#2382,#2384,.T.);
#2382 = VERTEX_POINT('',#2383);
#2383 = CARTESIAN_POINT('',(-2.6,-2.1,0.85));
#2384 = CIRCLE('',#2385,5.E-02);
#2385 = AXIS2_PLACEMENT_3D('',#2386,#2387,#2388);
#2386 = CARTESIAN_POINT('',(-2.55,-2.1,0.85));
#2387 = DIRECTION('',(-1.224646799147E-16,-1.,0.));
#2388 = DIRECTION('',(-1.,1.224646799147E-16,0.));
#2389 = ORIENTED_EDGE('',*,*,#2390,.T.);
#2390 = EDGE_CURVE('',#2382,#2391,#2393,.T.);
#2391 = VERTEX_POINT('',#2392);
#2392 = CARTESIAN_POINT('',(-2.6,-2.1,0.15));
#2393 = LINE('',#2394,#2395);
#2394 = CARTESIAN_POINT('',(-2.6,-2.1,5.E-02));
#2395 = VECTOR('',#2396,1.);
#2396 = DIRECTION('',(0.,0.,-1.));
#2397 = ORIENTED_EDGE('',*,*,#2398,.T.);
#2398 = EDGE_CURVE('',#2391,#2293,#2399,.T.);
#2399 = CIRCLE('',#2400,5.E-02);
#2400 = AXIS2_PLACEMENT_3D('',#2401,#2402,#2403);
#2401 = CARTESIAN_POINT('',(-2.55,-2.1,0.15));
#2402 = DIRECTION('',(-1.224646799147E-16,-1.,0.));
#2403 = DIRECTION('',(4.996063166392E-32,-6.118412765058E-48,-1.));
#2404 = ORIENTED_EDGE('',*,*,#2300,.T.);
#2405 = ORIENTED_EDGE('',*,*,#1660,.T.);
#2406 = ORIENTED_EDGE('',*,*,#1652,.F.);
#2407 = ORIENTED_EDGE('',*,*,#2408,.F.);
#2408 = EDGE_CURVE('',#2409,#1645,#2411,.T.);
#2409 = VERTEX_POINT('',#2410);
#2410 = CARTESIAN_POINT('',(-1.8,-2.1,0.));
#2411 = LINE('',#2412,#2413);
#2412 = CARTESIAN_POINT('',(-1.8,-2.1,0.));
#2413 = VECTOR('',#2414,1.);
#2414 = DIRECTION('',(0.,0.,1.));
#2415 = ORIENTED_EDGE('',*,*,#2416,.F.);
#2416 = EDGE_CURVE('',#2348,#2409,#2417,.T.);
#2417 = LINE('',#2418,#2419);
#2418 = CARTESIAN_POINT('',(-2.7,-2.1,0.));
#2419 = VECTOR('',#2420,1.);
#2420 = DIRECTION('',(1.,-1.224646799147E-16,0.));
#2421 = PLANE('',#2422);
#2422 = AXIS2_PLACEMENT_3D('',#2423,#2424,#2425);
#2423 = CARTESIAN_POINT('',(-2.7,-2.1,0.));
#2424 = DIRECTION('',(1.224646799147E-16,1.,0.));
#2425 = DIRECTION('',(1.,-1.224646799147E-16,0.));
#2426 = ADVANCED_FACE('',(#2427),#2445,.F.);
#2427 = FACE_BOUND('',#2428,.F.);
#2428 = EDGE_LOOP('',(#2429,#2430,#2438,#2444));
#2429 = ORIENTED_EDGE('',*,*,#1493,.F.);
#2430 = ORIENTED_EDGE('',*,*,#2431,.T.);
#2431 = EDGE_CURVE('',#1486,#2432,#2434,.T.);
#2432 = VERTEX_POINT('',#2433);
#2433 = CARTESIAN_POINT('',(-2.55,-1.2,0.9));
#2434 = LINE('',#2435,#2436);
#2435 = CARTESIAN_POINT('',(-2.025,-1.2,0.9));
#2436 = VECTOR('',#2437,1.);
#2437 = DIRECTION('',(-1.,1.224646799147E-16,-4.996063166392E-32));
#2438 = ORIENTED_EDGE('',*,*,#2439,.T.);
#2439 = EDGE_CURVE('',#2432,#2374,#2440,.T.);
#2440 = LINE('',#2441,#2442);
#2441 = CARTESIAN_POINT('',(-2.55,-1.1,0.9));
#2442 = VECTOR('',#2443,1.);
#2443 = DIRECTION('',(-1.224646799147E-16,-1.,0.));
#2444 = ORIENTED_EDGE('',*,*,#2373,.T.);
#2445 = PLANE('',#2446);
#2446 = AXIS2_PLACEMENT_3D('',#2447,#2448,#2449);
#2447 = CARTESIAN_POINT('',(-2.25,-1.65,0.9));
#2448 = DIRECTION('',(-4.996063166392E-32,3.890767564419E-33,1.));
#2449 = DIRECTION('',(-1.,1.224646799147E-16,-4.996063166392E-32));
#2450 = ADVANCED_FACE('',(#2451),#2523,.F.);
#2451 = FACE_BOUND('',#2452,.F.);
#2452 = EDGE_LOOP('',(#2453,#2463,#2472,#2480,#2486,#2487,#2488,#2489,
    #2498,#2506,#2513,#2514,#2515,#2516));
#2453 = ORIENTED_EDGE('',*,*,#2454,.F.);
#2454 = EDGE_CURVE('',#2455,#2457,#2459,.T.);
#2455 = VERTEX_POINT('',#2456);
#2456 = CARTESIAN_POINT('',(-2.7,-1.2,5.E-02));
#2457 = VERTEX_POINT('',#2458);
#2458 = CARTESIAN_POINT('',(-2.7,-1.2,0.95));
#2459 = LINE('',#2460,#2461);
#2460 = CARTESIAN_POINT('',(-2.7,-1.2,0.));
#2461 = VECTOR('',#2462,1.);
#2462 = DIRECTION('',(0.,0.,1.));
#2463 = ORIENTED_EDGE('',*,*,#2464,.T.);
#2464 = EDGE_CURVE('',#2455,#2465,#2467,.T.);
#2465 = VERTEX_POINT('',#2466);
#2466 = CARTESIAN_POINT('',(-2.65,-1.2,-6.938893903907E-18));
#2467 = CIRCLE('',#2468,5.E-02);
#2468 = AXIS2_PLACEMENT_3D('',#2469,#2470,#2471);
#2469 = CARTESIAN_POINT('',(-2.65,-1.2,5.E-02));
#2470 = DIRECTION('',(-1.224646799147E-16,-1.,0.));
#2471 = DIRECTION('',(0.,0.,1.));
#2472 = ORIENTED_EDGE('',*,*,#2473,.F.);
#2473 = EDGE_CURVE('',#2474,#2465,#2476,.T.);
#2474 = VERTEX_POINT('',#2475);
#2475 = CARTESIAN_POINT('',(-1.8,-1.2,0.));
#2476 = LINE('',#2477,#2478);
#2477 = CARTESIAN_POINT('',(-1.8,-1.2,0.));
#2478 = VECTOR('',#2479,1.);
#2479 = DIRECTION('',(-1.,1.224646799147E-16,0.));
#2480 = ORIENTED_EDGE('',*,*,#2481,.T.);
#2481 = EDGE_CURVE('',#2474,#1637,#2482,.T.);
#2482 = LINE('',#2483,#2484);
#2483 = CARTESIAN_POINT('',(-1.8,-1.2,0.));
#2484 = VECTOR('',#2485,1.);
#2485 = DIRECTION('',(0.,0.,1.));
#2486 = ORIENTED_EDGE('',*,*,#1636,.F.);
#2487 = ORIENTED_EDGE('',*,*,#1628,.T.);
#2488 = ORIENTED_EDGE('',*,*,#2284,.T.);
#2489 = ORIENTED_EDGE('',*,*,#2490,.F.);
#2490 = EDGE_CURVE('',#2491,#2285,#2493,.T.);
#2491 = VERTEX_POINT('',#2492);
#2492 = CARTESIAN_POINT('',(-2.6,-1.2,0.15));
#2493 = CIRCLE('',#2494,5.E-02);
#2494 = AXIS2_PLACEMENT_3D('',#2495,#2496,#2497);
#2495 = CARTESIAN_POINT('',(-2.55,-1.2,0.15));
#2496 = DIRECTION('',(-1.224646799147E-16,-1.,0.));
#2497 = DIRECTION('',(4.996063166392E-32,-6.118412765058E-48,-1.));
#2498 = ORIENTED_EDGE('',*,*,#2499,.T.);
#2499 = EDGE_CURVE('',#2491,#2500,#2502,.T.);
#2500 = VERTEX_POINT('',#2501);
#2501 = CARTESIAN_POINT('',(-2.6,-1.2,0.85));
#2502 = LINE('',#2503,#2504);
#2503 = CARTESIAN_POINT('',(-2.6,-1.2,5.E-02));
#2504 = VECTOR('',#2505,1.);
#2505 = DIRECTION('',(0.,0.,1.));
#2506 = ORIENTED_EDGE('',*,*,#2507,.F.);
#2507 = EDGE_CURVE('',#2432,#2500,#2508,.T.);
#2508 = CIRCLE('',#2509,5.E-02);
#2509 = AXIS2_PLACEMENT_3D('',#2510,#2511,#2512);
#2510 = CARTESIAN_POINT('',(-2.55,-1.2,0.85));
#2511 = DIRECTION('',(-1.224646799147E-16,-1.,0.));
#2512 = DIRECTION('',(-1.,1.224646799147E-16,0.));
#2513 = ORIENTED_EDGE('',*,*,#2431,.F.);
#2514 = ORIENTED_EDGE('',*,*,#1485,.F.);
#2515 = ORIENTED_EDGE('',*,*,#2315,.T.);
#2516 = ORIENTED_EDGE('',*,*,#2517,.T.);
#2517 = EDGE_CURVE('',#2316,#2457,#2518,.T.);
#2518 = CIRCLE('',#2519,5.E-02);
#2519 = AXIS2_PLACEMENT_3D('',#2520,#2521,#2522);
#2520 = CARTESIAN_POINT('',(-2.65,-1.2,0.95));
#2521 = DIRECTION('',(-1.224646799147E-16,-1.,0.));
#2522 = DIRECTION('',(0.,0.,1.));
#2523 = PLANE('',#2524);
#2524 = AXIS2_PLACEMENT_3D('',#2525,#2526,#2527);
#2525 = CARTESIAN_POINT('',(-1.8,-1.2,0.));
#2526 = DIRECTION('',(-1.224646799147E-16,-1.,0.));
#2527 = DIRECTION('',(-1.,1.224646799147E-16,0.));
#2528 = ADVANCED_FACE('',(#2529),#2554,.T.);
#2529 = FACE_BOUND('',#2530,.T.);
#2530 = EDGE_LOOP('',(#2531,#2532,#2540,#2548));
#2531 = ORIENTED_EDGE('',*,*,#1509,.F.);
#2532 = ORIENTED_EDGE('',*,*,#2533,.T.);
#2533 = EDGE_CURVE('',#1510,#2534,#2536,.T.);
#2534 = VERTEX_POINT('',#2535);
#2535 = CARTESIAN_POINT('',(-2.65,2.1,1.));
#2536 = LINE('',#2537,#2538);
#2537 = CARTESIAN_POINT('',(-1.8,2.1,1.));
#2538 = VECTOR('',#2539,1.);
#2539 = DIRECTION('',(-1.,1.224646799147E-16,0.));
#2540 = ORIENTED_EDGE('',*,*,#2541,.T.);
#2541 = EDGE_CURVE('',#2534,#2542,#2544,.T.);
#2542 = VERTEX_POINT('',#2543);
#2543 = CARTESIAN_POINT('',(-2.65,1.2,1.));
#2544 = LINE('',#2545,#2546);
#2545 = CARTESIAN_POINT('',(-2.65,2.1,1.));
#2546 = VECTOR('',#2547,1.);
#2547 = DIRECTION('',(-1.224646799147E-16,-1.,0.));
#2548 = ORIENTED_EDGE('',*,*,#2549,.T.);
#2549 = EDGE_CURVE('',#2542,#1512,#2550,.T.);
#2550 = LINE('',#2551,#2552);
#2551 = CARTESIAN_POINT('',(-2.7,1.2,1.));
#2552 = VECTOR('',#2553,1.);
#2553 = DIRECTION('',(1.,-1.224646799147E-16,0.));
#2554 = PLANE('',#2555);
#2555 = AXIS2_PLACEMENT_3D('',#2556,#2557,#2558);
#2556 = CARTESIAN_POINT('',(-2.25,1.65,1.));
#2557 = DIRECTION('',(0.,0.,1.));
#2558 = DIRECTION('',(-1.,1.224646799147E-16,0.));
#2559 = ADVANCED_FACE('',(#2560),#2639,.F.);
#2560 = FACE_BOUND('',#2561,.F.);
#2561 = EDGE_LOOP('',(#2562,#2573,#2581,#2588,#2589,#2590,#2598,#2607,
    #2615,#2622,#2623,#2624,#2625,#2633));
#2562 = ORIENTED_EDGE('',*,*,#2563,.F.);
#2563 = EDGE_CURVE('',#2564,#2566,#2568,.T.);
#2564 = VERTEX_POINT('',#2565);
#2565 = CARTESIAN_POINT('',(-2.7,1.2,5.E-02));
#2566 = VERTEX_POINT('',#2567);
#2567 = CARTESIAN_POINT('',(-2.65,1.2,-6.938893903907E-18));
#2568 = CIRCLE('',#2569,5.E-02);
#2569 = AXIS2_PLACEMENT_3D('',#2570,#2571,#2572);
#2570 = CARTESIAN_POINT('',(-2.65,1.2,5.E-02));
#2571 = DIRECTION('',(-1.224646799147E-16,-1.,0.));
#2572 = DIRECTION('',(0.,0.,1.));
#2573 = ORIENTED_EDGE('',*,*,#2574,.T.);
#2574 = EDGE_CURVE('',#2564,#2575,#2577,.T.);
#2575 = VERTEX_POINT('',#2576);
#2576 = CARTESIAN_POINT('',(-2.7,1.2,0.95));
#2577 = LINE('',#2578,#2579);
#2578 = CARTESIAN_POINT('',(-2.7,1.2,0.));
#2579 = VECTOR('',#2580,1.);
#2580 = DIRECTION('',(0.,0.,1.));
#2581 = ORIENTED_EDGE('',*,*,#2582,.F.);
#2582 = EDGE_CURVE('',#2542,#2575,#2583,.T.);
#2583 = CIRCLE('',#2584,5.E-02);
#2584 = AXIS2_PLACEMENT_3D('',#2585,#2586,#2587);
#2585 = CARTESIAN_POINT('',(-2.65,1.2,0.95));
#2586 = DIRECTION('',(-1.224646799147E-16,-1.,0.));
#2587 = DIRECTION('',(0.,0.,1.));
#2588 = ORIENTED_EDGE('',*,*,#2549,.T.);
#2589 = ORIENTED_EDGE('',*,*,#1535,.F.);
#2590 = ORIENTED_EDGE('',*,*,#2591,.F.);
#2591 = EDGE_CURVE('',#2592,#1528,#2594,.T.);
#2592 = VERTEX_POINT('',#2593);
#2593 = CARTESIAN_POINT('',(-2.55,1.2,0.9));
#2594 = LINE('',#2595,#2596);
#2595 = CARTESIAN_POINT('',(-2.475,1.2,0.9));
#2596 = VECTOR('',#2597,1.);
#2597 = DIRECTION('',(1.,-1.224646799147E-16,4.996063166392E-32));
#2598 = ORIENTED_EDGE('',*,*,#2599,.T.);
#2599 = EDGE_CURVE('',#2592,#2600,#2602,.T.);
#2600 = VERTEX_POINT('',#2601);
#2601 = CARTESIAN_POINT('',(-2.6,1.2,0.85));
#2602 = CIRCLE('',#2603,5.E-02);
#2603 = AXIS2_PLACEMENT_3D('',#2604,#2605,#2606);
#2604 = CARTESIAN_POINT('',(-2.55,1.2,0.85));
#2605 = DIRECTION('',(-1.224646799147E-16,-1.,0.));
#2606 = DIRECTION('',(-1.,1.224646799147E-16,0.));
#2607 = ORIENTED_EDGE('',*,*,#2608,.T.);
#2608 = EDGE_CURVE('',#2600,#2609,#2611,.T.);
#2609 = VERTEX_POINT('',#2610);
#2610 = CARTESIAN_POINT('',(-2.6,1.2,0.15));
#2611 = LINE('',#2612,#2613);
#2612 = CARTESIAN_POINT('',(-2.6,1.2,5.E-02));
#2613 = VECTOR('',#2614,1.);
#2614 = DIRECTION('',(0.,0.,-1.));
#2615 = ORIENTED_EDGE('',*,*,#2616,.T.);
#2616 = EDGE_CURVE('',#2609,#2262,#2617,.T.);
#2617 = CIRCLE('',#2618,5.E-02);
#2618 = AXIS2_PLACEMENT_3D('',#2619,#2620,#2621);
#2619 = CARTESIAN_POINT('',(-2.55,1.2,0.15));
#2620 = DIRECTION('',(-1.224646799147E-16,-1.,0.));
#2621 = DIRECTION('',(4.996063166392E-32,-6.118412765058E-48,-1.));
#2622 = ORIENTED_EDGE('',*,*,#2269,.T.);
#2623 = ORIENTED_EDGE('',*,*,#1621,.T.);
#2624 = ORIENTED_EDGE('',*,*,#1613,.F.);
#2625 = ORIENTED_EDGE('',*,*,#2626,.F.);
#2626 = EDGE_CURVE('',#2627,#1606,#2629,.T.);
#2627 = VERTEX_POINT('',#2628);
#2628 = CARTESIAN_POINT('',(-1.8,1.2,0.));
#2629 = LINE('',#2630,#2631);
#2630 = CARTESIAN_POINT('',(-1.8,1.2,0.));
#2631 = VECTOR('',#2632,1.);
#2632 = DIRECTION('',(0.,0.,1.));
#2633 = ORIENTED_EDGE('',*,*,#2634,.F.);
#2634 = EDGE_CURVE('',#2566,#2627,#2635,.T.);
#2635 = LINE('',#2636,#2637);
#2636 = CARTESIAN_POINT('',(-2.7,1.2,0.));
#2637 = VECTOR('',#2638,1.);
#2638 = DIRECTION('',(1.,-1.224646799147E-16,0.));
#2639 = PLANE('',#2640);
#2640 = AXIS2_PLACEMENT_3D('',#2641,#2642,#2643);
#2641 = CARTESIAN_POINT('',(-2.7,1.2,0.));
#2642 = DIRECTION('',(1.224646799147E-16,1.,0.));
#2643 = DIRECTION('',(1.,-1.224646799147E-16,0.));
#2644 = ADVANCED_FACE('',(#2645),#2663,.F.);
#2645 = FACE_BOUND('',#2646,.F.);
#2646 = EDGE_LOOP('',(#2647,#2648,#2656,#2662));
#2647 = ORIENTED_EDGE('',*,*,#1527,.F.);
#2648 = ORIENTED_EDGE('',*,*,#2649,.T.);
#2649 = EDGE_CURVE('',#1520,#2650,#2652,.T.);
#2650 = VERTEX_POINT('',#2651);
#2651 = CARTESIAN_POINT('',(-2.55,2.1,0.9));
#2652 = LINE('',#2653,#2654);
#2653 = CARTESIAN_POINT('',(-2.025,2.1,0.9));
#2654 = VECTOR('',#2655,1.);
#2655 = DIRECTION('',(-1.,1.224646799147E-16,-4.996063166392E-32));
#2656 = ORIENTED_EDGE('',*,*,#2657,.T.);
#2657 = EDGE_CURVE('',#2650,#2592,#2658,.T.);
#2658 = LINE('',#2659,#2660);
#2659 = CARTESIAN_POINT('',(-2.55,2.2,0.9));
#2660 = VECTOR('',#2661,1.);
#2661 = DIRECTION('',(-1.224646799147E-16,-1.,0.));
#2662 = ORIENTED_EDGE('',*,*,#2591,.T.);
#2663 = PLANE('',#2664);
#2664 = AXIS2_PLACEMENT_3D('',#2665,#2666,#2667);
#2665 = CARTESIAN_POINT('',(-2.25,1.65,0.9));
#2666 = DIRECTION('',(-4.996063166392E-32,1.556307025767E-32,1.));
#2667 = DIRECTION('',(-1.,1.224646799147E-16,-4.996063166392E-32));
#2668 = ADVANCED_FACE('',(#2669),#2741,.F.);
#2669 = FACE_BOUND('',#2670,.F.);
#2670 = EDGE_LOOP('',(#2671,#2681,#2690,#2698,#2704,#2705,#2706,#2707,
    #2716,#2724,#2731,#2732,#2733,#2734));
#2671 = ORIENTED_EDGE('',*,*,#2672,.F.);
#2672 = EDGE_CURVE('',#2673,#2675,#2677,.T.);
#2673 = VERTEX_POINT('',#2674);
#2674 = CARTESIAN_POINT('',(-2.7,2.1,5.E-02));
#2675 = VERTEX_POINT('',#2676);
#2676 = CARTESIAN_POINT('',(-2.7,2.1,0.95));
#2677 = LINE('',#2678,#2679);
#2678 = CARTESIAN_POINT('',(-2.7,2.1,0.));
#2679 = VECTOR('',#2680,1.);
#2680 = DIRECTION('',(0.,0.,1.));
#2681 = ORIENTED_EDGE('',*,*,#2682,.T.);
#2682 = EDGE_CURVE('',#2673,#2683,#2685,.T.);
#2683 = VERTEX_POINT('',#2684);
#2684 = CARTESIAN_POINT('',(-2.65,2.1,-6.938893903907E-18));
#2685 = CIRCLE('',#2686,5.E-02);
#2686 = AXIS2_PLACEMENT_3D('',#2687,#2688,#2689);
#2687 = CARTESIAN_POINT('',(-2.65,2.1,5.E-02));
#2688 = DIRECTION('',(-1.224646799147E-16,-1.,0.));
#2689 = DIRECTION('',(0.,0.,1.));
#2690 = ORIENTED_EDGE('',*,*,#2691,.F.);
#2691 = EDGE_CURVE('',#2692,#2683,#2694,.T.);
#2692 = VERTEX_POINT('',#2693);
#2693 = CARTESIAN_POINT('',(-1.8,2.1,0.));
#2694 = LINE('',#2695,#2696);
#2695 = CARTESIAN_POINT('',(-1.8,2.1,0.));
#2696 = VECTOR('',#2697,1.);
#2697 = DIRECTION('',(-1.,1.224646799147E-16,0.));
#2698 = ORIENTED_EDGE('',*,*,#2699,.T.);
#2699 = EDGE_CURVE('',#2692,#1598,#2700,.T.);
#2700 = LINE('',#2701,#2702);
#2701 = CARTESIAN_POINT('',(-1.8,2.1,0.));
#2702 = VECTOR('',#2703,1.);
#2703 = DIRECTION('',(0.,0.,1.));
#2704 = ORIENTED_EDGE('',*,*,#1597,.F.);
#2705 = ORIENTED_EDGE('',*,*,#1589,.T.);
#2706 = ORIENTED_EDGE('',*,*,#2253,.T.);
#2707 = ORIENTED_EDGE('',*,*,#2708,.F.);
#2708 = EDGE_CURVE('',#2709,#2254,#2711,.T.);
#2709 = VERTEX_POINT('',#2710);
#2710 = CARTESIAN_POINT('',(-2.6,2.1,0.15));
#2711 = CIRCLE('',#2712,5.E-02);
#2712 = AXIS2_PLACEMENT_3D('',#2713,#2714,#2715);
#2713 = CARTESIAN_POINT('',(-2.55,2.1,0.15));
#2714 = DIRECTION('',(-1.224646799147E-16,-1.,0.));
#2715 = DIRECTION('',(4.996063166392E-32,-6.118412765058E-48,-1.));
#2716 = ORIENTED_EDGE('',*,*,#2717,.T.);
#2717 = EDGE_CURVE('',#2709,#2718,#2720,.T.);
#2718 = VERTEX_POINT('',#2719);
#2719 = CARTESIAN_POINT('',(-2.6,2.1,0.85));
#2720 = LINE('',#2721,#2722);
#2721 = CARTESIAN_POINT('',(-2.6,2.1,5.E-02));
#2722 = VECTOR('',#2723,1.);
#2723 = DIRECTION('',(0.,0.,1.));
#2724 = ORIENTED_EDGE('',*,*,#2725,.F.);
#2725 = EDGE_CURVE('',#2650,#2718,#2726,.T.);
#2726 = CIRCLE('',#2727,5.E-02);
#2727 = AXIS2_PLACEMENT_3D('',#2728,#2729,#2730);
#2728 = CARTESIAN_POINT('',(-2.55,2.1,0.85));
#2729 = DIRECTION('',(-1.224646799147E-16,-1.,0.));
#2730 = DIRECTION('',(-1.,1.224646799147E-16,0.));
#2731 = ORIENTED_EDGE('',*,*,#2649,.F.);
#2732 = ORIENTED_EDGE('',*,*,#1519,.F.);
#2733 = ORIENTED_EDGE('',*,*,#2533,.T.);
#2734 = ORIENTED_EDGE('',*,*,#2735,.T.);
#2735 = EDGE_CURVE('',#2534,#2675,#2736,.T.);
#2736 = CIRCLE('',#2737,5.E-02);
#2737 = AXIS2_PLACEMENT_3D('',#2738,#2739,#2740);
#2738 = CARTESIAN_POINT('',(-2.65,2.1,0.95));
#2739 = DIRECTION('',(-1.224646799147E-16,-1.,0.));
#2740 = DIRECTION('',(0.,0.,1.));
#2741 = PLANE('',#2742);
#2742 = AXIS2_PLACEMENT_3D('',#2743,#2744,#2745);
#2743 = CARTESIAN_POINT('',(-1.8,2.1,0.));
#2744 = DIRECTION('',(-1.224646799147E-16,-1.,0.));
#2745 = DIRECTION('',(-1.,1.224646799147E-16,0.));
#2746 = ADVANCED_FACE('',(#2747),#2758,.F.);
#2747 = FACE_BOUND('',#2748,.F.);
#2748 = EDGE_LOOP('',(#2749,#2755,#2756,#2757));
#2749 = ORIENTED_EDGE('',*,*,#2750,.F.);
#2750 = EDGE_CURVE('',#2013,#1867,#2751,.T.);
#2751 = LINE('',#2752,#2753);
#2752 = CARTESIAN_POINT('',(1.8,2.1,0.));
#2753 = VECTOR('',#2754,1.);
#2754 = DIRECTION('',(-1.224646799147E-16,-1.,0.));
#2755 = ORIENTED_EDGE('',*,*,#2012,.T.);
#2756 = ORIENTED_EDGE('',*,*,#1724,.F.);
#2757 = ORIENTED_EDGE('',*,*,#1874,.F.);
#2758 = PLANE('',#2759);
#2759 = AXIS2_PLACEMENT_3D('',#2760,#2761,#2762);
#2760 = CARTESIAN_POINT('',(1.8,2.1,0.));
#2761 = DIRECTION('',(1.,-1.224646799147E-16,0.));
#2762 = DIRECTION('',(-1.224646799147E-16,-1.,0.));
#2763 = ADVANCED_FACE('',(#2764),#2775,.F.);
#2764 = FACE_BOUND('',#2765,.F.);
#2765 = EDGE_LOOP('',(#2766,#2772,#2773,#2774));
#2766 = ORIENTED_EDGE('',*,*,#2767,.F.);
#2767 = EDGE_CURVE('',#2129,#2194,#2768,.T.);
#2768 = LINE('',#2769,#2770);
#2769 = CARTESIAN_POINT('',(1.8,-1.2,0.));
#2770 = VECTOR('',#2771,1.);
#2771 = DIRECTION('',(-1.224646799147E-16,-1.,0.));
#2772 = ORIENTED_EDGE('',*,*,#2128,.T.);
#2773 = ORIENTED_EDGE('',*,*,#1685,.F.);
#2774 = ORIENTED_EDGE('',*,*,#2201,.F.);
#2775 = PLANE('',#2776);
#2776 = AXIS2_PLACEMENT_3D('',#2777,#2778,#2779);
#2777 = CARTESIAN_POINT('',(1.8,-1.2,0.));
#2778 = DIRECTION('',(1.,-1.224646799147E-16,0.));
#2779 = DIRECTION('',(-1.224646799147E-16,-1.,0.));
#2780 = ADVANCED_FACE('',(#2781),#2792,.F.);
#2781 = FACE_BOUND('',#2782,.F.);
#2782 = EDGE_LOOP('',(#2783,#2789,#2790,#2791));
#2783 = ORIENTED_EDGE('',*,*,#2784,.F.);
#2784 = EDGE_CURVE('',#2409,#2474,#2785,.T.);
#2785 = LINE('',#2786,#2787);
#2786 = CARTESIAN_POINT('',(-1.8,-2.1,0.));
#2787 = VECTOR('',#2788,1.);
#2788 = DIRECTION('',(1.224646799147E-16,1.,0.));
#2789 = ORIENTED_EDGE('',*,*,#2408,.T.);
#2790 = ORIENTED_EDGE('',*,*,#1644,.F.);
#2791 = ORIENTED_EDGE('',*,*,#2481,.F.);
#2792 = PLANE('',#2793);
#2793 = AXIS2_PLACEMENT_3D('',#2794,#2795,#2796);
#2794 = CARTESIAN_POINT('',(-1.8,-2.1,0.));
#2795 = DIRECTION('',(-1.,1.224646799147E-16,0.));
#2796 = DIRECTION('',(1.224646799147E-16,1.,0.));
#2797 = ADVANCED_FACE('',(#2798),#2809,.F.);
#2798 = FACE_BOUND('',#2799,.F.);
#2799 = EDGE_LOOP('',(#2800,#2806,#2807,#2808));
#2800 = ORIENTED_EDGE('',*,*,#2801,.F.);
#2801 = EDGE_CURVE('',#2627,#2692,#2802,.T.);
#2802 = LINE('',#2803,#2804);
#2803 = CARTESIAN_POINT('',(-1.8,1.2,0.));
#2804 = VECTOR('',#2805,1.);
#2805 = DIRECTION('',(1.224646799147E-16,1.,0.));
#2806 = ORIENTED_EDGE('',*,*,#2626,.T.);
#2807 = ORIENTED_EDGE('',*,*,#1605,.F.);
#2808 = ORIENTED_EDGE('',*,*,#2699,.F.);
#2809 = PLANE('',#2810);
#2810 = AXIS2_PLACEMENT_3D('',#2811,#2812,#2813);
#2811 = CARTESIAN_POINT('',(-1.8,1.2,0.));
#2812 = DIRECTION('',(-1.,1.224646799147E-16,0.));
#2813 = DIRECTION('',(1.224646799147E-16,1.,0.));
#2814 = ADVANCED_FACE('',(#2815),#2826,.F.);
#2815 = FACE_BOUND('',#2816,.F.);
#2816 = EDGE_LOOP('',(#2817,#2818,#2819,#2820));
#2817 = ORIENTED_EDGE('',*,*,#1883,.T.);
#2818 = ORIENTED_EDGE('',*,*,#1754,.T.);
#2819 = ORIENTED_EDGE('',*,*,#2002,.F.);
#2820 = ORIENTED_EDGE('',*,*,#2821,.F.);
#2821 = EDGE_CURVE('',#1884,#1995,#2822,.T.);
#2822 = LINE('',#2823,#2824);
#2823 = CARTESIAN_POINT('',(2.6,1.1,0.15));
#2824 = VECTOR('',#2825,1.);
#2825 = DIRECTION('',(1.224646799147E-16,1.,0.));
#2826 = CYLINDRICAL_SURFACE('',#2827,5.E-02);
#2827 = AXIS2_PLACEMENT_3D('',#2828,#2829,#2830);
#2828 = CARTESIAN_POINT('',(2.55,1.1,0.15));
#2829 = DIRECTION('',(1.224646799147E-16,1.,0.));
#2830 = DIRECTION('',(1.,-1.224646799147E-16,0.));
#2831 = ADVANCED_FACE('',(#2832),#2843,.F.);
#2832 = FACE_BOUND('',#2833,.F.);
#2833 = EDGE_LOOP('',(#2834,#2835,#2836,#2837));
#2834 = ORIENTED_EDGE('',*,*,#2210,.T.);
#2835 = ORIENTED_EDGE('',*,*,#1785,.T.);
#2836 = ORIENTED_EDGE('',*,*,#2118,.F.);
#2837 = ORIENTED_EDGE('',*,*,#2838,.F.);
#2838 = EDGE_CURVE('',#2211,#2111,#2839,.T.);
#2839 = LINE('',#2840,#2841);
#2840 = CARTESIAN_POINT('',(2.6,-2.2,0.15));
#2841 = VECTOR('',#2842,1.);
#2842 = DIRECTION('',(1.224646799147E-16,1.,0.));
#2843 = CYLINDRICAL_SURFACE('',#2844,5.E-02);
#2844 = AXIS2_PLACEMENT_3D('',#2845,#2846,#2847);
#2845 = CARTESIAN_POINT('',(2.55,-2.2,0.15));
#2846 = DIRECTION('',(1.224646799147E-16,1.,0.));
#2847 = DIRECTION('',(1.,-1.224646799147E-16,0.));
#2848 = ADVANCED_FACE('',(#2849),#2860,.F.);
#2849 = FACE_BOUND('',#2850,.F.);
#2850 = EDGE_LOOP('',(#2851,#2857,#2858,#2859));
#2851 = ORIENTED_EDGE('',*,*,#2852,.T.);
#2852 = EDGE_CURVE('',#1893,#1986,#2853,.T.);
#2853 = LINE('',#2854,#2855);
#2854 = CARTESIAN_POINT('',(2.6,1.1,0.85));
#2855 = VECTOR('',#2856,1.);
#2856 = DIRECTION('',(1.224646799147E-16,1.,0.));
#2857 = ORIENTED_EDGE('',*,*,#1985,.F.);
#2858 = ORIENTED_EDGE('',*,*,#1816,.F.);
#2859 = ORIENTED_EDGE('',*,*,#1900,.T.);
#2860 = CYLINDRICAL_SURFACE('',#2861,5.E-02);
#2861 = AXIS2_PLACEMENT_3D('',#2862,#2863,#2864);
#2862 = CARTESIAN_POINT('',(2.55,1.1,0.85));
#2863 = DIRECTION('',(1.224646799147E-16,1.,0.));
#2864 = DIRECTION('',(1.,-1.224646799147E-16,0.));
#2865 = ADVANCED_FACE('',(#2866),#2882,.F.);
#2866 = FACE_BOUND('',#2867,.F.);
#2867 = EDGE_LOOP('',(#2868,#2869,#2875,#2876));
#2868 = ORIENTED_EDGE('',*,*,#1847,.T.);
#2869 = ORIENTED_EDGE('',*,*,#2870,.T.);
#2870 = EDGE_CURVE('',#1850,#1968,#2871,.T.);
#2871 = LINE('',#2872,#2873);
#2872 = CARTESIAN_POINT('',(2.7,1.2,0.95));
#2873 = VECTOR('',#2874,1.);
#2874 = DIRECTION('',(1.224646799147E-16,1.,0.));
#2875 = ORIENTED_EDGE('',*,*,#1967,.F.);
#2876 = ORIENTED_EDGE('',*,*,#2877,.F.);
#2877 = EDGE_CURVE('',#1848,#1957,#2878,.T.);
#2878 = LINE('',#2879,#2880);
#2879 = CARTESIAN_POINT('',(2.7,1.2,5.E-02));
#2880 = VECTOR('',#2881,1.);
#2881 = DIRECTION('',(1.224646799147E-16,1.,0.));
#2882 = PLANE('',#2883);
#2883 = AXIS2_PLACEMENT_3D('',#2884,#2885,#2886);
#2884 = CARTESIAN_POINT('',(2.7,1.2,0.));
#2885 = DIRECTION('',(-1.,1.224646799147E-16,0.));
#2886 = DIRECTION('',(1.224646799147E-16,1.,0.));
#2887 = ADVANCED_FACE('',(#2888),#2894,.T.);
#2888 = FACE_BOUND('',#2889,.T.);
#2889 = EDGE_LOOP('',(#2890,#2891,#2892,#2893));
#2890 = ORIENTED_EDGE('',*,*,#2870,.T.);
#2891 = ORIENTED_EDGE('',*,*,#1975,.T.);
#2892 = ORIENTED_EDGE('',*,*,#1932,.F.);
#2893 = ORIENTED_EDGE('',*,*,#1917,.F.);
#2894 = CYLINDRICAL_SURFACE('',#2895,5.E-02);
#2895 = AXIS2_PLACEMENT_3D('',#2896,#2897,#2898);
#2896 = CARTESIAN_POINT('',(2.65,1.2,0.95));
#2897 = DIRECTION('',(1.224646799147E-16,1.,0.));
#2898 = DIRECTION('',(1.,-1.224646799147E-16,0.));
#2899 = ADVANCED_FACE('',(#2900),#2906,.T.);
#2900 = FACE_BOUND('',#2901,.T.);
#2901 = EDGE_LOOP('',(#2902,#2903,#2904,#2905));
#2902 = ORIENTED_EDGE('',*,*,#2821,.F.);
#2903 = ORIENTED_EDGE('',*,*,#1892,.T.);
#2904 = ORIENTED_EDGE('',*,*,#2852,.T.);
#2905 = ORIENTED_EDGE('',*,*,#1994,.T.);
#2906 = PLANE('',#2907);
#2907 = AXIS2_PLACEMENT_3D('',#2908,#2909,#2910);
#2908 = CARTESIAN_POINT('',(2.6,1.1,0.1));
#2909 = DIRECTION('',(-1.,1.224646799147E-16,0.));
#2910 = DIRECTION('',(1.224646799147E-16,1.,0.));
#2911 = ADVANCED_FACE('',(#2912),#2923,.F.);
#2912 = FACE_BOUND('',#2913,.F.);
#2913 = EDGE_LOOP('',(#2914,#2915,#2916,#2917));
#2914 = ORIENTED_EDGE('',*,*,#2020,.T.);
#2915 = ORIENTED_EDGE('',*,*,#2750,.T.);
#2916 = ORIENTED_EDGE('',*,*,#1866,.T.);
#2917 = ORIENTED_EDGE('',*,*,#2918,.T.);
#2918 = EDGE_CURVE('',#1858,#1959,#2919,.T.);
#2919 = LINE('',#2920,#2921);
#2920 = CARTESIAN_POINT('',(2.65,1.2,-6.938893903907E-18));
#2921 = VECTOR('',#2922,1.);
#2922 = DIRECTION('',(1.224646799147E-16,1.,0.));
#2923 = PLANE('',#2924);
#2924 = AXIS2_PLACEMENT_3D('',#2925,#2926,#2927);
#2925 = CARTESIAN_POINT('',(2.25,1.65,0.));
#2926 = DIRECTION('',(0.,0.,1.));
#2927 = DIRECTION('',(-1.,1.224646799147E-16,0.));
#2928 = ADVANCED_FACE('',(#2929),#2935,.T.);
#2929 = FACE_BOUND('',#2930,.T.);
#2930 = EDGE_LOOP('',(#2931,#2932,#2933,#2934));
#2931 = ORIENTED_EDGE('',*,*,#1857,.T.);
#2932 = ORIENTED_EDGE('',*,*,#2918,.T.);
#2933 = ORIENTED_EDGE('',*,*,#1956,.F.);
#2934 = ORIENTED_EDGE('',*,*,#2877,.F.);
#2935 = CYLINDRICAL_SURFACE('',#2936,5.E-02);
#2936 = AXIS2_PLACEMENT_3D('',#2937,#2938,#2939);
#2937 = CARTESIAN_POINT('',(2.65,1.2,5.E-02));
#2938 = DIRECTION('',(1.224646799147E-16,1.,0.));
#2939 = DIRECTION('',(1.,-1.224646799147E-16,0.));
#2940 = ADVANCED_FACE('',(#2941),#2952,.T.);
#2941 = FACE_BOUND('',#2942,.T.);
#2942 = EDGE_LOOP('',(#2943,#2949,#2950,#2951));
#2943 = ORIENTED_EDGE('',*,*,#2944,.T.);
#2944 = EDGE_CURVE('',#2177,#2077,#2945,.T.);
#2945 = LINE('',#2946,#2947);
#2946 = CARTESIAN_POINT('',(2.7,-2.1,0.95));
#2947 = VECTOR('',#2948,1.);
#2948 = DIRECTION('',(1.224646799147E-16,1.,0.));
#2949 = ORIENTED_EDGE('',*,*,#2084,.T.);
#2950 = ORIENTED_EDGE('',*,*,#2034,.F.);
#2951 = ORIENTED_EDGE('',*,*,#2237,.F.);
#2952 = CYLINDRICAL_SURFACE('',#2953,5.E-02);
#2953 = AXIS2_PLACEMENT_3D('',#2954,#2955,#2956);
#2954 = CARTESIAN_POINT('',(2.65,-2.1,0.95));
#2955 = DIRECTION('',(1.224646799147E-16,1.,0.));
#2956 = DIRECTION('',(1.,-1.224646799147E-16,0.));
#2957 = ADVANCED_FACE('',(#2958),#2974,.T.);
#2958 = FACE_BOUND('',#2959,.T.);
#2959 = EDGE_LOOP('',(#2960,#2961,#2967,#2968));
#2960 = ORIENTED_EDGE('',*,*,#2184,.T.);
#2961 = ORIENTED_EDGE('',*,*,#2962,.T.);
#2962 = EDGE_CURVE('',#2185,#2068,#2963,.T.);
#2963 = LINE('',#2964,#2965);
#2964 = CARTESIAN_POINT('',(2.65,-2.1,-6.938893903907E-18));
#2965 = VECTOR('',#2966,1.);
#2966 = DIRECTION('',(1.224646799147E-16,1.,0.));
#2967 = ORIENTED_EDGE('',*,*,#2065,.F.);
#2968 = ORIENTED_EDGE('',*,*,#2969,.F.);
#2969 = EDGE_CURVE('',#2175,#2066,#2970,.T.);
#2970 = LINE('',#2971,#2972);
#2971 = CARTESIAN_POINT('',(2.7,-2.1,5.E-02));
#2972 = VECTOR('',#2973,1.);
#2973 = DIRECTION('',(1.224646799147E-16,1.,0.));
#2974 = CYLINDRICAL_SURFACE('',#2975,5.E-02);
#2975 = AXIS2_PLACEMENT_3D('',#2976,#2977,#2978);
#2976 = CARTESIAN_POINT('',(2.65,-2.1,5.E-02));
#2977 = DIRECTION('',(1.224646799147E-16,1.,0.));
#2978 = DIRECTION('',(1.,-1.224646799147E-16,0.));
#2979 = ADVANCED_FACE('',(#2980),#2986,.F.);
#2980 = FACE_BOUND('',#2981,.F.);
#2981 = EDGE_LOOP('',(#2982,#2983,#2984,#2985));
#2982 = ORIENTED_EDGE('',*,*,#2136,.T.);
#2983 = ORIENTED_EDGE('',*,*,#2767,.T.);
#2984 = ORIENTED_EDGE('',*,*,#2193,.T.);
#2985 = ORIENTED_EDGE('',*,*,#2962,.T.);
#2986 = PLANE('',#2987);
#2987 = AXIS2_PLACEMENT_3D('',#2988,#2989,#2990);
#2988 = CARTESIAN_POINT('',(2.25,-1.65,0.));
#2989 = DIRECTION('',(0.,0.,1.));
#2990 = DIRECTION('',(-1.,1.224646799147E-16,0.));
#2991 = ADVANCED_FACE('',(#2992),#3003,.T.);
#2992 = FACE_BOUND('',#2993,.T.);
#2993 = EDGE_LOOP('',(#2994,#2995,#2996,#3002));
#2994 = ORIENTED_EDGE('',*,*,#2838,.F.);
#2995 = ORIENTED_EDGE('',*,*,#2219,.T.);
#2996 = ORIENTED_EDGE('',*,*,#2997,.T.);
#2997 = EDGE_CURVE('',#2220,#2102,#2998,.T.);
#2998 = LINE('',#2999,#3000);
#2999 = CARTESIAN_POINT('',(2.6,-2.2,0.85));
#3000 = VECTOR('',#3001,1.);
#3001 = DIRECTION('',(1.224646799147E-16,1.,0.));
#3002 = ORIENTED_EDGE('',*,*,#2110,.T.);
#3003 = PLANE('',#3004);
#3004 = AXIS2_PLACEMENT_3D('',#3005,#3006,#3007);
#3005 = CARTESIAN_POINT('',(2.6,-2.2,0.1));
#3006 = DIRECTION('',(-1.,1.224646799147E-16,0.));
#3007 = DIRECTION('',(1.224646799147E-16,1.,0.));
#3008 = ADVANCED_FACE('',(#3009),#3015,.F.);
#3009 = FACE_BOUND('',#3010,.F.);
#3010 = EDGE_LOOP('',(#3011,#3012,#3013,#3014));
#3011 = ORIENTED_EDGE('',*,*,#2997,.T.);
#3012 = ORIENTED_EDGE('',*,*,#2101,.F.);
#3013 = ORIENTED_EDGE('',*,*,#2150,.F.);
#3014 = ORIENTED_EDGE('',*,*,#2227,.T.);
#3015 = CYLINDRICAL_SURFACE('',#3016,5.E-02);
#3016 = AXIS2_PLACEMENT_3D('',#3017,#3018,#3019);
#3017 = CARTESIAN_POINT('',(2.55,-2.2,0.85));
#3018 = DIRECTION('',(1.224646799147E-16,1.,0.));
#3019 = DIRECTION('',(1.,-1.224646799147E-16,0.));
#3020 = ADVANCED_FACE('',(#3021),#3027,.F.);
#3021 = FACE_BOUND('',#3022,.F.);
#3022 = EDGE_LOOP('',(#3023,#3024,#3025,#3026));
#3023 = ORIENTED_EDGE('',*,*,#2174,.T.);
#3024 = ORIENTED_EDGE('',*,*,#2944,.T.);
#3025 = ORIENTED_EDGE('',*,*,#2076,.F.);
#3026 = ORIENTED_EDGE('',*,*,#2969,.F.);
#3027 = PLANE('',#3028);
#3028 = AXIS2_PLACEMENT_3D('',#3029,#3030,#3031);
#3029 = CARTESIAN_POINT('',(2.7,-2.1,0.));
#3030 = DIRECTION('',(-1.,1.224646799147E-16,0.));
#3031 = DIRECTION('',(1.224646799147E-16,1.,0.));
#3032 = ADVANCED_FACE('',(#3033),#3044,.F.);
#3033 = FACE_BOUND('',#3034,.F.);
#3034 = EDGE_LOOP('',(#3035,#3036,#3042,#3043));
#3035 = ORIENTED_EDGE('',*,*,#2616,.F.);
#3036 = ORIENTED_EDGE('',*,*,#3037,.F.);
#3037 = EDGE_CURVE('',#2709,#2609,#3038,.T.);
#3038 = LINE('',#3039,#3040);
#3039 = CARTESIAN_POINT('',(-2.6,2.2,0.15));
#3040 = VECTOR('',#3041,1.);
#3041 = DIRECTION('',(-1.224646799147E-16,-1.,0.));
#3042 = ORIENTED_EDGE('',*,*,#2708,.T.);
#3043 = ORIENTED_EDGE('',*,*,#2261,.T.);
#3044 = CYLINDRICAL_SURFACE('',#3045,5.E-02);
#3045 = AXIS2_PLACEMENT_3D('',#3046,#3047,#3048);
#3046 = CARTESIAN_POINT('',(-2.55,2.2,0.15));
#3047 = DIRECTION('',(-1.224646799147E-16,-1.,0.));
#3048 = DIRECTION('',(4.996063166392E-32,-6.118412765058E-48,-1.));
#3049 = ADVANCED_FACE('',(#3050),#3061,.F.);
#3050 = FACE_BOUND('',#3051,.F.);
#3051 = EDGE_LOOP('',(#3052,#3053,#3059,#3060));
#3052 = ORIENTED_EDGE('',*,*,#2398,.F.);
#3053 = ORIENTED_EDGE('',*,*,#3054,.F.);
#3054 = EDGE_CURVE('',#2491,#2391,#3055,.T.);
#3055 = LINE('',#3056,#3057);
#3056 = CARTESIAN_POINT('',(-2.6,-1.1,0.15));
#3057 = VECTOR('',#3058,1.);
#3058 = DIRECTION('',(-1.224646799147E-16,-1.,0.));
#3059 = ORIENTED_EDGE('',*,*,#2490,.T.);
#3060 = ORIENTED_EDGE('',*,*,#2292,.T.);
#3061 = CYLINDRICAL_SURFACE('',#3062,5.E-02);
#3062 = AXIS2_PLACEMENT_3D('',#3063,#3064,#3065);
#3063 = CARTESIAN_POINT('',(-2.55,-1.1,0.15));
#3064 = DIRECTION('',(-1.224646799147E-16,-1.,0.));
#3065 = DIRECTION('',(4.996063166392E-32,-6.118412765058E-48,-1.));
#3066 = ADVANCED_FACE('',(#3067),#3078,.T.);
#3067 = FACE_BOUND('',#3068,.T.);
#3068 = EDGE_LOOP('',(#3069,#3070,#3076,#3077));
#3069 = ORIENTED_EDGE('',*,*,#2517,.T.);
#3070 = ORIENTED_EDGE('',*,*,#3071,.T.);
#3071 = EDGE_CURVE('',#2457,#2357,#3072,.T.);
#3072 = LINE('',#3073,#3074);
#3073 = CARTESIAN_POINT('',(-2.7,-1.2,0.95));
#3074 = VECTOR('',#3075,1.);
#3075 = DIRECTION('',(-1.224646799147E-16,-1.,0.));
#3076 = ORIENTED_EDGE('',*,*,#2364,.F.);
#3077 = ORIENTED_EDGE('',*,*,#2323,.F.);
#3078 = CYLINDRICAL_SURFACE('',#3079,5.E-02);
#3079 = AXIS2_PLACEMENT_3D('',#3080,#3081,#3082);
#3080 = CARTESIAN_POINT('',(-2.65,-1.2,0.95));
#3081 = DIRECTION('',(-1.224646799147E-16,-1.,0.));
#3082 = DIRECTION('',(0.,0.,1.));
#3083 = ADVANCED_FACE('',(#3084),#3100,.T.);
#3084 = FACE_BOUND('',#3085,.T.);
#3085 = EDGE_LOOP('',(#3086,#3087,#3093,#3094));
#3086 = ORIENTED_EDGE('',*,*,#2464,.T.);
#3087 = ORIENTED_EDGE('',*,*,#3088,.T.);
#3088 = EDGE_CURVE('',#2465,#2348,#3089,.T.);
#3089 = LINE('',#3090,#3091);
#3090 = CARTESIAN_POINT('',(-2.65,-1.2,-6.938893903907E-18));
#3091 = VECTOR('',#3092,1.);
#3092 = DIRECTION('',(-1.224646799147E-16,-1.,0.));
#3093 = ORIENTED_EDGE('',*,*,#2345,.F.);
#3094 = ORIENTED_EDGE('',*,*,#3095,.F.);
#3095 = EDGE_CURVE('',#2455,#2346,#3096,.T.);
#3096 = LINE('',#3097,#3098);
#3097 = CARTESIAN_POINT('',(-2.7,-1.2,5.E-02));
#3098 = VECTOR('',#3099,1.);
#3099 = DIRECTION('',(-1.224646799147E-16,-1.,0.));
#3100 = CYLINDRICAL_SURFACE('',#3101,5.E-02);
#3101 = AXIS2_PLACEMENT_3D('',#3102,#3103,#3104);
#3102 = CARTESIAN_POINT('',(-2.65,-1.2,5.E-02));
#3103 = DIRECTION('',(-1.224646799147E-16,-1.,0.));
#3104 = DIRECTION('',(-1.,1.224646799147E-16,0.));
#3105 = ADVANCED_FACE('',(#3106),#3112,.F.);
#3106 = FACE_BOUND('',#3107,.F.);
#3107 = EDGE_LOOP('',(#3108,#3109,#3110,#3111));
#3108 = ORIENTED_EDGE('',*,*,#2473,.T.);
#3109 = ORIENTED_EDGE('',*,*,#3088,.T.);
#3110 = ORIENTED_EDGE('',*,*,#2416,.T.);
#3111 = ORIENTED_EDGE('',*,*,#2784,.T.);
#3112 = PLANE('',#3113);
#3113 = AXIS2_PLACEMENT_3D('',#3114,#3115,#3116);
#3114 = CARTESIAN_POINT('',(-2.25,-1.65,0.));
#3115 = DIRECTION('',(0.,0.,1.));
#3116 = DIRECTION('',(-1.,1.224646799147E-16,0.));
#3117 = ADVANCED_FACE('',(#3118),#3129,.T.);
#3118 = FACE_BOUND('',#3119,.T.);
#3119 = EDGE_LOOP('',(#3120,#3121,#3122,#3128));
#3120 = ORIENTED_EDGE('',*,*,#3054,.F.);
#3121 = ORIENTED_EDGE('',*,*,#2499,.T.);
#3122 = ORIENTED_EDGE('',*,*,#3123,.T.);
#3123 = EDGE_CURVE('',#2500,#2382,#3124,.T.);
#3124 = LINE('',#3125,#3126);
#3125 = CARTESIAN_POINT('',(-2.6,-1.1,0.85));
#3126 = VECTOR('',#3127,1.);
#3127 = DIRECTION('',(-1.224646799147E-16,-1.,0.));
#3128 = ORIENTED_EDGE('',*,*,#2390,.T.);
#3129 = PLANE('',#3130);
#3130 = AXIS2_PLACEMENT_3D('',#3131,#3132,#3133);
#3131 = CARTESIAN_POINT('',(-2.6,-1.1,0.1));
#3132 = DIRECTION('',(1.,-1.224646799147E-16,0.));
#3133 = DIRECTION('',(-1.224646799147E-16,-1.,0.));
#3134 = ADVANCED_FACE('',(#3135),#3141,.F.);
#3135 = FACE_BOUND('',#3136,.F.);
#3136 = EDGE_LOOP('',(#3137,#3138,#3139,#3140));
#3137 = ORIENTED_EDGE('',*,*,#3123,.T.);
#3138 = ORIENTED_EDGE('',*,*,#2381,.F.);
#3139 = ORIENTED_EDGE('',*,*,#2439,.F.);
#3140 = ORIENTED_EDGE('',*,*,#2507,.T.);
#3141 = CYLINDRICAL_SURFACE('',#3142,5.E-02);
#3142 = AXIS2_PLACEMENT_3D('',#3143,#3144,#3145);
#3143 = CARTESIAN_POINT('',(-2.55,-1.1,0.85));
#3144 = DIRECTION('',(-1.224646799147E-16,-1.,0.));
#3145 = DIRECTION('',(-1.,1.224646799147E-16,0.));
#3146 = ADVANCED_FACE('',(#3147),#3153,.F.);
#3147 = FACE_BOUND('',#3148,.F.);
#3148 = EDGE_LOOP('',(#3149,#3150,#3151,#3152));
#3149 = ORIENTED_EDGE('',*,*,#2454,.T.);
#3150 = ORIENTED_EDGE('',*,*,#3071,.T.);
#3151 = ORIENTED_EDGE('',*,*,#2356,.F.);
#3152 = ORIENTED_EDGE('',*,*,#3095,.F.);
#3153 = PLANE('',#3154);
#3154 = AXIS2_PLACEMENT_3D('',#3155,#3156,#3157);
#3155 = CARTESIAN_POINT('',(-2.7,-1.2,0.));
#3156 = DIRECTION('',(1.,-1.224646799147E-16,0.));
#3157 = DIRECTION('',(-1.224646799147E-16,-1.,0.));
#3158 = ADVANCED_FACE('',(#3159),#3170,.T.);
#3159 = FACE_BOUND('',#3160,.T.);
#3160 = EDGE_LOOP('',(#3161,#3162,#3168,#3169));
#3161 = ORIENTED_EDGE('',*,*,#2735,.T.);
#3162 = ORIENTED_EDGE('',*,*,#3163,.T.);
#3163 = EDGE_CURVE('',#2675,#2575,#3164,.T.);
#3164 = LINE('',#3165,#3166);
#3165 = CARTESIAN_POINT('',(-2.7,2.1,0.95));
#3166 = VECTOR('',#3167,1.);
#3167 = DIRECTION('',(-1.224646799147E-16,-1.,0.));
#3168 = ORIENTED_EDGE('',*,*,#2582,.F.);
#3169 = ORIENTED_EDGE('',*,*,#2541,.F.);
#3170 = CYLINDRICAL_SURFACE('',#3171,5.E-02);
#3171 = AXIS2_PLACEMENT_3D('',#3172,#3173,#3174);
#3172 = CARTESIAN_POINT('',(-2.65,2.1,0.95));
#3173 = DIRECTION('',(-1.224646799147E-16,-1.,0.));
#3174 = DIRECTION('',(0.,0.,1.));
#3175 = ADVANCED_FACE('',(#3176),#3192,.T.);
#3176 = FACE_BOUND('',#3177,.T.);
#3177 = EDGE_LOOP('',(#3178,#3179,#3185,#3186));
#3178 = ORIENTED_EDGE('',*,*,#2682,.T.);
#3179 = ORIENTED_EDGE('',*,*,#3180,.T.);
#3180 = EDGE_CURVE('',#2683,#2566,#3181,.T.);
#3181 = LINE('',#3182,#3183);
#3182 = CARTESIAN_POINT('',(-2.65,2.1,-6.938893903907E-18));
#3183 = VECTOR('',#3184,1.);
#3184 = DIRECTION('',(-1.224646799147E-16,-1.,0.));
#3185 = ORIENTED_EDGE('',*,*,#2563,.F.);
#3186 = ORIENTED_EDGE('',*,*,#3187,.F.);
#3187 = EDGE_CURVE('',#2673,#2564,#3188,.T.);
#3188 = LINE('',#3189,#3190);
#3189 = CARTESIAN_POINT('',(-2.7,2.1,5.E-02));
#3190 = VECTOR('',#3191,1.);
#3191 = DIRECTION('',(-1.224646799147E-16,-1.,0.));
#3192 = CYLINDRICAL_SURFACE('',#3193,5.E-02);
#3193 = AXIS2_PLACEMENT_3D('',#3194,#3195,#3196);
#3194 = CARTESIAN_POINT('',(-2.65,2.1,5.E-02));
#3195 = DIRECTION('',(-1.224646799147E-16,-1.,0.));
#3196 = DIRECTION('',(-1.,1.224646799147E-16,0.));
#3197 = ADVANCED_FACE('',(#3198),#3204,.F.);
#3198 = FACE_BOUND('',#3199,.F.);
#3199 = EDGE_LOOP('',(#3200,#3201,#3202,#3203));
#3200 = ORIENTED_EDGE('',*,*,#2691,.T.);
#3201 = ORIENTED_EDGE('',*,*,#3180,.T.);
#3202 = ORIENTED_EDGE('',*,*,#2634,.T.);
#3203 = ORIENTED_EDGE('',*,*,#2801,.T.);
#3204 = PLANE('',#3205);
#3205 = AXIS2_PLACEMENT_3D('',#3206,#3207,#3208);
#3206 = CARTESIAN_POINT('',(-2.25,1.65,0.));
#3207 = DIRECTION('',(0.,0.,1.));
#3208 = DIRECTION('',(-1.,1.224646799147E-16,0.));
#3209 = ADVANCED_FACE('',(#3210),#3221,.T.);
#3210 = FACE_BOUND('',#3211,.T.);
#3211 = EDGE_LOOP('',(#3212,#3213,#3214,#3220));
#3212 = ORIENTED_EDGE('',*,*,#3037,.F.);
#3213 = ORIENTED_EDGE('',*,*,#2717,.T.);
#3214 = ORIENTED_EDGE('',*,*,#3215,.T.);
#3215 = EDGE_CURVE('',#2718,#2600,#3216,.T.);
#3216 = LINE('',#3217,#3218);
#3217 = CARTESIAN_POINT('',(-2.6,2.2,0.85));
#3218 = VECTOR('',#3219,1.);
#3219 = DIRECTION('',(-1.224646799147E-16,-1.,0.));
#3220 = ORIENTED_EDGE('',*,*,#2608,.T.);
#3221 = PLANE('',#3222);
#3222 = AXIS2_PLACEMENT_3D('',#3223,#3224,#3225);
#3223 = CARTESIAN_POINT('',(-2.6,2.2,0.1));
#3224 = DIRECTION('',(1.,-1.224646799147E-16,0.));
#3225 = DIRECTION('',(-1.224646799147E-16,-1.,0.));
#3226 = ADVANCED_FACE('',(#3227),#3233,.F.);
#3227 = FACE_BOUND('',#3228,.F.);
#3228 = EDGE_LOOP('',(#3229,#3230,#3231,#3232));
#3229 = ORIENTED_EDGE('',*,*,#3215,.T.);
#3230 = ORIENTED_EDGE('',*,*,#2599,.F.);
#3231 = ORIENTED_EDGE('',*,*,#2657,.F.);
#3232 = ORIENTED_EDGE('',*,*,#2725,.T.);
#3233 = CYLINDRICAL_SURFACE('',#3234,5.E-02);
#3234 = AXIS2_PLACEMENT_3D('',#3235,#3236,#3237);
#3235 = CARTESIAN_POINT('',(-2.55,2.2,0.85));
#3236 = DIRECTION('',(-1.224646799147E-16,-1.,0.));
#3237 = DIRECTION('',(-1.,1.224646799147E-16,0.));
#3238 = ADVANCED_FACE('',(#3239),#3245,.F.);
#3239 = FACE_BOUND('',#3240,.F.);
#3240 = EDGE_LOOP('',(#3241,#3242,#3243,#3244));
#3241 = ORIENTED_EDGE('',*,*,#2672,.T.);
#3242 = ORIENTED_EDGE('',*,*,#3163,.T.);
#3243 = ORIENTED_EDGE('',*,*,#2574,.F.);
#3244 = ORIENTED_EDGE('',*,*,#3187,.F.);
#3245 = PLANE('',#3246);
#3246 = AXIS2_PLACEMENT_3D('',#3247,#3248,#3249);
#3247 = CARTESIAN_POINT('',(-2.7,2.1,0.));
#3248 = DIRECTION('',(1.,-1.224646799147E-16,0.));
#3249 = DIRECTION('',(-1.224646799147E-16,-1.,0.));
#3250 = ( GEOMETRIC_REPRESENTATION_CONTEXT(3) 
GLOBAL_UNCERTAINTY_ASSIGNED_CONTEXT((#3254)) 
GLOBAL_UNIT_ASSIGNED_CONTEXT((#3251,#3252,#3253)) REPRESENTATION_CONTEXT
('Context #1','3D Context with UNIT and UNCERTAINTY') );
#3251 = ( LENGTH_UNIT() NAMED_UNIT(*) SI_UNIT(.MILLI.,.METRE.) );
#3252 = ( NAMED_UNIT(*) PLANE_ANGLE_UNIT() SI_UNIT($,.RADIAN.) );
#3253 = ( NAMED_UNIT(*) SI_UNIT($,.STERADIAN.) SOLID_ANGLE_UNIT() );
#3254 = UNCERTAINTY_MEASURE_WITH_UNIT(LENGTH_MEASURE(1.E-07),#3251,
  'distance_accuracy_value','confusion accuracy');
#3255 = CONTEXT_DEPENDENT_SHAPE_REPRESENTATION(#3256,#3258);
#3256 = ( REPRESENTATION_RELATIONSHIP('','',#982,#10) 
REPRESENTATION_RELATIONSHIP_WITH_TRANSFORMATION(#3257) 
SHAPE_REPRESENTATION_RELATIONSHIP() );
#3257 = ITEM_DEFINED_TRANSFORMATION('','',#11,#23);
#3258 = PRODUCT_DEFINITION_SHAPE('Placement','Placement of an item',
  #3259);
#3259 = NEXT_ASSEMBLY_USAGE_OCCURRENCE('3','D9','',#5,#977,$);
#3260 = PRODUCT_RELATED_PRODUCT_CATEGORY('part',$,(#979));
#3261 = CONTEXT_DEPENDENT_SHAPE_REPRESENTATION(#3262,#3264);
#3262 = ( REPRESENTATION_RELATIONSHIP('','',#104,#10) 
REPRESENTATION_RELATIONSHIP_WITH_TRANSFORMATION(#3263) 
SHAPE_REPRESENTATION_RELATIONSHIP() );
#3263 = ITEM_DEFINED_TRANSFORMATION('','',#11,#27);
#3264 = PRODUCT_DEFINITION_SHAPE('Placement','Placement of an item',
  #3265);
#3265 = NEXT_ASSEMBLY_USAGE_OCCURRENCE('4','C2','',#5,#99,$);
#3266 = CONTEXT_DEPENDENT_SHAPE_REPRESENTATION(#3267,#3269);
#3267 = ( REPRESENTATION_RELATIONSHIP('','',#104,#10) 
REPRESENTATION_RELATIONSHIP_WITH_TRANSFORMATION(#3268) 
SHAPE_REPRESENTATION_RELATIONSHIP() );
#3268 = ITEM_DEFINED_TRANSFORMATION('','',#11,#31);
#3269 = PRODUCT_DEFINITION_SHAPE('Placement','Placement of an item',
  #3270);
#3270 = NEXT_ASSEMBLY_USAGE_OCCURRENCE('5','C4','',#5,#99,$);
#3271 = CONTEXT_DEPENDENT_SHAPE_REPRESENTATION(#3272,#3274);
#3272 = ( REPRESENTATION_RELATIONSHIP('','',#982,#10) 
REPRESENTATION_RELATIONSHIP_WITH_TRANSFORMATION(#3273) 
SHAPE_REPRESENTATION_RELATIONSHIP() );
#3273 = ITEM_DEFINED_TRANSFORMATION('','',#11,#35);
#3274 = PRODUCT_DEFINITION_SHAPE('Placement','Placement of an item',
  #3275);
#3275 = NEXT_ASSEMBLY_USAGE_OCCURRENCE('6','D3','',#5,#977,$);
#3276 = CONTEXT_DEPENDENT_SHAPE_REPRESENTATION(#3277,#3279);
#3277 = ( REPRESENTATION_RELATIONSHIP('','',#982,#10) 
REPRESENTATION_RELATIONSHIP_WITH_TRANSFORMATION(#3278) 
SHAPE_REPRESENTATION_RELATIONSHIP() );
#3278 = ITEM_DEFINED_TRANSFORMATION('','',#11,#39);
#3279 = PRODUCT_DEFINITION_SHAPE('Placement','Placement of an item',
  #3280);
#3280 = NEXT_ASSEMBLY_USAGE_OCCURRENCE('7','D5','',#5,#977,$);
#3281 = CONTEXT_DEPENDENT_SHAPE_REPRESENTATION(#3282,#3284);
#3282 = ( REPRESENTATION_RELATIONSHIP('','',#982,#10) 
REPRESENTATION_RELATIONSHIP_WITH_TRANSFORMATION(#3283) 
SHAPE_REPRESENTATION_RELATIONSHIP() );
#3283 = ITEM_DEFINED_TRANSFORMATION('','',#11,#43);
#3284 = PRODUCT_DEFINITION_SHAPE('Placement','Placement of an item',
  #3285);
#3285 = NEXT_ASSEMBLY_USAGE_OCCURRENCE('8','D1','',#5,#977,$);
#3286 = CONTEXT_DEPENDENT_SHAPE_REPRESENTATION(#3287,#3289);
#3287 = ( REPRESENTATION_RELATIONSHIP('','',#104,#10) 
REPRESENTATION_RELATIONSHIP_WITH_TRANSFORMATION(#3288) 
SHAPE_REPRESENTATION_RELATIONSHIP() );
#3288 = ITEM_DEFINED_TRANSFORMATION('','',#11,#47);
#3289 = PRODUCT_DEFINITION_SHAPE('Placement','Placement of an item',
  #3290);
#3290 = NEXT_ASSEMBLY_USAGE_OCCURRENCE('9','C1','',#5,#99,$);
#3291 = CONTEXT_DEPENDENT_SHAPE_REPRESENTATION(#3292,#3294);
#3292 = ( REPRESENTATION_RELATIONSHIP('','',#104,#10) 
REPRESENTATION_RELATIONSHIP_WITH_TRANSFORMATION(#3293) 
SHAPE_REPRESENTATION_RELATIONSHIP() );
#3293 = ITEM_DEFINED_TRANSFORMATION('','',#11,#51);
#3294 = PRODUCT_DEFINITION_SHAPE('Placement','Placement of an item',
  #3295);
#3295 = NEXT_ASSEMBLY_USAGE_OCCURRENCE('10','C7','',#5,#99,$);
#3296 = CONTEXT_DEPENDENT_SHAPE_REPRESENTATION(#3297,#3299);
#3297 = ( REPRESENTATION_RELATIONSHIP('','',#982,#10) 
REPRESENTATION_RELATIONSHIP_WITH_TRANSFORMATION(#3298) 
SHAPE_REPRESENTATION_RELATIONSHIP() );
#3298 = ITEM_DEFINED_TRANSFORMATION('','',#11,#55);
#3299 = PRODUCT_DEFINITION_SHAPE('Placement','Placement of an item',
  #3300);
#3300 = NEXT_ASSEMBLY_USAGE_OCCURRENCE('11','D7','',#5,#977,$);
#3301 = CONTEXT_DEPENDENT_SHAPE_REPRESENTATION(#3302,#3304);
#3302 = ( REPRESENTATION_RELATIONSHIP('','',#982,#10) 
REPRESENTATION_RELATIONSHIP_WITH_TRANSFORMATION(#3303) 
SHAPE_REPRESENTATION_RELATIONSHIP() );
#3303 = ITEM_DEFINED_TRANSFORMATION('','',#11,#59);
#3304 = PRODUCT_DEFINITION_SHAPE('Placement','Placement of an item',
  #3305);
#3305 = NEXT_ASSEMBLY_USAGE_OCCURRENCE('12','D6','',#5,#977,$);
#3306 = CONTEXT_DEPENDENT_SHAPE_REPRESENTATION(#3307,#3309);
#3307 = ( REPRESENTATION_RELATIONSHIP('','',#104,#10) 
REPRESENTATION_RELATIONSHIP_WITH_TRANSFORMATION(#3308) 
SHAPE_REPRESENTATION_RELATIONSHIP() );
#3308 = ITEM_DEFINED_TRANSFORMATION('','',#11,#63);
#3309 = PRODUCT_DEFINITION_SHAPE('Placement','Placement of an item',
  #3310);
#3310 = NEXT_ASSEMBLY_USAGE_OCCURRENCE('13','C5','',#5,#99,$);
#3311 = CONTEXT_DEPENDENT_SHAPE_REPRESENTATION(#3312,#3314);
#3312 = ( REPRESENTATION_RELATIONSHIP('','',#982,#10) 
REPRESENTATION_RELATIONSHIP_WITH_TRANSFORMATION(#3313) 
SHAPE_REPRESENTATION_RELATIONSHIP() );
#3313 = ITEM_DEFINED_TRANSFORMATION('','',#11,#67);
#3314 = PRODUCT_DEFINITION_SHAPE('Placement','Placement of an item',
  #3315);
#3315 = NEXT_ASSEMBLY_USAGE_OCCURRENCE('14','D2','',#5,#977,$);
#3316 = CONTEXT_DEPENDENT_SHAPE_REPRESENTATION(#3317,#3319);
#3317 = ( REPRESENTATION_RELATIONSHIP('','',#104,#10) 
REPRESENTATION_RELATIONSHIP_WITH_TRANSFORMATION(#3318) 
SHAPE_REPRESENTATION_RELATIONSHIP() );
#3318 = ITEM_DEFINED_TRANSFORMATION('','',#11,#71);
#3319 = PRODUCT_DEFINITION_SHAPE('Placement','Placement of an item',
  #3320);
#3320 = NEXT_ASSEMBLY_USAGE_OCCURRENCE('15','C9','',#5,#99,$);
#3321 = CONTEXT_DEPENDENT_SHAPE_REPRESENTATION(#3322,#3324);
#3322 = ( REPRESENTATION_RELATIONSHIP('','',#104,#10) 
REPRESENTATION_RELATIONSHIP_WITH_TRANSFORMATION(#3323) 
SHAPE_REPRESENTATION_RELATIONSHIP() );
#3323 = ITEM_DEFINED_TRANSFORMATION('','',#11,#75);
#3324 = PRODUCT_DEFINITION_SHAPE('Placement','Placement of an item',
  #3325);
#3325 = NEXT_ASSEMBLY_USAGE_OCCURRENCE('16','C6','',#5,#99,$);
#3326 = CONTEXT_DEPENDENT_SHAPE_REPRESENTATION(#3327,#3329);
#3327 = ( REPRESENTATION_RELATIONSHIP('','',#982,#10) 
REPRESENTATION_RELATIONSHIP_WITH_TRANSFORMATION(#3328) 
SHAPE_REPRESENTATION_RELATIONSHIP() );
#3328 = ITEM_DEFINED_TRANSFORMATION('','',#11,#79);
#3329 = PRODUCT_DEFINITION_SHAPE('Placement','Placement of an item',
  #3330);
#3330 = NEXT_ASSEMBLY_USAGE_OCCURRENCE('17','D8','',#5,#977,$);
#3331 = CONTEXT_DEPENDENT_SHAPE_REPRESENTATION(#3332,#3334);
#3332 = ( REPRESENTATION_RELATIONSHIP('','',#982,#10) 
REPRESENTATION_RELATIONSHIP_WITH_TRANSFORMATION(#3333) 
SHAPE_REPRESENTATION_RELATIONSHIP() );
#3333 = ITEM_DEFINED_TRANSFORMATION('','',#11,#83);
#3334 = PRODUCT_DEFINITION_SHAPE('Placement','Placement of an item',
  #3335);
#3335 = NEXT_ASSEMBLY_USAGE_OCCURRENCE('18','D4','',#5,#977,$);
#3336 = SHAPE_DEFINITION_REPRESENTATION(#3337,#3343);
#3337 = PRODUCT_DEFINITION_SHAPE('','',#3338);
#3338 = PRODUCT_DEFINITION('design','',#3339,#3342);
#3339 = PRODUCT_DEFINITION_FORMATION('','',#3340);
#3340 = PRODUCT('KÃ¶rper_Seite1_PCB','KÃ¶rper_Seite1_PCB','',(#3341)
  );
#3341 = PRODUCT_CONTEXT('',#2,'mechanical');
#3342 = PRODUCT_DEFINITION_CONTEXT('part definition',#2,'design');
#3343 = ADVANCED_BREP_SHAPE_REPRESENTATION('',(#11,#3344),#6629);
#3344 = MANIFOLD_SOLID_BREP('',#3345);
#3345 = CLOSED_SHELL('',(#3346,#3386,#3417,#3448,#3479,#3510,#3541,#3572
    ,#3603,#3634,#3665,#3696,#3727,#3758,#3789,#3820,#3851,#3882,#3913,
    #3944,#3975,#4006,#4037,#4068,#4099,#4130,#4161,#4192,#4223,#4254,
    #4285,#4316,#4347,#4378,#4409,#4440,#4471,#4502,#4533,#4564,#4595,
    #4626,#4657,#4688,#4719,#4750,#4781,#4812,#4843,#4874,#4905,#4936,
    #4967,#4998,#5029,#5060,#5091,#5122,#5153,#5184,#5215,#5246,#5277,
    #5308,#5339,#5370,#5401,#5432,#5463,#5494,#5525,#5556,#5587,#5618,
    #5649,#5680,#5711,#5742,#5773,#5804,#5835,#5866,#5897,#5928,#5959,
    #5990,#6021,#6052,#6083,#6114,#6145,#6176,#6207,#6238,#6269,#6300,
    #6331,#6362,#6393,#6415,#6522));
#3346 = ADVANCED_FACE('',(#3347),#3381,.T.);
#3347 = FACE_BOUND('',#3348,.T.);
#3348 = EDGE_LOOP('',(#3349,#3359,#3367,#3375));
#3349 = ORIENTED_EDGE('',*,*,#3350,.T.);
#3350 = EDGE_CURVE('',#3351,#3353,#3355,.T.);
#3351 = VERTEX_POINT('',#3352);
#3352 = CARTESIAN_POINT('',(113.975,-48.665,0.));
#3353 = VERTEX_POINT('',#3354);
#3354 = CARTESIAN_POINT('',(113.975,-48.665,1.51));
#3355 = LINE('',#3356,#3357);
#3356 = CARTESIAN_POINT('',(113.975,-48.665,0.));
#3357 = VECTOR('',#3358,1.);
#3358 = DIRECTION('',(0.,0.,1.));
#3359 = ORIENTED_EDGE('',*,*,#3360,.T.);
#3360 = EDGE_CURVE('',#3353,#3361,#3363,.T.);
#3361 = VERTEX_POINT('',#3362);
#3362 = CARTESIAN_POINT('',(111.845,-52.195,1.51));
#3363 = LINE('',#3364,#3365);
#3364 = CARTESIAN_POINT('',(113.975,-48.665,1.51));
#3365 = VECTOR('',#3366,1.);
#3366 = DIRECTION('',(-0.516634311688,-0.856206159746,0.));
#3367 = ORIENTED_EDGE('',*,*,#3368,.F.);
#3368 = EDGE_CURVE('',#3369,#3361,#3371,.T.);
#3369 = VERTEX_POINT('',#3370);
#3370 = CARTESIAN_POINT('',(111.845,-52.195,0.));
#3371 = LINE('',#3372,#3373);
#3372 = CARTESIAN_POINT('',(111.845,-52.195,0.));
#3373 = VECTOR('',#3374,1.);
#3374 = DIRECTION('',(0.,0.,1.));
#3375 = ORIENTED_EDGE('',*,*,#3376,.F.);
#3376 = EDGE_CURVE('',#3351,#3369,#3377,.T.);
#3377 = LINE('',#3378,#3379);
#3378 = CARTESIAN_POINT('',(113.975,-48.665,0.));
#3379 = VECTOR('',#3380,1.);
#3380 = DIRECTION('',(-0.516634311688,-0.856206159746,0.));
#3381 = PLANE('',#3382);
#3382 = AXIS2_PLACEMENT_3D('',#3383,#3384,#3385);
#3383 = CARTESIAN_POINT('',(113.975,-48.665,0.));
#3384 = DIRECTION('',(0.856206159746,-0.516634311688,0.));
#3385 = DIRECTION('',(-0.516634311688,-0.856206159746,0.));
#3386 = ADVANCED_FACE('',(#3387),#3412,.T.);
#3387 = FACE_BOUND('',#3388,.T.);
#3388 = EDGE_LOOP('',(#3389,#3390,#3398,#3406));
#3389 = ORIENTED_EDGE('',*,*,#3368,.T.);
#3390 = ORIENTED_EDGE('',*,*,#3391,.T.);
#3391 = EDGE_CURVE('',#3361,#3392,#3394,.T.);
#3392 = VERTEX_POINT('',#3393);
#3393 = CARTESIAN_POINT('',(115.145,-53.515,1.51));
#3394 = LINE('',#3395,#3396);
#3395 = CARTESIAN_POINT('',(111.845,-52.195,1.51));
#3396 = VECTOR('',#3397,1.);
#3397 = DIRECTION('',(0.928476690885,-0.371390676354,0.));
#3398 = ORIENTED_EDGE('',*,*,#3399,.F.);
#3399 = EDGE_CURVE('',#3400,#3392,#3402,.T.);
#3400 = VERTEX_POINT('',#3401);
#3401 = CARTESIAN_POINT('',(115.145,-53.515,0.));
#3402 = LINE('',#3403,#3404);
#3403 = CARTESIAN_POINT('',(115.145,-53.515,0.));
#3404 = VECTOR('',#3405,1.);
#3405 = DIRECTION('',(0.,0.,1.));
#3406 = ORIENTED_EDGE('',*,*,#3407,.F.);
#3407 = EDGE_CURVE('',#3369,#3400,#3408,.T.);
#3408 = LINE('',#3409,#3410);
#3409 = CARTESIAN_POINT('',(111.845,-52.195,0.));
#3410 = VECTOR('',#3411,1.);
#3411 = DIRECTION('',(0.928476690885,-0.371390676354,0.));
#3412 = PLANE('',#3413);
#3413 = AXIS2_PLACEMENT_3D('',#3414,#3415,#3416);
#3414 = CARTESIAN_POINT('',(111.845,-52.195,0.));
#3415 = DIRECTION('',(0.371390676354,0.928476690885,-0.));
#3416 = DIRECTION('',(0.928476690885,-0.371390676354,0.));
#3417 = ADVANCED_FACE('',(#3418),#3443,.T.);
#3418 = FACE_BOUND('',#3419,.T.);
#3419 = EDGE_LOOP('',(#3420,#3421,#3429,#3437));
#3420 = ORIENTED_EDGE('',*,*,#3399,.T.);
#3421 = ORIENTED_EDGE('',*,*,#3422,.T.);
#3422 = EDGE_CURVE('',#3392,#3423,#3425,.T.);
#3423 = VERTEX_POINT('',#3424);
#3424 = CARTESIAN_POINT('',(116.615,-52.705,1.51));
#3425 = LINE('',#3426,#3427);
#3426 = CARTESIAN_POINT('',(115.145,-53.515,1.51));
#3427 = VECTOR('',#3428,1.);
#3428 = DIRECTION('',(0.875838256619,0.482604753647,0.));
#3429 = ORIENTED_EDGE('',*,*,#3430,.F.);
#3430 = EDGE_CURVE('',#3431,#3423,#3433,.T.);
#3431 = VERTEX_POINT('',#3432);
#3432 = CARTESIAN_POINT('',(116.615,-52.705,0.));
#3433 = LINE('',#3434,#3435);
#3434 = CARTESIAN_POINT('',(116.615,-52.705,0.));
#3435 = VECTOR('',#3436,1.);
#3436 = DIRECTION('',(0.,0.,1.));
#3437 = ORIENTED_EDGE('',*,*,#3438,.F.);
#3438 = EDGE_CURVE('',#3400,#3431,#3439,.T.);
#3439 = LINE('',#3440,#3441);
#3440 = CARTESIAN_POINT('',(115.145,-53.515,0.));
#3441 = VECTOR('',#3442,1.);
#3442 = DIRECTION('',(0.875838256619,0.482604753647,0.));
#3443 = PLANE('',#3444);
#3444 = AXIS2_PLACEMENT_3D('',#3445,#3446,#3447);
#3445 = CARTESIAN_POINT('',(115.145,-53.515,0.));
#3446 = DIRECTION('',(-0.482604753647,0.875838256619,0.));
#3447 = DIRECTION('',(0.875838256619,0.482604753647,0.));
#3448 = ADVANCED_FACE('',(#3449),#3474,.T.);
#3449 = FACE_BOUND('',#3450,.T.);
#3450 = EDGE_LOOP('',(#3451,#3452,#3460,#3468));
#3451 = ORIENTED_EDGE('',*,*,#3430,.T.);
#3452 = ORIENTED_EDGE('',*,*,#3453,.T.);
#3453 = EDGE_CURVE('',#3423,#3454,#3456,.T.);
#3454 = VERTEX_POINT('',#3455);
#3455 = CARTESIAN_POINT('',(127.195,-57.925,1.51));
#3456 = LINE('',#3457,#3458);
#3457 = CARTESIAN_POINT('',(116.615,-52.705,1.51));
#3458 = VECTOR('',#3459,1.);
#3459 = DIRECTION('',(0.896787947436,-0.442460594103,0.));
#3460 = ORIENTED_EDGE('',*,*,#3461,.F.);
#3461 = EDGE_CURVE('',#3462,#3454,#3464,.T.);
#3462 = VERTEX_POINT('',#3463);
#3463 = CARTESIAN_POINT('',(127.195,-57.925,0.));
#3464 = LINE('',#3465,#3466);
#3465 = CARTESIAN_POINT('',(127.195,-57.925,0.));
#3466 = VECTOR('',#3467,1.);
#3467 = DIRECTION('',(0.,0.,1.));
#3468 = ORIENTED_EDGE('',*,*,#3469,.F.);
#3469 = EDGE_CURVE('',#3431,#3462,#3470,.T.);
#3470 = LINE('',#3471,#3472);
#3471 = CARTESIAN_POINT('',(116.615,-52.705,0.));
#3472 = VECTOR('',#3473,1.);
#3473 = DIRECTION('',(0.896787947436,-0.442460594103,0.));
#3474 = PLANE('',#3475);
#3475 = AXIS2_PLACEMENT_3D('',#3476,#3477,#3478);
#3476 = CARTESIAN_POINT('',(116.615,-52.705,0.));
#3477 = DIRECTION('',(0.442460594103,0.896787947436,-0.));
#3478 = DIRECTION('',(0.896787947436,-0.442460594103,0.));
#3479 = ADVANCED_FACE('',(#3480),#3505,.T.);
#3480 = FACE_BOUND('',#3481,.T.);
#3481 = EDGE_LOOP('',(#3482,#3483,#3491,#3499));
#3482 = ORIENTED_EDGE('',*,*,#3461,.T.);
#3483 = ORIENTED_EDGE('',*,*,#3484,.T.);
#3484 = EDGE_CURVE('',#3454,#3485,#3487,.T.);
#3485 = VERTEX_POINT('',#3486);
#3486 = CARTESIAN_POINT('',(126.825,-61.815,1.51));
#3487 = LINE('',#3488,#3489);
#3488 = CARTESIAN_POINT('',(127.195,-57.925,1.51));
#3489 = VECTOR('',#3490,1.);
#3490 = DIRECTION('',(-9.468832334301E-02,-0.995506967039,0.));
#3491 = ORIENTED_EDGE('',*,*,#3492,.F.);
#3492 = EDGE_CURVE('',#3493,#3485,#3495,.T.);
#3493 = VERTEX_POINT('',#3494);
#3494 = CARTESIAN_POINT('',(126.825,-61.815,0.));
#3495 = LINE('',#3496,#3497);
#3496 = CARTESIAN_POINT('',(126.825,-61.815,0.));
#3497 = VECTOR('',#3498,1.);
#3498 = DIRECTION('',(0.,0.,1.));
#3499 = ORIENTED_EDGE('',*,*,#3500,.F.);
#3500 = EDGE_CURVE('',#3462,#3493,#3501,.T.);
#3501 = LINE('',#3502,#3503);
#3502 = CARTESIAN_POINT('',(127.195,-57.925,0.));
#3503 = VECTOR('',#3504,1.);
#3504 = DIRECTION('',(-9.468832334301E-02,-0.995506967039,0.));
#3505 = PLANE('',#3506);
#3506 = AXIS2_PLACEMENT_3D('',#3507,#3508,#3509);
#3507 = CARTESIAN_POINT('',(127.195,-57.925,0.));
#3508 = DIRECTION('',(0.995506967039,-9.468832334301E-02,0.));
#3509 = DIRECTION('',(-9.468832334301E-02,-0.995506967039,0.));
#3510 = ADVANCED_FACE('',(#3511),#3536,.T.);
#3511 = FACE_BOUND('',#3512,.T.);
#3512 = EDGE_LOOP('',(#3513,#3514,#3522,#3530));
#3513 = ORIENTED_EDGE('',*,*,#3492,.T.);
#3514 = ORIENTED_EDGE('',*,*,#3515,.T.);
#3515 = EDGE_CURVE('',#3485,#3516,#3518,.T.);
#3516 = VERTEX_POINT('',#3517);
#3517 = CARTESIAN_POINT('',(130.055,-64.535,1.51));
#3518 = LINE('',#3519,#3520);
#3519 = CARTESIAN_POINT('',(126.825,-61.815,1.51));
#3520 = VECTOR('',#3521,1.);
#3521 = DIRECTION('',(0.764911198117,-0.644135745783,0.));
#3522 = ORIENTED_EDGE('',*,*,#3523,.F.);
#3523 = EDGE_CURVE('',#3524,#3516,#3526,.T.);
#3524 = VERTEX_POINT('',#3525);
#3525 = CARTESIAN_POINT('',(130.055,-64.535,0.));
#3526 = LINE('',#3527,#3528);
#3527 = CARTESIAN_POINT('',(130.055,-64.535,0.));
#3528 = VECTOR('',#3529,1.);
#3529 = DIRECTION('',(0.,0.,1.));
#3530 = ORIENTED_EDGE('',*,*,#3531,.F.);
#3531 = EDGE_CURVE('',#3493,#3524,#3532,.T.);
#3532 = LINE('',#3533,#3534);
#3533 = CARTESIAN_POINT('',(126.825,-61.815,0.));
#3534 = VECTOR('',#3535,1.);
#3535 = DIRECTION('',(0.764911198117,-0.644135745783,0.));
#3536 = PLANE('',#3537);
#3537 = AXIS2_PLACEMENT_3D('',#3538,#3539,#3540);
#3538 = CARTESIAN_POINT('',(126.825,-61.815,0.));
#3539 = DIRECTION('',(0.644135745783,0.764911198117,-0.));
#3540 = DIRECTION('',(0.764911198117,-0.644135745783,0.));
#3541 = ADVANCED_FACE('',(#3542),#3567,.T.);
#3542 = FACE_BOUND('',#3543,.T.);
#3543 = EDGE_LOOP('',(#3544,#3545,#3553,#3561));
#3544 = ORIENTED_EDGE('',*,*,#3523,.T.);
#3545 = ORIENTED_EDGE('',*,*,#3546,.T.);
#3546 = EDGE_CURVE('',#3516,#3547,#3549,.T.);
#3547 = VERTEX_POINT('',#3548);
#3548 = CARTESIAN_POINT('',(134.035,-95.385,1.51));
#3549 = LINE('',#3550,#3551);
#3550 = CARTESIAN_POINT('',(130.055,-64.535,1.51));
#3551 = VECTOR('',#3552,1.);
#3552 = DIRECTION('',(0.127950936318,-0.991780498848,0.));
#3553 = ORIENTED_EDGE('',*,*,#3554,.F.);
#3554 = EDGE_CURVE('',#3555,#3547,#3557,.T.);
#3555 = VERTEX_POINT('',#3556);
#3556 = CARTESIAN_POINT('',(134.035,-95.385,0.));
#3557 = LINE('',#3558,#3559);
#3558 = CARTESIAN_POINT('',(134.035,-95.385,0.));
#3559 = VECTOR('',#3560,1.);
#3560 = DIRECTION('',(0.,0.,1.));
#3561 = ORIENTED_EDGE('',*,*,#3562,.F.);
#3562 = EDGE_CURVE('',#3524,#3555,#3563,.T.);
#3563 = LINE('',#3564,#3565);
#3564 = CARTESIAN_POINT('',(130.055,-64.535,0.));
#3565 = VECTOR('',#3566,1.);
#3566 = DIRECTION('',(0.127950936318,-0.991780498848,0.));
#3567 = PLANE('',#3568);
#3568 = AXIS2_PLACEMENT_3D('',#3569,#3570,#3571);
#3569 = CARTESIAN_POINT('',(130.055,-64.535,0.));
#3570 = DIRECTION('',(0.991780498848,0.127950936318,-0.));
#3571 = DIRECTION('',(0.127950936318,-0.991780498848,0.));
#3572 = ADVANCED_FACE('',(#3573),#3598,.T.);
#3573 = FACE_BOUND('',#3574,.T.);
#3574 = EDGE_LOOP('',(#3575,#3576,#3584,#3592));
#3575 = ORIENTED_EDGE('',*,*,#3554,.T.);
#3576 = ORIENTED_EDGE('',*,*,#3577,.T.);
#3577 = EDGE_CURVE('',#3547,#3578,#3580,.T.);
#3578 = VERTEX_POINT('',#3579);
#3579 = CARTESIAN_POINT('',(131.685,-97.885,1.51));
#3580 = LINE('',#3581,#3582);
#3581 = CARTESIAN_POINT('',(134.035,-95.385,1.51));
#3582 = VECTOR('',#3583,1.);
#3583 = DIRECTION('',(-0.684910008768,-0.728627668902,0.));
#3584 = ORIENTED_EDGE('',*,*,#3585,.F.);
#3585 = EDGE_CURVE('',#3586,#3578,#3588,.T.);
#3586 = VERTEX_POINT('',#3587);
#3587 = CARTESIAN_POINT('',(131.685,-97.885,0.));
#3588 = LINE('',#3589,#3590);
#3589 = CARTESIAN_POINT('',(131.685,-97.885,0.));
#3590 = VECTOR('',#3591,1.);
#3591 = DIRECTION('',(0.,0.,1.));
#3592 = ORIENTED_EDGE('',*,*,#3593,.F.);
#3593 = EDGE_CURVE('',#3555,#3586,#3594,.T.);
#3594 = LINE('',#3595,#3596);
#3595 = CARTESIAN_POINT('',(134.035,-95.385,0.));
#3596 = VECTOR('',#3597,1.);
#3597 = DIRECTION('',(-0.684910008768,-0.728627668902,0.));
#3598 = PLANE('',#3599);
#3599 = AXIS2_PLACEMENT_3D('',#3600,#3601,#3602);
#3600 = CARTESIAN_POINT('',(134.035,-95.385,0.));
#3601 = DIRECTION('',(0.728627668902,-0.684910008768,0.));
#3602 = DIRECTION('',(-0.684910008768,-0.728627668902,0.));
#3603 = ADVANCED_FACE('',(#3604),#3629,.T.);
#3604 = FACE_BOUND('',#3605,.T.);
#3605 = EDGE_LOOP('',(#3606,#3607,#3615,#3623));
#3606 = ORIENTED_EDGE('',*,*,#3585,.T.);
#3607 = ORIENTED_EDGE('',*,*,#3608,.T.);
#3608 = EDGE_CURVE('',#3578,#3609,#3611,.T.);
#3609 = VERTEX_POINT('',#3610);
#3610 = CARTESIAN_POINT('',(132.055,-100.525,1.51));
#3611 = LINE('',#3612,#3613);
#3612 = CARTESIAN_POINT('',(131.685,-97.885,1.51));
#3613 = VECTOR('',#3614,1.);
#3614 = DIRECTION('',(0.138795007241,-0.990321132747,0.));
#3615 = ORIENTED_EDGE('',*,*,#3616,.F.);
#3616 = EDGE_CURVE('',#3617,#3609,#3619,.T.);
#3617 = VERTEX_POINT('',#3618);
#3618 = CARTESIAN_POINT('',(132.055,-100.525,0.));
#3619 = LINE('',#3620,#3621);
#3620 = CARTESIAN_POINT('',(132.055,-100.525,0.));
#3621 = VECTOR('',#3622,1.);
#3622 = DIRECTION('',(0.,0.,1.));
#3623 = ORIENTED_EDGE('',*,*,#3624,.F.);
#3624 = EDGE_CURVE('',#3586,#3617,#3625,.T.);
#3625 = LINE('',#3626,#3627);
#3626 = CARTESIAN_POINT('',(131.685,-97.885,0.));
#3627 = VECTOR('',#3628,1.);
#3628 = DIRECTION('',(0.138795007241,-0.990321132747,0.));
#3629 = PLANE('',#3630);
#3630 = AXIS2_PLACEMENT_3D('',#3631,#3632,#3633);
#3631 = CARTESIAN_POINT('',(131.685,-97.885,0.));
#3632 = DIRECTION('',(0.990321132747,0.138795007241,-0.));
#3633 = DIRECTION('',(0.138795007241,-0.990321132747,0.));
#3634 = ADVANCED_FACE('',(#3635),#3660,.T.);
#3635 = FACE_BOUND('',#3636,.T.);
#3636 = EDGE_LOOP('',(#3637,#3638,#3646,#3654));
#3637 = ORIENTED_EDGE('',*,*,#3616,.T.);
#3638 = ORIENTED_EDGE('',*,*,#3639,.T.);
#3639 = EDGE_CURVE('',#3609,#3640,#3642,.T.);
#3640 = VERTEX_POINT('',#3641);
#3641 = CARTESIAN_POINT('',(134.695,-101.705,1.51));
#3642 = LINE('',#3643,#3644);
#3643 = CARTESIAN_POINT('',(132.055,-100.525,1.51));
#3644 = VECTOR('',#3645,1.);
#3645 = DIRECTION('',(0.912953893823,-0.408062725269,0.));
#3646 = ORIENTED_EDGE('',*,*,#3647,.F.);
#3647 = EDGE_CURVE('',#3648,#3640,#3650,.T.);
#3648 = VERTEX_POINT('',#3649);
#3649 = CARTESIAN_POINT('',(134.695,-101.705,0.));
#3650 = LINE('',#3651,#3652);
#3651 = CARTESIAN_POINT('',(134.695,-101.705,0.));
#3652 = VECTOR('',#3653,1.);
#3653 = DIRECTION('',(0.,0.,1.));
#3654 = ORIENTED_EDGE('',*,*,#3655,.F.);
#3655 = EDGE_CURVE('',#3617,#3648,#3656,.T.);
#3656 = LINE('',#3657,#3658);
#3657 = CARTESIAN_POINT('',(132.055,-100.525,0.));
#3658 = VECTOR('',#3659,1.);
#3659 = DIRECTION('',(0.912953893823,-0.408062725269,0.));
#3660 = PLANE('',#3661);
#3661 = AXIS2_PLACEMENT_3D('',#3662,#3663,#3664);
#3662 = CARTESIAN_POINT('',(132.055,-100.525,0.));
#3663 = DIRECTION('',(0.408062725269,0.912953893823,-0.));
#3664 = DIRECTION('',(0.912953893823,-0.408062725269,0.));
#3665 = ADVANCED_FACE('',(#3666),#3691,.T.);
#3666 = FACE_BOUND('',#3667,.T.);
#3667 = EDGE_LOOP('',(#3668,#3669,#3677,#3685));
#3668 = ORIENTED_EDGE('',*,*,#3647,.T.);
#3669 = ORIENTED_EDGE('',*,*,#3670,.T.);
#3670 = EDGE_CURVE('',#3640,#3671,#3673,.T.);
#3671 = VERTEX_POINT('',#3672);
#3672 = CARTESIAN_POINT('',(136.975,-101.405,1.51));
#3673 = LINE('',#3674,#3675);
#3674 = CARTESIAN_POINT('',(134.695,-101.705,1.51));
#3675 = VECTOR('',#3676,1.);
#3676 = DIRECTION('',(0.991454295543,0.130454512571,0.));
#3677 = ORIENTED_EDGE('',*,*,#3678,.F.);
#3678 = EDGE_CURVE('',#3679,#3671,#3681,.T.);
#3679 = VERTEX_POINT('',#3680);
#3680 = CARTESIAN_POINT('',(136.975,-101.405,0.));
#3681 = LINE('',#3682,#3683);
#3682 = CARTESIAN_POINT('',(136.975,-101.405,0.));
#3683 = VECTOR('',#3684,1.);
#3684 = DIRECTION('',(0.,0.,1.));
#3685 = ORIENTED_EDGE('',*,*,#3686,.F.);
#3686 = EDGE_CURVE('',#3648,#3679,#3687,.T.);
#3687 = LINE('',#3688,#3689);
#3688 = CARTESIAN_POINT('',(134.695,-101.705,0.));
#3689 = VECTOR('',#3690,1.);
#3690 = DIRECTION('',(0.991454295543,0.130454512571,0.));
#3691 = PLANE('',#3692);
#3692 = AXIS2_PLACEMENT_3D('',#3693,#3694,#3695);
#3693 = CARTESIAN_POINT('',(134.695,-101.705,0.));
#3694 = DIRECTION('',(-0.130454512571,0.991454295543,0.));
#3695 = DIRECTION('',(0.991454295543,0.130454512571,0.));
#3696 = ADVANCED_FACE('',(#3697),#3722,.T.);
#3697 = FACE_BOUND('',#3698,.T.);
#3698 = EDGE_LOOP('',(#3699,#3700,#3708,#3716));
#3699 = ORIENTED_EDGE('',*,*,#3678,.T.);
#3700 = ORIENTED_EDGE('',*,*,#3701,.T.);
#3701 = EDGE_CURVE('',#3671,#3702,#3704,.T.);
#3702 = VERTEX_POINT('',#3703);
#3703 = CARTESIAN_POINT('',(138.075,-99.425,1.51));
#3704 = LINE('',#3705,#3706);
#3705 = CARTESIAN_POINT('',(136.975,-101.405,1.51));
#3706 = VECTOR('',#3707,1.);
#3707 = DIRECTION('',(0.485642931179,0.874157276122,0.));
#3708 = ORIENTED_EDGE('',*,*,#3709,.F.);
#3709 = EDGE_CURVE('',#3710,#3702,#3712,.T.);
#3710 = VERTEX_POINT('',#3711);
#3711 = CARTESIAN_POINT('',(138.075,-99.425,0.));
#3712 = LINE('',#3713,#3714);
#3713 = CARTESIAN_POINT('',(138.075,-99.425,0.));
#3714 = VECTOR('',#3715,1.);
#3715 = DIRECTION('',(0.,0.,1.));
#3716 = ORIENTED_EDGE('',*,*,#3717,.F.);
#3717 = EDGE_CURVE('',#3679,#3710,#3718,.T.);
#3718 = LINE('',#3719,#3720);
#3719 = CARTESIAN_POINT('',(136.975,-101.405,0.));
#3720 = VECTOR('',#3721,1.);
#3721 = DIRECTION('',(0.485642931179,0.874157276122,0.));
#3722 = PLANE('',#3723);
#3723 = AXIS2_PLACEMENT_3D('',#3724,#3725,#3726);
#3724 = CARTESIAN_POINT('',(136.975,-101.405,0.));
#3725 = DIRECTION('',(-0.874157276122,0.485642931179,0.));
#3726 = DIRECTION('',(0.485642931179,0.874157276122,0.));
#3727 = ADVANCED_FACE('',(#3728),#3753,.T.);
#3728 = FACE_BOUND('',#3729,.T.);
#3729 = EDGE_LOOP('',(#3730,#3731,#3739,#3747));
#3730 = ORIENTED_EDGE('',*,*,#3709,.T.);
#3731 = ORIENTED_EDGE('',*,*,#3732,.T.);
#3732 = EDGE_CURVE('',#3702,#3733,#3735,.T.);
#3733 = VERTEX_POINT('',#3734);
#3734 = CARTESIAN_POINT('',(159.815,-106.325,1.51));
#3735 = LINE('',#3736,#3737);
#3736 = CARTESIAN_POINT('',(138.075,-99.425,1.51));
#3737 = VECTOR('',#3738,1.);
#3738 = DIRECTION('',(0.953144335034,-0.302515911303,0.));
#3739 = ORIENTED_EDGE('',*,*,#3740,.F.);
#3740 = EDGE_CURVE('',#3741,#3733,#3743,.T.);
#3741 = VERTEX_POINT('',#3742);
#3742 = CARTESIAN_POINT('',(159.815,-106.325,0.));
#3743 = LINE('',#3744,#3745);
#3744 = CARTESIAN_POINT('',(159.815,-106.325,0.));
#3745 = VECTOR('',#3746,1.);
#3746 = DIRECTION('',(0.,0.,1.));
#3747 = ORIENTED_EDGE('',*,*,#3748,.F.);
#3748 = EDGE_CURVE('',#3710,#3741,#3749,.T.);
#3749 = LINE('',#3750,#3751);
#3750 = CARTESIAN_POINT('',(138.075,-99.425,0.));
#3751 = VECTOR('',#3752,1.);
#3752 = DIRECTION('',(0.953144335034,-0.302515911303,0.));
#3753 = PLANE('',#3754);
#3754 = AXIS2_PLACEMENT_3D('',#3755,#3756,#3757);
#3755 = CARTESIAN_POINT('',(138.075,-99.425,0.));
#3756 = DIRECTION('',(0.302515911303,0.953144335034,-0.));
#3757 = DIRECTION('',(0.953144335034,-0.302515911303,0.));
#3758 = ADVANCED_FACE('',(#3759),#3784,.T.);
#3759 = FACE_BOUND('',#3760,.T.);
#3760 = EDGE_LOOP('',(#3761,#3762,#3770,#3778));
#3761 = ORIENTED_EDGE('',*,*,#3740,.T.);
#3762 = ORIENTED_EDGE('',*,*,#3763,.T.);
#3763 = EDGE_CURVE('',#3733,#3764,#3766,.T.);
#3764 = VERTEX_POINT('',#3765);
#3765 = CARTESIAN_POINT('',(165.205,-107.855,1.51));
#3766 = LINE('',#3767,#3768);
#3767 = CARTESIAN_POINT('',(159.815,-106.325,1.51));
#3768 = VECTOR('',#3769,1.);
#3769 = DIRECTION('',(0.961993981915,-0.273070647928,0.));
#3770 = ORIENTED_EDGE('',*,*,#3771,.F.);
#3771 = EDGE_CURVE('',#3772,#3764,#3774,.T.);
#3772 = VERTEX_POINT('',#3773);
#3773 = CARTESIAN_POINT('',(165.205,-107.855,0.));
#3774 = LINE('',#3775,#3776);
#3775 = CARTESIAN_POINT('',(165.205,-107.855,0.));
#3776 = VECTOR('',#3777,1.);
#3777 = DIRECTION('',(0.,0.,1.));
#3778 = ORIENTED_EDGE('',*,*,#3779,.F.);
#3779 = EDGE_CURVE('',#3741,#3772,#3780,.T.);
#3780 = LINE('',#3781,#3782);
#3781 = CARTESIAN_POINT('',(159.815,-106.325,0.));
#3782 = VECTOR('',#3783,1.);
#3783 = DIRECTION('',(0.961993981915,-0.273070647928,0.));
#3784 = PLANE('',#3785);
#3785 = AXIS2_PLACEMENT_3D('',#3786,#3787,#3788);
#3786 = CARTESIAN_POINT('',(159.815,-106.325,0.));
#3787 = DIRECTION('',(0.273070647928,0.961993981915,-0.));
#3788 = DIRECTION('',(0.961993981915,-0.273070647928,0.));
#3789 = ADVANCED_FACE('',(#3790),#3815,.T.);
#3790 = FACE_BOUND('',#3791,.T.);
#3791 = EDGE_LOOP('',(#3792,#3793,#3801,#3809));
#3792 = ORIENTED_EDGE('',*,*,#3771,.T.);
#3793 = ORIENTED_EDGE('',*,*,#3794,.T.);
#3794 = EDGE_CURVE('',#3764,#3795,#3797,.T.);
#3795 = VERTEX_POINT('',#3796);
#3796 = CARTESIAN_POINT('',(186.375,-84.525,1.51));
#3797 = LINE('',#3798,#3799);
#3798 = CARTESIAN_POINT('',(165.205,-107.855,1.51));
#3799 = VECTOR('',#3800,1.);
#3800 = DIRECTION('',(0.671993130329,0.74055737981,0.));
#3801 = ORIENTED_EDGE('',*,*,#3802,.F.);
#3802 = EDGE_CURVE('',#3803,#3795,#3805,.T.);
#3803 = VERTEX_POINT('',#3804);
#3804 = CARTESIAN_POINT('',(186.375,-84.525,0.));
#3805 = LINE('',#3806,#3807);
#3806 = CARTESIAN_POINT('',(186.375,-84.525,0.));
#3807 = VECTOR('',#3808,1.);
#3808 = DIRECTION('',(0.,0.,1.));
#3809 = ORIENTED_EDGE('',*,*,#3810,.F.);
#3810 = EDGE_CURVE('',#3772,#3803,#3811,.T.);
#3811 = LINE('',#3812,#3813);
#3812 = CARTESIAN_POINT('',(165.205,-107.855,0.));
#3813 = VECTOR('',#3814,1.);
#3814 = DIRECTION('',(0.671993130329,0.74055737981,0.));
#3815 = PLANE('',#3816);
#3816 = AXIS2_PLACEMENT_3D('',#3817,#3818,#3819);
#3817 = CARTESIAN_POINT('',(165.205,-107.855,0.));
#3818 = DIRECTION('',(-0.74055737981,0.671993130329,0.));
#3819 = DIRECTION('',(0.671993130329,0.74055737981,0.));
#3820 = ADVANCED_FACE('',(#3821),#3846,.T.);
#3821 = FACE_BOUND('',#3822,.T.);
#3822 = EDGE_LOOP('',(#3823,#3824,#3832,#3840));
#3823 = ORIENTED_EDGE('',*,*,#3802,.T.);
#3824 = ORIENTED_EDGE('',*,*,#3825,.T.);
#3825 = EDGE_CURVE('',#3795,#3826,#3828,.T.);
#3826 = VERTEX_POINT('',#3827);
#3827 = CARTESIAN_POINT('',(187.415,-85.115,1.51));
#3828 = LINE('',#3829,#3830);
#3829 = CARTESIAN_POINT('',(186.375,-84.525,1.51));
#3830 = VECTOR('',#3831,1.);
#3831 = DIRECTION('',(0.869782931165,-0.493434547488,0.));
#3832 = ORIENTED_EDGE('',*,*,#3833,.F.);
#3833 = EDGE_CURVE('',#3834,#3826,#3836,.T.);
#3834 = VERTEX_POINT('',#3835);
#3835 = CARTESIAN_POINT('',(187.415,-85.115,0.));
#3836 = LINE('',#3837,#3838);
#3837 = CARTESIAN_POINT('',(187.415,-85.115,0.));
#3838 = VECTOR('',#3839,1.);
#3839 = DIRECTION('',(0.,0.,1.));
#3840 = ORIENTED_EDGE('',*,*,#3841,.F.);
#3841 = EDGE_CURVE('',#3803,#3834,#3842,.T.);
#3842 = LINE('',#3843,#3844);
#3843 = CARTESIAN_POINT('',(186.375,-84.525,0.));
#3844 = VECTOR('',#3845,1.);
#3845 = DIRECTION('',(0.869782931165,-0.493434547488,0.));
#3846 = PLANE('',#3847);
#3847 = AXIS2_PLACEMENT_3D('',#3848,#3849,#3850);
#3848 = CARTESIAN_POINT('',(186.375,-84.525,0.));
#3849 = DIRECTION('',(0.493434547488,0.869782931165,-0.));
#3850 = DIRECTION('',(0.869782931165,-0.493434547488,0.));
#3851 = ADVANCED_FACE('',(#3852),#3877,.T.);
#3852 = FACE_BOUND('',#3853,.T.);
#3853 = EDGE_LOOP('',(#3854,#3855,#3863,#3871));
#3854 = ORIENTED_EDGE('',*,*,#3833,.T.);
#3855 = ORIENTED_EDGE('',*,*,#3856,.T.);
#3856 = EDGE_CURVE('',#3826,#3857,#3859,.T.);
#3857 = VERTEX_POINT('',#3858);
#3858 = CARTESIAN_POINT('',(189.005,-84.885,1.51));
#3859 = LINE('',#3860,#3861);
#3860 = CARTESIAN_POINT('',(187.415,-85.115,1.51));
#3861 = VECTOR('',#3862,1.);
#3862 = DIRECTION('',(0.989698978574,0.14316400319,0.));
#3863 = ORIENTED_EDGE('',*,*,#3864,.F.);
#3864 = EDGE_CURVE('',#3865,#3857,#3867,.T.);
#3865 = VERTEX_POINT('',#3866);
#3866 = CARTESIAN_POINT('',(189.005,-84.885,0.));
#3867 = LINE('',#3868,#3869);
#3868 = CARTESIAN_POINT('',(189.005,-84.885,0.));
#3869 = VECTOR('',#3870,1.);
#3870 = DIRECTION('',(0.,0.,1.));
#3871 = ORIENTED_EDGE('',*,*,#3872,.F.);
#3872 = EDGE_CURVE('',#3834,#3865,#3873,.T.);
#3873 = LINE('',#3874,#3875);
#3874 = CARTESIAN_POINT('',(187.415,-85.115,0.));
#3875 = VECTOR('',#3876,1.);
#3876 = DIRECTION('',(0.989698978574,0.14316400319,0.));
#3877 = PLANE('',#3878);
#3878 = AXIS2_PLACEMENT_3D('',#3879,#3880,#3881);
#3879 = CARTESIAN_POINT('',(187.415,-85.115,0.));
#3880 = DIRECTION('',(-0.14316400319,0.989698978574,0.));
#3881 = DIRECTION('',(0.989698978574,0.14316400319,0.));
#3882 = ADVANCED_FACE('',(#3883),#3908,.T.);
#3883 = FACE_BOUND('',#3884,.T.);
#3884 = EDGE_LOOP('',(#3885,#3886,#3894,#3902));
#3885 = ORIENTED_EDGE('',*,*,#3864,.T.);
#3886 = ORIENTED_EDGE('',*,*,#3887,.T.);
#3887 = EDGE_CURVE('',#3857,#3888,#3890,.T.);
#3888 = VERTEX_POINT('',#3889);
#3889 = CARTESIAN_POINT('',(189.795,-84.035,1.51));
#3890 = LINE('',#3891,#3892);
#3891 = CARTESIAN_POINT('',(189.005,-84.885,1.51));
#3892 = VECTOR('',#3893,1.);
#3893 = DIRECTION('',(0.680781563939,0.732486492846,0.));
#3894 = ORIENTED_EDGE('',*,*,#3895,.F.);
#3895 = EDGE_CURVE('',#3896,#3888,#3898,.T.);
#3896 = VERTEX_POINT('',#3897);
#3897 = CARTESIAN_POINT('',(189.795,-84.035,0.));
#3898 = LINE('',#3899,#3900);
#3899 = CARTESIAN_POINT('',(189.795,-84.035,0.));
#3900 = VECTOR('',#3901,1.);
#3901 = DIRECTION('',(0.,0.,1.));
#3902 = ORIENTED_EDGE('',*,*,#3903,.F.);
#3903 = EDGE_CURVE('',#3865,#3896,#3904,.T.);
#3904 = LINE('',#3905,#3906);
#3905 = CARTESIAN_POINT('',(189.005,-84.885,0.));
#3906 = VECTOR('',#3907,1.);
#3907 = DIRECTION('',(0.680781563939,0.732486492846,0.));
#3908 = PLANE('',#3909);
#3909 = AXIS2_PLACEMENT_3D('',#3910,#3911,#3912);
#3910 = CARTESIAN_POINT('',(189.005,-84.885,0.));
#3911 = DIRECTION('',(-0.732486492846,0.680781563939,0.));
#3912 = DIRECTION('',(0.680781563939,0.732486492846,0.));
#3913 = ADVANCED_FACE('',(#3914),#3939,.T.);
#3914 = FACE_BOUND('',#3915,.T.);
#3915 = EDGE_LOOP('',(#3916,#3917,#3925,#3933));
#3916 = ORIENTED_EDGE('',*,*,#3895,.T.);
#3917 = ORIENTED_EDGE('',*,*,#3918,.T.);
#3918 = EDGE_CURVE('',#3888,#3919,#3921,.T.);
#3919 = VERTEX_POINT('',#3920);
#3920 = CARTESIAN_POINT('',(189.795,-83.575,1.51));
#3921 = LINE('',#3922,#3923);
#3922 = CARTESIAN_POINT('',(189.795,-84.035,1.51));
#3923 = VECTOR('',#3924,1.);
#3924 = DIRECTION('',(0.,1.,0.));
#3925 = ORIENTED_EDGE('',*,*,#3926,.F.);
#3926 = EDGE_CURVE('',#3927,#3919,#3929,.T.);
#3927 = VERTEX_POINT('',#3928);
#3928 = CARTESIAN_POINT('',(189.795,-83.575,0.));
#3929 = LINE('',#3930,#3931);
#3930 = CARTESIAN_POINT('',(189.795,-83.575,0.));
#3931 = VECTOR('',#3932,1.);
#3932 = DIRECTION('',(0.,0.,1.));
#3933 = ORIENTED_EDGE('',*,*,#3934,.F.);
#3934 = EDGE_CURVE('',#3896,#3927,#3935,.T.);
#3935 = LINE('',#3936,#3937);
#3936 = CARTESIAN_POINT('',(189.795,-84.035,0.));
#3937 = VECTOR('',#3938,1.);
#3938 = DIRECTION('',(0.,1.,0.));
#3939 = PLANE('',#3940);
#3940 = AXIS2_PLACEMENT_3D('',#3941,#3942,#3943);
#3941 = CARTESIAN_POINT('',(189.795,-84.035,0.));
#3942 = DIRECTION('',(-1.,0.,0.));
#3943 = DIRECTION('',(0.,1.,0.));
#3944 = ADVANCED_FACE('',(#3945),#3970,.T.);
#3945 = FACE_BOUND('',#3946,.T.);
#3946 = EDGE_LOOP('',(#3947,#3948,#3956,#3964));
#3947 = ORIENTED_EDGE('',*,*,#3926,.T.);
#3948 = ORIENTED_EDGE('',*,*,#3949,.T.);
#3949 = EDGE_CURVE('',#3919,#3950,#3952,.T.);
#3950 = VERTEX_POINT('',#3951);
#3951 = CARTESIAN_POINT('',(203.465,-87.315,1.51));
#3952 = LINE('',#3953,#3954);
#3953 = CARTESIAN_POINT('',(189.795,-83.575,1.51));
#3954 = VECTOR('',#3955,1.);
#3955 = DIRECTION('',(0.964551829766,-0.263893477932,0.));
#3956 = ORIENTED_EDGE('',*,*,#3957,.F.);
#3957 = EDGE_CURVE('',#3958,#3950,#3960,.T.);
#3958 = VERTEX_POINT('',#3959);
#3959 = CARTESIAN_POINT('',(203.465,-87.315,0.));
#3960 = LINE('',#3961,#3962);
#3961 = CARTESIAN_POINT('',(203.465,-87.315,0.));
#3962 = VECTOR('',#3963,1.);
#3963 = DIRECTION('',(0.,0.,1.));
#3964 = ORIENTED_EDGE('',*,*,#3965,.F.);
#3965 = EDGE_CURVE('',#3927,#3958,#3966,.T.);
#3966 = LINE('',#3967,#3968);
#3967 = CARTESIAN_POINT('',(189.795,-83.575,0.));
#3968 = VECTOR('',#3969,1.);
#3969 = DIRECTION('',(0.964551829766,-0.263893477932,0.));
#3970 = PLANE('',#3971);
#3971 = AXIS2_PLACEMENT_3D('',#3972,#3973,#3974);
#3972 = CARTESIAN_POINT('',(189.795,-83.575,0.));
#3973 = DIRECTION('',(0.263893477932,0.964551829766,-0.));
#3974 = DIRECTION('',(0.964551829766,-0.263893477932,0.));
#3975 = ADVANCED_FACE('',(#3976),#4001,.T.);
#3976 = FACE_BOUND('',#3977,.T.);
#3977 = EDGE_LOOP('',(#3978,#3979,#3987,#3995));
#3978 = ORIENTED_EDGE('',*,*,#3957,.T.);
#3979 = ORIENTED_EDGE('',*,*,#3980,.T.);
#3980 = EDGE_CURVE('',#3950,#3981,#3983,.T.);
#3981 = VERTEX_POINT('',#3982);
#3982 = CARTESIAN_POINT('',(203.665,-89.425,1.51));
#3983 = LINE('',#3984,#3985);
#3984 = CARTESIAN_POINT('',(203.465,-87.315,1.51));
#3985 = VECTOR('',#3986,1.);
#3986 = DIRECTION('',(9.436377096468E-02,-0.995537783677,0.));
#3987 = ORIENTED_EDGE('',*,*,#3988,.F.);
#3988 = EDGE_CURVE('',#3989,#3981,#3991,.T.);
#3989 = VERTEX_POINT('',#3990);
#3990 = CARTESIAN_POINT('',(203.665,-89.425,0.));
#3991 = LINE('',#3992,#3993);
#3992 = CARTESIAN_POINT('',(203.665,-89.425,0.));
#3993 = VECTOR('',#3994,1.);
#3994 = DIRECTION('',(0.,0.,1.));
#3995 = ORIENTED_EDGE('',*,*,#3996,.F.);
#3996 = EDGE_CURVE('',#3958,#3989,#3997,.T.);
#3997 = LINE('',#3998,#3999);
#3998 = CARTESIAN_POINT('',(203.465,-87.315,0.));
#3999 = VECTOR('',#4000,1.);
#4000 = DIRECTION('',(9.436377096468E-02,-0.995537783677,0.));
#4001 = PLANE('',#4002);
#4002 = AXIS2_PLACEMENT_3D('',#4003,#4004,#4005);
#4003 = CARTESIAN_POINT('',(203.465,-87.315,0.));
#4004 = DIRECTION('',(0.995537783677,9.436377096468E-02,-0.));
#4005 = DIRECTION('',(9.436377096468E-02,-0.995537783677,0.));
#4006 = ADVANCED_FACE('',(#4007),#4032,.T.);
#4007 = FACE_BOUND('',#4008,.T.);
#4008 = EDGE_LOOP('',(#4009,#4010,#4018,#4026));
#4009 = ORIENTED_EDGE('',*,*,#3988,.T.);
#4010 = ORIENTED_EDGE('',*,*,#4011,.T.);
#4011 = EDGE_CURVE('',#3981,#4012,#4014,.T.);
#4012 = VERTEX_POINT('',#4013);
#4013 = CARTESIAN_POINT('',(170.115,-104.885,1.51));
#4014 = LINE('',#4015,#4016);
#4015 = CARTESIAN_POINT('',(203.665,-89.425,1.51));
#4016 = VECTOR('',#4017,1.);
#4017 = DIRECTION('',(-0.908212755961,-0.418508769215,0.));
#4018 = ORIENTED_EDGE('',*,*,#4019,.F.);
#4019 = EDGE_CURVE('',#4020,#4012,#4022,.T.);
#4020 = VERTEX_POINT('',#4021);
#4021 = CARTESIAN_POINT('',(170.115,-104.885,0.));
#4022 = LINE('',#4023,#4024);
#4023 = CARTESIAN_POINT('',(170.115,-104.885,0.));
#4024 = VECTOR('',#4025,1.);
#4025 = DIRECTION('',(0.,0.,1.));
#4026 = ORIENTED_EDGE('',*,*,#4027,.F.);
#4027 = EDGE_CURVE('',#3989,#4020,#4028,.T.);
#4028 = LINE('',#4029,#4030);
#4029 = CARTESIAN_POINT('',(203.665,-89.425,0.));
#4030 = VECTOR('',#4031,1.);
#4031 = DIRECTION('',(-0.908212755961,-0.418508769215,0.));
#4032 = PLANE('',#4033);
#4033 = AXIS2_PLACEMENT_3D('',#4034,#4035,#4036);
#4034 = CARTESIAN_POINT('',(203.665,-89.425,0.));
#4035 = DIRECTION('',(0.418508769215,-0.908212755961,0.));
#4036 = DIRECTION('',(-0.908212755961,-0.418508769215,0.));
#4037 = ADVANCED_FACE('',(#4038),#4063,.T.);
#4038 = FACE_BOUND('',#4039,.T.);
#4039 = EDGE_LOOP('',(#4040,#4041,#4049,#4057));
#4040 = ORIENTED_EDGE('',*,*,#4019,.T.);
#4041 = ORIENTED_EDGE('',*,*,#4042,.T.);
#4042 = EDGE_CURVE('',#4012,#4043,#4045,.T.);
#4043 = VERTEX_POINT('',#4044);
#4044 = CARTESIAN_POINT('',(169.345,-108.385,1.51));
#4045 = LINE('',#4046,#4047);
#4046 = CARTESIAN_POINT('',(170.115,-104.885,1.51));
#4047 = VECTOR('',#4048,1.);
#4048 = DIRECTION('',(-0.214861782675,-0.976644466705,0.));
#4049 = ORIENTED_EDGE('',*,*,#4050,.F.);
#4050 = EDGE_CURVE('',#4051,#4043,#4053,.T.);
#4051 = VERTEX_POINT('',#4052);
#4052 = CARTESIAN_POINT('',(169.345,-108.385,0.));
#4053 = LINE('',#4054,#4055);
#4054 = CARTESIAN_POINT('',(169.345,-108.385,0.));
#4055 = VECTOR('',#4056,1.);
#4056 = DIRECTION('',(0.,0.,1.));
#4057 = ORIENTED_EDGE('',*,*,#4058,.F.);
#4058 = EDGE_CURVE('',#4020,#4051,#4059,.T.);
#4059 = LINE('',#4060,#4061);
#4060 = CARTESIAN_POINT('',(170.115,-104.885,0.));
#4061 = VECTOR('',#4062,1.);
#4062 = DIRECTION('',(-0.214861782675,-0.976644466705,0.));
#4063 = PLANE('',#4064);
#4064 = AXIS2_PLACEMENT_3D('',#4065,#4066,#4067);
#4065 = CARTESIAN_POINT('',(170.115,-104.885,0.));
#4066 = DIRECTION('',(0.976644466705,-0.214861782675,0.));
#4067 = DIRECTION('',(-0.214861782675,-0.976644466705,0.));
#4068 = ADVANCED_FACE('',(#4069),#4094,.T.);
#4069 = FACE_BOUND('',#4070,.T.);
#4070 = EDGE_LOOP('',(#4071,#4072,#4080,#4088));
#4071 = ORIENTED_EDGE('',*,*,#4050,.T.);
#4072 = ORIENTED_EDGE('',*,*,#4073,.T.);
#4073 = EDGE_CURVE('',#4043,#4074,#4076,.T.);
#4074 = VERTEX_POINT('',#4075);
#4075 = CARTESIAN_POINT('',(166.305,-140.645,1.51));
#4076 = LINE('',#4077,#4078);
#4077 = CARTESIAN_POINT('',(169.345,-108.385,1.51));
#4078 = VECTOR('',#4079,1.);
#4079 = DIRECTION('',(-9.381870632358E-02,-0.995589298026,0.));
#4080 = ORIENTED_EDGE('',*,*,#4081,.F.);
#4081 = EDGE_CURVE('',#4082,#4074,#4084,.T.);
#4082 = VERTEX_POINT('',#4083);
#4083 = CARTESIAN_POINT('',(166.305,-140.645,0.));
#4084 = LINE('',#4085,#4086);
#4085 = CARTESIAN_POINT('',(166.305,-140.645,0.));
#4086 = VECTOR('',#4087,1.);
#4087 = DIRECTION('',(0.,0.,1.));
#4088 = ORIENTED_EDGE('',*,*,#4089,.F.);
#4089 = EDGE_CURVE('',#4051,#4082,#4090,.T.);
#4090 = LINE('',#4091,#4092);
#4091 = CARTESIAN_POINT('',(169.345,-108.385,0.));
#4092 = VECTOR('',#4093,1.);
#4093 = DIRECTION('',(-9.381870632358E-02,-0.995589298026,0.));
#4094 = PLANE('',#4095);
#4095 = AXIS2_PLACEMENT_3D('',#4096,#4097,#4098);
#4096 = CARTESIAN_POINT('',(169.345,-108.385,0.));
#4097 = DIRECTION('',(0.995589298026,-9.381870632358E-02,0.));
#4098 = DIRECTION('',(-9.381870632358E-02,-0.995589298026,0.));
#4099 = ADVANCED_FACE('',(#4100),#4125,.T.);
#4100 = FACE_BOUND('',#4101,.T.);
#4101 = EDGE_LOOP('',(#4102,#4103,#4111,#4119));
#4102 = ORIENTED_EDGE('',*,*,#4081,.T.);
#4103 = ORIENTED_EDGE('',*,*,#4104,.T.);
#4104 = EDGE_CURVE('',#4074,#4105,#4107,.T.);
#4105 = VERTEX_POINT('',#4106);
#4106 = CARTESIAN_POINT('',(142.485,-123.515,1.51));
#4107 = LINE('',#4108,#4109);
#4108 = CARTESIAN_POINT('',(166.305,-140.645,1.51));
#4109 = VECTOR('',#4110,1.);
#4110 = DIRECTION('',(-0.811863911502,0.583846717214,0.));
#4111 = ORIENTED_EDGE('',*,*,#4112,.F.);
#4112 = EDGE_CURVE('',#4113,#4105,#4115,.T.);
#4113 = VERTEX_POINT('',#4114);
#4114 = CARTESIAN_POINT('',(142.485,-123.515,0.));
#4115 = LINE('',#4116,#4117);
#4116 = CARTESIAN_POINT('',(142.485,-123.515,0.));
#4117 = VECTOR('',#4118,1.);
#4118 = DIRECTION('',(0.,0.,1.));
#4119 = ORIENTED_EDGE('',*,*,#4120,.F.);
#4120 = EDGE_CURVE('',#4082,#4113,#4121,.T.);
#4121 = LINE('',#4122,#4123);
#4122 = CARTESIAN_POINT('',(166.305,-140.645,0.));
#4123 = VECTOR('',#4124,1.);
#4124 = DIRECTION('',(-0.811863911502,0.583846717214,0.));
#4125 = PLANE('',#4126);
#4126 = AXIS2_PLACEMENT_3D('',#4127,#4128,#4129);
#4127 = CARTESIAN_POINT('',(166.305,-140.645,0.));
#4128 = DIRECTION('',(-0.583846717214,-0.811863911502,0.));
#4129 = DIRECTION('',(-0.811863911502,0.583846717214,0.));
#4130 = ADVANCED_FACE('',(#4131),#4156,.T.);
#4131 = FACE_BOUND('',#4132,.T.);
#4132 = EDGE_LOOP('',(#4133,#4134,#4142,#4150));
#4133 = ORIENTED_EDGE('',*,*,#4112,.T.);
#4134 = ORIENTED_EDGE('',*,*,#4135,.T.);
#4135 = EDGE_CURVE('',#4105,#4136,#4138,.T.);
#4136 = VERTEX_POINT('',#4137);
#4137 = CARTESIAN_POINT('',(138.755,-121.035,1.51));
#4138 = LINE('',#4139,#4140);
#4139 = CARTESIAN_POINT('',(142.485,-123.515,1.51));
#4140 = VECTOR('',#4141,1.);
#4141 = DIRECTION('',(-0.832736591019,0.553669368828,0.));
#4142 = ORIENTED_EDGE('',*,*,#4143,.F.);
#4143 = EDGE_CURVE('',#4144,#4136,#4146,.T.);
#4144 = VERTEX_POINT('',#4145);
#4145 = CARTESIAN_POINT('',(138.755,-121.035,0.));
#4146 = LINE('',#4147,#4148);
#4147 = CARTESIAN_POINT('',(138.755,-121.035,0.));
#4148 = VECTOR('',#4149,1.);
#4149 = DIRECTION('',(0.,0.,1.));
#4150 = ORIENTED_EDGE('',*,*,#4151,.F.);
#4151 = EDGE_CURVE('',#4113,#4144,#4152,.T.);
#4152 = LINE('',#4153,#4154);
#4153 = CARTESIAN_POINT('',(142.485,-123.515,0.));
#4154 = VECTOR('',#4155,1.);
#4155 = DIRECTION('',(-0.832736591019,0.553669368828,0.));
#4156 = PLANE('',#4157);
#4157 = AXIS2_PLACEMENT_3D('',#4158,#4159,#4160);
#4158 = CARTESIAN_POINT('',(142.485,-123.515,0.));
#4159 = DIRECTION('',(-0.553669368828,-0.832736591019,0.));
#4160 = DIRECTION('',(-0.832736591019,0.553669368828,0.));
#4161 = ADVANCED_FACE('',(#4162),#4187,.T.);
#4162 = FACE_BOUND('',#4163,.T.);
#4163 = EDGE_LOOP('',(#4164,#4165,#4173,#4181));
#4164 = ORIENTED_EDGE('',*,*,#4143,.T.);
#4165 = ORIENTED_EDGE('',*,*,#4166,.T.);
#4166 = EDGE_CURVE('',#4136,#4167,#4169,.T.);
#4167 = VERTEX_POINT('',#4168);
#4168 = CARTESIAN_POINT('',(109.512984,-106.219562,1.51));
#4169 = LINE('',#4170,#4171);
#4170 = CARTESIAN_POINT('',(138.755,-121.035,1.51));
#4171 = VECTOR('',#4172,1.);
#4172 = DIRECTION('',(-0.892042131666,0.451952248952,0.));
#4173 = ORIENTED_EDGE('',*,*,#4174,.F.);
#4174 = EDGE_CURVE('',#4175,#4167,#4177,.T.);
#4175 = VERTEX_POINT('',#4176);
#4176 = CARTESIAN_POINT('',(109.512984,-106.219562,0.));
#4177 = LINE('',#4178,#4179);
#4178 = CARTESIAN_POINT('',(109.512984,-106.219562,0.));
#4179 = VECTOR('',#4180,1.);
#4180 = DIRECTION('',(0.,0.,1.));
#4181 = ORIENTED_EDGE('',*,*,#4182,.F.);
#4182 = EDGE_CURVE('',#4144,#4175,#4183,.T.);
#4183 = LINE('',#4184,#4185);
#4184 = CARTESIAN_POINT('',(138.755,-121.035,0.));
#4185 = VECTOR('',#4186,1.);
#4186 = DIRECTION('',(-0.892042131666,0.451952248952,0.));
#4187 = PLANE('',#4188);
#4188 = AXIS2_PLACEMENT_3D('',#4189,#4190,#4191);
#4189 = CARTESIAN_POINT('',(138.755,-121.035,0.));
#4190 = DIRECTION('',(-0.451952248952,-0.892042131666,0.));
#4191 = DIRECTION('',(-0.892042131666,0.451952248952,0.));
#4192 = ADVANCED_FACE('',(#4193),#4218,.T.);
#4193 = FACE_BOUND('',#4194,.T.);
#4194 = EDGE_LOOP('',(#4195,#4196,#4204,#4212));
#4195 = ORIENTED_EDGE('',*,*,#4174,.T.);
#4196 = ORIENTED_EDGE('',*,*,#4197,.T.);
#4197 = EDGE_CURVE('',#4167,#4198,#4200,.T.);
#4198 = VERTEX_POINT('',#4199);
#4199 = CARTESIAN_POINT('',(109.925,-105.515,1.51));
#4200 = LINE('',#4201,#4202);
#4201 = CARTESIAN_POINT('',(109.512984,-106.219562,1.51));
#4202 = VECTOR('',#4203,1.);
#4203 = DIRECTION('',(0.504804528606,0.863233680934,0.));
#4204 = ORIENTED_EDGE('',*,*,#4205,.F.);
#4205 = EDGE_CURVE('',#4206,#4198,#4208,.T.);
#4206 = VERTEX_POINT('',#4207);
#4207 = CARTESIAN_POINT('',(109.925,-105.515,0.));
#4208 = LINE('',#4209,#4210);
#4209 = CARTESIAN_POINT('',(109.925,-105.515,0.));
#4210 = VECTOR('',#4211,1.);
#4211 = DIRECTION('',(0.,0.,1.));
#4212 = ORIENTED_EDGE('',*,*,#4213,.F.);
#4213 = EDGE_CURVE('',#4175,#4206,#4214,.T.);
#4214 = LINE('',#4215,#4216);
#4215 = CARTESIAN_POINT('',(109.512984,-106.219562,0.));
#4216 = VECTOR('',#4217,1.);
#4217 = DIRECTION('',(0.504804528606,0.863233680934,0.));
#4218 = PLANE('',#4219);
#4219 = AXIS2_PLACEMENT_3D('',#4220,#4221,#4222);
#4220 = CARTESIAN_POINT('',(109.512984,-106.219562,0.));
#4221 = DIRECTION('',(-0.863233680934,0.504804528606,0.));
#4222 = DIRECTION('',(0.504804528606,0.863233680934,0.));
#4223 = ADVANCED_FACE('',(#4224),#4249,.T.);
#4224 = FACE_BOUND('',#4225,.T.);
#4225 = EDGE_LOOP('',(#4226,#4227,#4235,#4243));
#4226 = ORIENTED_EDGE('',*,*,#4205,.T.);
#4227 = ORIENTED_EDGE('',*,*,#4228,.T.);
#4228 = EDGE_CURVE('',#4198,#4229,#4231,.T.);
#4229 = VERTEX_POINT('',#4230);
#4230 = CARTESIAN_POINT('',(109.565,-103.945,1.51));
#4231 = LINE('',#4232,#4233);
#4232 = CARTESIAN_POINT('',(109.925,-105.515,1.51));
#4233 = VECTOR('',#4234,1.);
#4234 = DIRECTION('',(-0.223499040625,0.974704149391,0.));
#4235 = ORIENTED_EDGE('',*,*,#4236,.F.);
#4236 = EDGE_CURVE('',#4237,#4229,#4239,.T.);
#4237 = VERTEX_POINT('',#4238);
#4238 = CARTESIAN_POINT('',(109.565,-103.945,0.));
#4239 = LINE('',#4240,#4241);
#4240 = CARTESIAN_POINT('',(109.565,-103.945,0.));
#4241 = VECTOR('',#4242,1.);
#4242 = DIRECTION('',(0.,0.,1.));
#4243 = ORIENTED_EDGE('',*,*,#4244,.F.);
#4244 = EDGE_CURVE('',#4206,#4237,#4245,.T.);
#4245 = LINE('',#4246,#4247);
#4246 = CARTESIAN_POINT('',(109.925,-105.515,0.));
#4247 = VECTOR('',#4248,1.);
#4248 = DIRECTION('',(-0.223499040625,0.974704149391,0.));
#4249 = PLANE('',#4250);
#4250 = AXIS2_PLACEMENT_3D('',#4251,#4252,#4253);
#4251 = CARTESIAN_POINT('',(109.925,-105.515,0.));
#4252 = DIRECTION('',(-0.974704149391,-0.223499040625,0.));
#4253 = DIRECTION('',(-0.223499040625,0.974704149391,0.));
#4254 = ADVANCED_FACE('',(#4255),#4280,.T.);
#4255 = FACE_BOUND('',#4256,.T.);
#4256 = EDGE_LOOP('',(#4257,#4258,#4266,#4274));
#4257 = ORIENTED_EDGE('',*,*,#4236,.T.);
#4258 = ORIENTED_EDGE('',*,*,#4259,.T.);
#4259 = EDGE_CURVE('',#4229,#4260,#4262,.T.);
#4260 = VERTEX_POINT('',#4261);
#4261 = CARTESIAN_POINT('',(108.215,-102.865,1.51));
#4262 = LINE('',#4263,#4264);
#4263 = CARTESIAN_POINT('',(109.565,-103.945,1.51));
#4264 = VECTOR('',#4265,1.);
#4265 = DIRECTION('',(-0.780868809443,0.624695047554,0.));
#4266 = ORIENTED_EDGE('',*,*,#4267,.F.);
#4267 = EDGE_CURVE('',#4268,#4260,#4270,.T.);
#4268 = VERTEX_POINT('',#4269);
#4269 = CARTESIAN_POINT('',(108.215,-102.865,0.));
#4270 = LINE('',#4271,#4272);
#4271 = CARTESIAN_POINT('',(108.215,-102.865,0.));
#4272 = VECTOR('',#4273,1.);
#4273 = DIRECTION('',(0.,0.,1.));
#4274 = ORIENTED_EDGE('',*,*,#4275,.F.);
#4275 = EDGE_CURVE('',#4237,#4268,#4276,.T.);
#4276 = LINE('',#4277,#4278);
#4277 = CARTESIAN_POINT('',(109.565,-103.945,0.));
#4278 = VECTOR('',#4279,1.);
#4279 = DIRECTION('',(-0.780868809443,0.624695047554,0.));
#4280 = PLANE('',#4281);
#4281 = AXIS2_PLACEMENT_3D('',#4282,#4283,#4284);
#4282 = CARTESIAN_POINT('',(109.565,-103.945,0.));
#4283 = DIRECTION('',(-0.624695047554,-0.780868809443,0.));
#4284 = DIRECTION('',(-0.780868809443,0.624695047554,0.));
#4285 = ADVANCED_FACE('',(#4286),#4311,.T.);
#4286 = FACE_BOUND('',#4287,.T.);
#4287 = EDGE_LOOP('',(#4288,#4289,#4297,#4305));
#4288 = ORIENTED_EDGE('',*,*,#4267,.T.);
#4289 = ORIENTED_EDGE('',*,*,#4290,.T.);
#4290 = EDGE_CURVE('',#4260,#4291,#4293,.T.);
#4291 = VERTEX_POINT('',#4292);
#4292 = CARTESIAN_POINT('',(106.605,-102.865,1.51));
#4293 = LINE('',#4294,#4295);
#4294 = CARTESIAN_POINT('',(108.215,-102.865,1.51));
#4295 = VECTOR('',#4296,1.);
#4296 = DIRECTION('',(-1.,0.,0.));
#4297 = ORIENTED_EDGE('',*,*,#4298,.F.);
#4298 = EDGE_CURVE('',#4299,#4291,#4301,.T.);
#4299 = VERTEX_POINT('',#4300);
#4300 = CARTESIAN_POINT('',(106.605,-102.865,0.));
#4301 = LINE('',#4302,#4303);
#4302 = CARTESIAN_POINT('',(106.605,-102.865,0.));
#4303 = VECTOR('',#4304,1.);
#4304 = DIRECTION('',(0.,0.,1.));
#4305 = ORIENTED_EDGE('',*,*,#4306,.F.);
#4306 = EDGE_CURVE('',#4268,#4299,#4307,.T.);
#4307 = LINE('',#4308,#4309);
#4308 = CARTESIAN_POINT('',(108.215,-102.865,0.));
#4309 = VECTOR('',#4310,1.);
#4310 = DIRECTION('',(-1.,0.,0.));
#4311 = PLANE('',#4312);
#4312 = AXIS2_PLACEMENT_3D('',#4313,#4314,#4315);
#4313 = CARTESIAN_POINT('',(108.215,-102.865,0.));
#4314 = DIRECTION('',(0.,-1.,0.));
#4315 = DIRECTION('',(-1.,0.,0.));
#4316 = ADVANCED_FACE('',(#4317),#4342,.T.);
#4317 = FACE_BOUND('',#4318,.T.);
#4318 = EDGE_LOOP('',(#4319,#4320,#4328,#4336));
#4319 = ORIENTED_EDGE('',*,*,#4298,.T.);
#4320 = ORIENTED_EDGE('',*,*,#4321,.T.);
#4321 = EDGE_CURVE('',#4291,#4322,#4324,.T.);
#4322 = VERTEX_POINT('',#4323);
#4323 = CARTESIAN_POINT('',(105.375,-104.225,1.51));
#4324 = LINE('',#4325,#4326);
#4325 = CARTESIAN_POINT('',(106.605,-102.865,1.51));
#4326 = VECTOR('',#4327,1.);
#4327 = DIRECTION('',(-0.670770516274,-0.741664961083,0.));
#4328 = ORIENTED_EDGE('',*,*,#4329,.F.);
#4329 = EDGE_CURVE('',#4330,#4322,#4332,.T.);
#4330 = VERTEX_POINT('',#4331);
#4331 = CARTESIAN_POINT('',(105.375,-104.225,0.));
#4332 = LINE('',#4333,#4334);
#4333 = CARTESIAN_POINT('',(105.375,-104.225,0.));
#4334 = VECTOR('',#4335,1.);
#4335 = DIRECTION('',(0.,0.,1.));
#4336 = ORIENTED_EDGE('',*,*,#4337,.F.);
#4337 = EDGE_CURVE('',#4299,#4330,#4338,.T.);
#4338 = LINE('',#4339,#4340);
#4339 = CARTESIAN_POINT('',(106.605,-102.865,0.));
#4340 = VECTOR('',#4341,1.);
#4341 = DIRECTION('',(-0.670770516274,-0.741664961083,0.));
#4342 = PLANE('',#4343);
#4343 = AXIS2_PLACEMENT_3D('',#4344,#4345,#4346);
#4344 = CARTESIAN_POINT('',(106.605,-102.865,0.));
#4345 = DIRECTION('',(0.741664961083,-0.670770516274,0.));
#4346 = DIRECTION('',(-0.670770516274,-0.741664961083,0.));
#4347 = ADVANCED_FACE('',(#4348),#4373,.T.);
#4348 = FACE_BOUND('',#4349,.T.);
#4349 = EDGE_LOOP('',(#4350,#4351,#4359,#4367));
#4350 = ORIENTED_EDGE('',*,*,#4329,.T.);
#4351 = ORIENTED_EDGE('',*,*,#4352,.T.);
#4352 = EDGE_CURVE('',#4322,#4353,#4355,.T.);
#4353 = VERTEX_POINT('',#4354);
#4354 = CARTESIAN_POINT('',(107.615,-121.995,1.51));
#4355 = LINE('',#4356,#4357);
#4356 = CARTESIAN_POINT('',(105.375,-104.225,1.51));
#4357 = VECTOR('',#4358,1.);
#4358 = DIRECTION('',(0.12506542668,-0.992148496471,0.));
#4359 = ORIENTED_EDGE('',*,*,#4360,.F.);
#4360 = EDGE_CURVE('',#4361,#4353,#4363,.T.);
#4361 = VERTEX_POINT('',#4362);
#4362 = CARTESIAN_POINT('',(107.615,-121.995,0.));
#4363 = LINE('',#4364,#4365);
#4364 = CARTESIAN_POINT('',(107.615,-121.995,0.));
#4365 = VECTOR('',#4366,1.);
#4366 = DIRECTION('',(0.,0.,1.));
#4367 = ORIENTED_EDGE('',*,*,#4368,.F.);
#4368 = EDGE_CURVE('',#4330,#4361,#4369,.T.);
#4369 = LINE('',#4370,#4371);
#4370 = CARTESIAN_POINT('',(105.375,-104.225,0.));
#4371 = VECTOR('',#4372,1.);
#4372 = DIRECTION('',(0.12506542668,-0.992148496471,0.));
#4373 = PLANE('',#4374);
#4374 = AXIS2_PLACEMENT_3D('',#4375,#4376,#4377);
#4375 = CARTESIAN_POINT('',(105.375,-104.225,0.));
#4376 = DIRECTION('',(0.992148496471,0.12506542668,-0.));
#4377 = DIRECTION('',(0.12506542668,-0.992148496471,0.));
#4378 = ADVANCED_FACE('',(#4379),#4404,.T.);
#4379 = FACE_BOUND('',#4380,.T.);
#4380 = EDGE_LOOP('',(#4381,#4382,#4390,#4398));
#4381 = ORIENTED_EDGE('',*,*,#4360,.T.);
#4382 = ORIENTED_EDGE('',*,*,#4383,.T.);
#4383 = EDGE_CURVE('',#4353,#4384,#4386,.T.);
#4384 = VERTEX_POINT('',#4385);
#4385 = CARTESIAN_POINT('',(101.845,-124.485,1.51));
#4386 = LINE('',#4387,#4388);
#4387 = CARTESIAN_POINT('',(107.615,-121.995,1.51));
#4388 = VECTOR('',#4389,1.);
#4389 = DIRECTION('',(-0.918154465002,-0.39622263741,0.));
#4390 = ORIENTED_EDGE('',*,*,#4391,.F.);
#4391 = EDGE_CURVE('',#4392,#4384,#4394,.T.);
#4392 = VERTEX_POINT('',#4393);
#4393 = CARTESIAN_POINT('',(101.845,-124.485,0.));
#4394 = LINE('',#4395,#4396);
#4395 = CARTESIAN_POINT('',(101.845,-124.485,0.));
#4396 = VECTOR('',#4397,1.);
#4397 = DIRECTION('',(0.,0.,1.));
#4398 = ORIENTED_EDGE('',*,*,#4399,.F.);
#4399 = EDGE_CURVE('',#4361,#4392,#4400,.T.);
#4400 = LINE('',#4401,#4402);
#4401 = CARTESIAN_POINT('',(107.615,-121.995,0.));
#4402 = VECTOR('',#4403,1.);
#4403 = DIRECTION('',(-0.918154465002,-0.39622263741,0.));
#4404 = PLANE('',#4405);
#4405 = AXIS2_PLACEMENT_3D('',#4406,#4407,#4408);
#4406 = CARTESIAN_POINT('',(107.615,-121.995,0.));
#4407 = DIRECTION('',(0.39622263741,-0.918154465002,0.));
#4408 = DIRECTION('',(-0.918154465002,-0.39622263741,0.));
#4409 = ADVANCED_FACE('',(#4410),#4435,.T.);
#4410 = FACE_BOUND('',#4411,.T.);
#4411 = EDGE_LOOP('',(#4412,#4413,#4421,#4429));
#4412 = ORIENTED_EDGE('',*,*,#4391,.T.);
#4413 = ORIENTED_EDGE('',*,*,#4414,.T.);
#4414 = EDGE_CURVE('',#4384,#4415,#4417,.T.);
#4415 = VERTEX_POINT('',#4416);
#4416 = CARTESIAN_POINT('',(97.655,-108.015,1.51));
#4417 = LINE('',#4418,#4419);
#4418 = CARTESIAN_POINT('',(101.845,-124.485,1.51));
#4419 = VECTOR('',#4420,1.);
#4420 = DIRECTION('',(-0.24654866012,0.969130413408,0.));
#4421 = ORIENTED_EDGE('',*,*,#4422,.F.);
#4422 = EDGE_CURVE('',#4423,#4415,#4425,.T.);
#4423 = VERTEX_POINT('',#4424);
#4424 = CARTESIAN_POINT('',(97.655,-108.015,0.));
#4425 = LINE('',#4426,#4427);
#4426 = CARTESIAN_POINT('',(97.655,-108.015,0.));
#4427 = VECTOR('',#4428,1.);
#4428 = DIRECTION('',(0.,0.,1.));
#4429 = ORIENTED_EDGE('',*,*,#4430,.F.);
#4430 = EDGE_CURVE('',#4392,#4423,#4431,.T.);
#4431 = LINE('',#4432,#4433);
#4432 = CARTESIAN_POINT('',(101.845,-124.485,0.));
#4433 = VECTOR('',#4434,1.);
#4434 = DIRECTION('',(-0.24654866012,0.969130413408,0.));
#4435 = PLANE('',#4436);
#4436 = AXIS2_PLACEMENT_3D('',#4437,#4438,#4439);
#4437 = CARTESIAN_POINT('',(101.845,-124.485,0.));
#4438 = DIRECTION('',(-0.969130413408,-0.24654866012,0.));
#4439 = DIRECTION('',(-0.24654866012,0.969130413408,0.));
#4440 = ADVANCED_FACE('',(#4441),#4466,.T.);
#4441 = FACE_BOUND('',#4442,.T.);
#4442 = EDGE_LOOP('',(#4443,#4444,#4452,#4460));
#4443 = ORIENTED_EDGE('',*,*,#4422,.T.);
#4444 = ORIENTED_EDGE('',*,*,#4445,.T.);
#4445 = EDGE_CURVE('',#4415,#4446,#4448,.T.);
#4446 = VERTEX_POINT('',#4447);
#4447 = CARTESIAN_POINT('',(100.345,-105.065,1.51));
#4448 = LINE('',#4449,#4450);
#4449 = CARTESIAN_POINT('',(97.655,-108.015,1.51));
#4450 = VECTOR('',#4451,1.);
#4451 = DIRECTION('',(0.673794085107,0.738919163965,0.));
#4452 = ORIENTED_EDGE('',*,*,#4453,.F.);
#4453 = EDGE_CURVE('',#4454,#4446,#4456,.T.);
#4454 = VERTEX_POINT('',#4455);
#4455 = CARTESIAN_POINT('',(100.345,-105.065,0.));
#4456 = LINE('',#4457,#4458);
#4457 = CARTESIAN_POINT('',(100.345,-105.065,0.));
#4458 = VECTOR('',#4459,1.);
#4459 = DIRECTION('',(0.,0.,1.));
#4460 = ORIENTED_EDGE('',*,*,#4461,.F.);
#4461 = EDGE_CURVE('',#4423,#4454,#4462,.T.);
#4462 = LINE('',#4463,#4464);
#4463 = CARTESIAN_POINT('',(97.655,-108.015,0.));
#4464 = VECTOR('',#4465,1.);
#4465 = DIRECTION('',(0.673794085107,0.738919163965,0.));
#4466 = PLANE('',#4467);
#4467 = AXIS2_PLACEMENT_3D('',#4468,#4469,#4470);
#4468 = CARTESIAN_POINT('',(97.655,-108.015,0.));
#4469 = DIRECTION('',(-0.738919163965,0.673794085107,0.));
#4470 = DIRECTION('',(0.673794085107,0.738919163965,0.));
#4471 = ADVANCED_FACE('',(#4472),#4497,.T.);
#4472 = FACE_BOUND('',#4473,.T.);
#4473 = EDGE_LOOP('',(#4474,#4475,#4483,#4491));
#4474 = ORIENTED_EDGE('',*,*,#4453,.T.);
#4475 = ORIENTED_EDGE('',*,*,#4476,.T.);
#4476 = EDGE_CURVE('',#4446,#4477,#4479,.T.);
#4477 = VERTEX_POINT('',#4478);
#4478 = CARTESIAN_POINT('',(102.565,-102.645,1.51));
#4479 = LINE('',#4480,#4481);
#4480 = CARTESIAN_POINT('',(100.345,-105.065,1.51));
#4481 = VECTOR('',#4482,1.);
#4482 = DIRECTION('',(0.676000359041,0.736901292288,0.));
#4483 = ORIENTED_EDGE('',*,*,#4484,.F.);
#4484 = EDGE_CURVE('',#4485,#4477,#4487,.T.);
#4485 = VERTEX_POINT('',#4486);
#4486 = CARTESIAN_POINT('',(102.565,-102.645,0.));
#4487 = LINE('',#4488,#4489);
#4488 = CARTESIAN_POINT('',(102.565,-102.645,0.));
#4489 = VECTOR('',#4490,1.);
#4490 = DIRECTION('',(0.,0.,1.));
#4491 = ORIENTED_EDGE('',*,*,#4492,.F.);
#4492 = EDGE_CURVE('',#4454,#4485,#4493,.T.);
#4493 = LINE('',#4494,#4495);
#4494 = CARTESIAN_POINT('',(100.345,-105.065,0.));
#4495 = VECTOR('',#4496,1.);
#4496 = DIRECTION('',(0.676000359041,0.736901292288,0.));
#4497 = PLANE('',#4498);
#4498 = AXIS2_PLACEMENT_3D('',#4499,#4500,#4501);
#4499 = CARTESIAN_POINT('',(100.345,-105.065,0.));
#4500 = DIRECTION('',(-0.736901292288,0.676000359041,0.));
#4501 = DIRECTION('',(0.676000359041,0.736901292288,0.));
#4502 = ADVANCED_FACE('',(#4503),#4528,.T.);
#4503 = FACE_BOUND('',#4504,.T.);
#4504 = EDGE_LOOP('',(#4505,#4506,#4514,#4522));
#4505 = ORIENTED_EDGE('',*,*,#4484,.T.);
#4506 = ORIENTED_EDGE('',*,*,#4507,.T.);
#4507 = EDGE_CURVE('',#4477,#4508,#4510,.T.);
#4508 = VERTEX_POINT('',#4509);
#4509 = CARTESIAN_POINT('',(105.205,-99.735,1.51));
#4510 = LINE('',#4511,#4512);
#4511 = CARTESIAN_POINT('',(102.565,-102.645,1.51));
#4512 = VECTOR('',#4513,1.);
#4513 = DIRECTION('',(0.671912357248,0.740630666512,0.));
#4514 = ORIENTED_EDGE('',*,*,#4515,.F.);
#4515 = EDGE_CURVE('',#4516,#4508,#4518,.T.);
#4516 = VERTEX_POINT('',#4517);
#4517 = CARTESIAN_POINT('',(105.205,-99.735,0.));
#4518 = LINE('',#4519,#4520);
#4519 = CARTESIAN_POINT('',(105.205,-99.735,0.));
#4520 = VECTOR('',#4521,1.);
#4521 = DIRECTION('',(0.,0.,1.));
#4522 = ORIENTED_EDGE('',*,*,#4523,.F.);
#4523 = EDGE_CURVE('',#4485,#4516,#4524,.T.);
#4524 = LINE('',#4525,#4526);
#4525 = CARTESIAN_POINT('',(102.565,-102.645,0.));
#4526 = VECTOR('',#4527,1.);
#4527 = DIRECTION('',(0.671912357248,0.740630666512,0.));
#4528 = PLANE('',#4529);
#4529 = AXIS2_PLACEMENT_3D('',#4530,#4531,#4532);
#4530 = CARTESIAN_POINT('',(102.565,-102.645,0.));
#4531 = DIRECTION('',(-0.740630666512,0.671912357248,0.));
#4532 = DIRECTION('',(0.671912357248,0.740630666512,0.));
#4533 = ADVANCED_FACE('',(#4534),#4559,.T.);
#4534 = FACE_BOUND('',#4535,.T.);
#4535 = EDGE_LOOP('',(#4536,#4537,#4545,#4553));
#4536 = ORIENTED_EDGE('',*,*,#4515,.T.);
#4537 = ORIENTED_EDGE('',*,*,#4538,.T.);
#4538 = EDGE_CURVE('',#4508,#4539,#4541,.T.);
#4539 = VERTEX_POINT('',#4540);
#4540 = CARTESIAN_POINT('',(105.145,-99.045,1.51));
#4541 = LINE('',#4542,#4543);
#4542 = CARTESIAN_POINT('',(105.205,-99.735,1.51));
#4543 = VECTOR('',#4544,1.);
#4544 = DIRECTION('',(-8.662961636485E-02,0.996240588196,0.));
#4545 = ORIENTED_EDGE('',*,*,#4546,.F.);
#4546 = EDGE_CURVE('',#4547,#4539,#4549,.T.);
#4547 = VERTEX_POINT('',#4548);
#4548 = CARTESIAN_POINT('',(105.145,-99.045,0.));
#4549 = LINE('',#4550,#4551);
#4550 = CARTESIAN_POINT('',(105.145,-99.045,0.));
#4551 = VECTOR('',#4552,1.);
#4552 = DIRECTION('',(0.,0.,1.));
#4553 = ORIENTED_EDGE('',*,*,#4554,.F.);
#4554 = EDGE_CURVE('',#4516,#4547,#4555,.T.);
#4555 = LINE('',#4556,#4557);
#4556 = CARTESIAN_POINT('',(105.205,-99.735,0.));
#4557 = VECTOR('',#4558,1.);
#4558 = DIRECTION('',(-8.662961636485E-02,0.996240588196,0.));
#4559 = PLANE('',#4560);
#4560 = AXIS2_PLACEMENT_3D('',#4561,#4562,#4563);
#4561 = CARTESIAN_POINT('',(105.205,-99.735,0.));
#4562 = DIRECTION('',(-0.996240588196,-8.662961636485E-02,0.));
#4563 = DIRECTION('',(-8.662961636485E-02,0.996240588196,0.));
#4564 = ADVANCED_FACE('',(#4565),#4590,.T.);
#4565 = FACE_BOUND('',#4566,.T.);
#4566 = EDGE_LOOP('',(#4567,#4568,#4576,#4584));
#4567 = ORIENTED_EDGE('',*,*,#4546,.T.);
#4568 = ORIENTED_EDGE('',*,*,#4569,.T.);
#4569 = EDGE_CURVE('',#4539,#4570,#4572,.T.);
#4570 = VERTEX_POINT('',#4571);
#4571 = CARTESIAN_POINT('',(104.805,-97.285,1.51));
#4572 = LINE('',#4573,#4574);
#4573 = CARTESIAN_POINT('',(105.145,-99.045,1.51));
#4574 = VECTOR('',#4575,1.);
#4575 = DIRECTION('',(-0.189674976049,0.981846934843,0.));
#4576 = ORIENTED_EDGE('',*,*,#4577,.F.);
#4577 = EDGE_CURVE('',#4578,#4570,#4580,.T.);
#4578 = VERTEX_POINT('',#4579);
#4579 = CARTESIAN_POINT('',(104.805,-97.285,0.));
#4580 = LINE('',#4581,#4582);
#4581 = CARTESIAN_POINT('',(104.805,-97.285,0.));
#4582 = VECTOR('',#4583,1.);
#4583 = DIRECTION('',(0.,0.,1.));
#4584 = ORIENTED_EDGE('',*,*,#4585,.F.);
#4585 = EDGE_CURVE('',#4547,#4578,#4586,.T.);
#4586 = LINE('',#4587,#4588);
#4587 = CARTESIAN_POINT('',(105.145,-99.045,0.));
#4588 = VECTOR('',#4589,1.);
#4589 = DIRECTION('',(-0.189674976049,0.981846934843,0.));
#4590 = PLANE('',#4591);
#4591 = AXIS2_PLACEMENT_3D('',#4592,#4593,#4594);
#4592 = CARTESIAN_POINT('',(105.145,-99.045,0.));
#4593 = DIRECTION('',(-0.981846934843,-0.189674976049,0.));
#4594 = DIRECTION('',(-0.189674976049,0.981846934843,0.));
#4595 = ADVANCED_FACE('',(#4596),#4621,.T.);
#4596 = FACE_BOUND('',#4597,.T.);
#4597 = EDGE_LOOP('',(#4598,#4599,#4607,#4615));
#4598 = ORIENTED_EDGE('',*,*,#4577,.T.);
#4599 = ORIENTED_EDGE('',*,*,#4600,.T.);
#4600 = EDGE_CURVE('',#4570,#4601,#4603,.T.);
#4601 = VERTEX_POINT('',#4602);
#4602 = CARTESIAN_POINT('',(89.335,-92.555,1.51));
#4603 = LINE('',#4604,#4605);
#4604 = CARTESIAN_POINT('',(104.805,-97.285,1.51));
#4605 = VECTOR('',#4606,1.);
#4606 = DIRECTION('',(-0.956298769442,0.292391285033,0.));
#4607 = ORIENTED_EDGE('',*,*,#4608,.F.);
#4608 = EDGE_CURVE('',#4609,#4601,#4611,.T.);
#4609 = VERTEX_POINT('',#4610);
#4610 = CARTESIAN_POINT('',(89.335,-92.555,0.));
#4611 = LINE('',#4612,#4613);
#4612 = CARTESIAN_POINT('',(89.335,-92.555,0.));
#4613 = VECTOR('',#4614,1.);
#4614 = DIRECTION('',(0.,0.,1.));
#4615 = ORIENTED_EDGE('',*,*,#4616,.F.);
#4616 = EDGE_CURVE('',#4578,#4609,#4617,.T.);
#4617 = LINE('',#4618,#4619);
#4618 = CARTESIAN_POINT('',(104.805,-97.285,0.));
#4619 = VECTOR('',#4620,1.);
#4620 = DIRECTION('',(-0.956298769442,0.292391285033,0.));
#4621 = PLANE('',#4622);
#4622 = AXIS2_PLACEMENT_3D('',#4623,#4624,#4625);
#4623 = CARTESIAN_POINT('',(104.805,-97.285,0.));
#4624 = DIRECTION('',(-0.292391285033,-0.956298769442,0.));
#4625 = DIRECTION('',(-0.956298769442,0.292391285033,0.));
#4626 = ADVANCED_FACE('',(#4627),#4652,.T.);
#4627 = FACE_BOUND('',#4628,.T.);
#4628 = EDGE_LOOP('',(#4629,#4630,#4638,#4646));
#4629 = ORIENTED_EDGE('',*,*,#4608,.T.);
#4630 = ORIENTED_EDGE('',*,*,#4631,.T.);
#4631 = EDGE_CURVE('',#4601,#4632,#4634,.T.);
#4632 = VERTEX_POINT('',#4633);
#4633 = CARTESIAN_POINT('',(83.075,-107.155,1.51));
#4634 = LINE('',#4635,#4636);
#4635 = CARTESIAN_POINT('',(89.335,-92.555,1.51));
#4636 = VECTOR('',#4637,1.);
#4637 = DIRECTION('',(-0.394071243108,-0.919079896067,0.));
#4638 = ORIENTED_EDGE('',*,*,#4639,.F.);
#4639 = EDGE_CURVE('',#4640,#4632,#4642,.T.);
#4640 = VERTEX_POINT('',#4641);
#4641 = CARTESIAN_POINT('',(83.075,-107.155,0.));
#4642 = LINE('',#4643,#4644);
#4643 = CARTESIAN_POINT('',(83.075,-107.155,0.));
#4644 = VECTOR('',#4645,1.);
#4645 = DIRECTION('',(0.,0.,1.));
#4646 = ORIENTED_EDGE('',*,*,#4647,.F.);
#4647 = EDGE_CURVE('',#4609,#4640,#4648,.T.);
#4648 = LINE('',#4649,#4650);
#4649 = CARTESIAN_POINT('',(89.335,-92.555,0.));
#4650 = VECTOR('',#4651,1.);
#4651 = DIRECTION('',(-0.394071243108,-0.919079896067,0.));
#4652 = PLANE('',#4653);
#4653 = AXIS2_PLACEMENT_3D('',#4654,#4655,#4656);
#4654 = CARTESIAN_POINT('',(89.335,-92.555,0.));
#4655 = DIRECTION('',(0.919079896067,-0.394071243108,0.));
#4656 = DIRECTION('',(-0.394071243108,-0.919079896067,0.));
#4657 = ADVANCED_FACE('',(#4658),#4683,.T.);
#4658 = FACE_BOUND('',#4659,.T.);
#4659 = EDGE_LOOP('',(#4660,#4661,#4669,#4677));
#4660 = ORIENTED_EDGE('',*,*,#4639,.T.);
#4661 = ORIENTED_EDGE('',*,*,#4662,.T.);
#4662 = EDGE_CURVE('',#4632,#4663,#4665,.T.);
#4663 = VERTEX_POINT('',#4664);
#4664 = CARTESIAN_POINT('',(81.685,-107.155,1.51));
#4665 = LINE('',#4666,#4667);
#4666 = CARTESIAN_POINT('',(83.075,-107.155,1.51));
#4667 = VECTOR('',#4668,1.);
#4668 = DIRECTION('',(-1.,0.,0.));
#4669 = ORIENTED_EDGE('',*,*,#4670,.F.);
#4670 = EDGE_CURVE('',#4671,#4663,#4673,.T.);
#4671 = VERTEX_POINT('',#4672);
#4672 = CARTESIAN_POINT('',(81.685,-107.155,0.));
#4673 = LINE('',#4674,#4675);
#4674 = CARTESIAN_POINT('',(81.685,-107.155,0.));
#4675 = VECTOR('',#4676,1.);
#4676 = DIRECTION('',(0.,0.,1.));
#4677 = ORIENTED_EDGE('',*,*,#4678,.F.);
#4678 = EDGE_CURVE('',#4640,#4671,#4679,.T.);
#4679 = LINE('',#4680,#4681);
#4680 = CARTESIAN_POINT('',(83.075,-107.155,0.));
#4681 = VECTOR('',#4682,1.);
#4682 = DIRECTION('',(-1.,0.,0.));
#4683 = PLANE('',#4684);
#4684 = AXIS2_PLACEMENT_3D('',#4685,#4686,#4687);
#4685 = CARTESIAN_POINT('',(83.075,-107.155,0.));
#4686 = DIRECTION('',(0.,-1.,0.));
#4687 = DIRECTION('',(-1.,0.,0.));
#4688 = ADVANCED_FACE('',(#4689),#4714,.T.);
#4689 = FACE_BOUND('',#4690,.T.);
#4690 = EDGE_LOOP('',(#4691,#4692,#4700,#4708));
#4691 = ORIENTED_EDGE('',*,*,#4670,.T.);
#4692 = ORIENTED_EDGE('',*,*,#4693,.T.);
#4693 = EDGE_CURVE('',#4663,#4694,#4696,.T.);
#4694 = VERTEX_POINT('',#4695);
#4695 = CARTESIAN_POINT('',(81.735,-106.415,1.51));
#4696 = LINE('',#4697,#4698);
#4697 = CARTESIAN_POINT('',(81.685,-107.155,1.51));
#4698 = VECTOR('',#4699,1.);
#4699 = DIRECTION('',(6.741385799232E-02,0.997725098286,0.));
#4700 = ORIENTED_EDGE('',*,*,#4701,.F.);
#4701 = EDGE_CURVE('',#4702,#4694,#4704,.T.);
#4702 = VERTEX_POINT('',#4703);
#4703 = CARTESIAN_POINT('',(81.735,-106.415,0.));
#4704 = LINE('',#4705,#4706);
#4705 = CARTESIAN_POINT('',(81.735,-106.415,0.));
#4706 = VECTOR('',#4707,1.);
#4707 = DIRECTION('',(0.,0.,1.));
#4708 = ORIENTED_EDGE('',*,*,#4709,.F.);
#4709 = EDGE_CURVE('',#4671,#4702,#4710,.T.);
#4710 = LINE('',#4711,#4712);
#4711 = CARTESIAN_POINT('',(81.685,-107.155,0.));
#4712 = VECTOR('',#4713,1.);
#4713 = DIRECTION('',(6.741385799232E-02,0.997725098286,0.));
#4714 = PLANE('',#4715);
#4715 = AXIS2_PLACEMENT_3D('',#4716,#4717,#4718);
#4716 = CARTESIAN_POINT('',(81.685,-107.155,0.));
#4717 = DIRECTION('',(-0.997725098286,6.741385799232E-02,0.));
#4718 = DIRECTION('',(6.741385799232E-02,0.997725098286,0.));
#4719 = ADVANCED_FACE('',(#4720),#4745,.T.);
#4720 = FACE_BOUND('',#4721,.T.);
#4721 = EDGE_LOOP('',(#4722,#4723,#4731,#4739));
#4722 = ORIENTED_EDGE('',*,*,#4701,.T.);
#4723 = ORIENTED_EDGE('',*,*,#4724,.T.);
#4724 = EDGE_CURVE('',#4694,#4725,#4727,.T.);
#4725 = VERTEX_POINT('',#4726);
#4726 = CARTESIAN_POINT('',(81.315,-105.595,1.51));
#4727 = LINE('',#4728,#4729);
#4728 = CARTESIAN_POINT('',(81.735,-106.415,1.51));
#4729 = VECTOR('',#4730,1.);
#4730 = DIRECTION('',(-0.455875869806,0.890043364859,0.));
#4731 = ORIENTED_EDGE('',*,*,#4732,.F.);
#4732 = EDGE_CURVE('',#4733,#4725,#4735,.T.);
#4733 = VERTEX_POINT('',#4734);
#4734 = CARTESIAN_POINT('',(81.315,-105.595,0.));
#4735 = LINE('',#4736,#4737);
#4736 = CARTESIAN_POINT('',(81.315,-105.595,0.));
#4737 = VECTOR('',#4738,1.);
#4738 = DIRECTION('',(0.,0.,1.));
#4739 = ORIENTED_EDGE('',*,*,#4740,.F.);
#4740 = EDGE_CURVE('',#4702,#4733,#4741,.T.);
#4741 = LINE('',#4742,#4743);
#4742 = CARTESIAN_POINT('',(81.735,-106.415,0.));
#4743 = VECTOR('',#4744,1.);
#4744 = DIRECTION('',(-0.455875869806,0.890043364859,0.));
#4745 = PLANE('',#4746);
#4746 = AXIS2_PLACEMENT_3D('',#4747,#4748,#4749);
#4747 = CARTESIAN_POINT('',(81.735,-106.415,0.));
#4748 = DIRECTION('',(-0.890043364859,-0.455875869806,0.));
#4749 = DIRECTION('',(-0.455875869806,0.890043364859,0.));
#4750 = ADVANCED_FACE('',(#4751),#4776,.T.);
#4751 = FACE_BOUND('',#4752,.T.);
#4752 = EDGE_LOOP('',(#4753,#4754,#4762,#4770));
#4753 = ORIENTED_EDGE('',*,*,#4732,.T.);
#4754 = ORIENTED_EDGE('',*,*,#4755,.T.);
#4755 = EDGE_CURVE('',#4725,#4756,#4758,.T.);
#4756 = VERTEX_POINT('',#4757);
#4757 = CARTESIAN_POINT('',(80.615,-105.245,1.51));
#4758 = LINE('',#4759,#4760);
#4759 = CARTESIAN_POINT('',(81.315,-105.595,1.51));
#4760 = VECTOR('',#4761,1.);
#4761 = DIRECTION('',(-0.894427191,0.4472135955,0.));
#4762 = ORIENTED_EDGE('',*,*,#4763,.F.);
#4763 = EDGE_CURVE('',#4764,#4756,#4766,.T.);
#4764 = VERTEX_POINT('',#4765);
#4765 = CARTESIAN_POINT('',(80.615,-105.245,0.));
#4766 = LINE('',#4767,#4768);
#4767 = CARTESIAN_POINT('',(80.615,-105.245,0.));
#4768 = VECTOR('',#4769,1.);
#4769 = DIRECTION('',(0.,0.,1.));
#4770 = ORIENTED_EDGE('',*,*,#4771,.F.);
#4771 = EDGE_CURVE('',#4733,#4764,#4772,.T.);
#4772 = LINE('',#4773,#4774);
#4773 = CARTESIAN_POINT('',(81.315,-105.595,0.));
#4774 = VECTOR('',#4775,1.);
#4775 = DIRECTION('',(-0.894427191,0.4472135955,0.));
#4776 = PLANE('',#4777);
#4777 = AXIS2_PLACEMENT_3D('',#4778,#4779,#4780);
#4778 = CARTESIAN_POINT('',(81.315,-105.595,0.));
#4779 = DIRECTION('',(-0.4472135955,-0.894427191,0.));
#4780 = DIRECTION('',(-0.894427191,0.4472135955,0.));
#4781 = ADVANCED_FACE('',(#4782),#4807,.T.);
#4782 = FACE_BOUND('',#4783,.T.);
#4783 = EDGE_LOOP('',(#4784,#4785,#4793,#4801));
#4784 = ORIENTED_EDGE('',*,*,#4763,.T.);
#4785 = ORIENTED_EDGE('',*,*,#4786,.T.);
#4786 = EDGE_CURVE('',#4756,#4787,#4789,.T.);
#4787 = VERTEX_POINT('',#4788);
#4788 = CARTESIAN_POINT('',(83.045,-97.125,1.51));
#4789 = LINE('',#4790,#4791);
#4790 = CARTESIAN_POINT('',(80.615,-105.245,1.51));
#4791 = VECTOR('',#4792,1.);
#4792 = DIRECTION('',(0.286698372526,0.958020899141,0.));
#4793 = ORIENTED_EDGE('',*,*,#4794,.F.);
#4794 = EDGE_CURVE('',#4795,#4787,#4797,.T.);
#4795 = VERTEX_POINT('',#4796);
#4796 = CARTESIAN_POINT('',(83.045,-97.125,0.));
#4797 = LINE('',#4798,#4799);
#4798 = CARTESIAN_POINT('',(83.045,-97.125,0.));
#4799 = VECTOR('',#4800,1.);
#4800 = DIRECTION('',(0.,0.,1.));
#4801 = ORIENTED_EDGE('',*,*,#4802,.F.);
#4802 = EDGE_CURVE('',#4764,#4795,#4803,.T.);
#4803 = LINE('',#4804,#4805);
#4804 = CARTESIAN_POINT('',(80.615,-105.245,0.));
#4805 = VECTOR('',#4806,1.);
#4806 = DIRECTION('',(0.286698372526,0.958020899141,0.));
#4807 = PLANE('',#4808);
#4808 = AXIS2_PLACEMENT_3D('',#4809,#4810,#4811);
#4809 = CARTESIAN_POINT('',(80.615,-105.245,0.));
#4810 = DIRECTION('',(-0.958020899141,0.286698372526,0.));
#4811 = DIRECTION('',(0.286698372526,0.958020899141,0.));
#4812 = ADVANCED_FACE('',(#4813),#4838,.T.);
#4813 = FACE_BOUND('',#4814,.T.);
#4814 = EDGE_LOOP('',(#4815,#4816,#4824,#4832));
#4815 = ORIENTED_EDGE('',*,*,#4794,.T.);
#4816 = ORIENTED_EDGE('',*,*,#4817,.T.);
#4817 = EDGE_CURVE('',#4787,#4818,#4820,.T.);
#4818 = VERTEX_POINT('',#4819);
#4819 = CARTESIAN_POINT('',(83.233586,-97.141412,1.51));
#4820 = LINE('',#4821,#4822);
#4821 = CARTESIAN_POINT('',(83.045,-97.125,1.51));
#4822 = VECTOR('',#4823,1.);
#4823 = DIRECTION('',(0.996234559794,-8.669891505912E-02,0.));
#4824 = ORIENTED_EDGE('',*,*,#4825,.F.);
#4825 = EDGE_CURVE('',#4826,#4818,#4828,.T.);
#4826 = VERTEX_POINT('',#4827);
#4827 = CARTESIAN_POINT('',(83.233586,-97.141412,0.));
#4828 = LINE('',#4829,#4830);
#4829 = CARTESIAN_POINT('',(83.233586,-97.141412,0.));
#4830 = VECTOR('',#4831,1.);
#4831 = DIRECTION('',(0.,0.,1.));
#4832 = ORIENTED_EDGE('',*,*,#4833,.F.);
#4833 = EDGE_CURVE('',#4795,#4826,#4834,.T.);
#4834 = LINE('',#4835,#4836);
#4835 = CARTESIAN_POINT('',(83.045,-97.125,0.));
#4836 = VECTOR('',#4837,1.);
#4837 = DIRECTION('',(0.996234559794,-8.669891505912E-02,0.));
#4838 = PLANE('',#4839);
#4839 = AXIS2_PLACEMENT_3D('',#4840,#4841,#4842);
#4840 = CARTESIAN_POINT('',(83.045,-97.125,0.));
#4841 = DIRECTION('',(8.669891505912E-02,0.996234559794,-0.));
#4842 = DIRECTION('',(0.996234559794,-8.669891505912E-02,0.));
#4843 = ADVANCED_FACE('',(#4844),#4869,.T.);
#4844 = FACE_BOUND('',#4845,.T.);
#4845 = EDGE_LOOP('',(#4846,#4847,#4855,#4863));
#4846 = ORIENTED_EDGE('',*,*,#4825,.T.);
#4847 = ORIENTED_EDGE('',*,*,#4848,.T.);
#4848 = EDGE_CURVE('',#4818,#4849,#4851,.T.);
#4849 = VERTEX_POINT('',#4850);
#4850 = CARTESIAN_POINT('',(83.411747,-97.147272,1.51));
#4851 = LINE('',#4852,#4853);
#4852 = CARTESIAN_POINT('',(83.233586,-97.141412,1.51));
#4853 = VECTOR('',#4854,1.);
#4854 = DIRECTION('',(0.999459509899,-3.28738204658E-02,0.));
#4855 = ORIENTED_EDGE('',*,*,#4856,.F.);
#4856 = EDGE_CURVE('',#4857,#4849,#4859,.T.);
#4857 = VERTEX_POINT('',#4858);
#4858 = CARTESIAN_POINT('',(83.411747,-97.147272,0.));
#4859 = LINE('',#4860,#4861);
#4860 = CARTESIAN_POINT('',(83.411747,-97.147272,0.));
#4861 = VECTOR('',#4862,1.);
#4862 = DIRECTION('',(0.,0.,1.));
#4863 = ORIENTED_EDGE('',*,*,#4864,.F.);
#4864 = EDGE_CURVE('',#4826,#4857,#4865,.T.);
#4865 = LINE('',#4866,#4867);
#4866 = CARTESIAN_POINT('',(83.233586,-97.141412,0.));
#4867 = VECTOR('',#4868,1.);
#4868 = DIRECTION('',(0.999459509899,-3.28738204658E-02,0.));
#4869 = PLANE('',#4870);
#4870 = AXIS2_PLACEMENT_3D('',#4871,#4872,#4873);
#4871 = CARTESIAN_POINT('',(83.233586,-97.141412,0.));
#4872 = DIRECTION('',(3.28738204658E-02,0.999459509899,-0.));
#4873 = DIRECTION('',(0.999459509899,-3.28738204658E-02,0.));
#4874 = ADVANCED_FACE('',(#4875),#4900,.T.);
#4875 = FACE_BOUND('',#4876,.T.);
#4876 = EDGE_LOOP('',(#4877,#4878,#4886,#4894));
#4877 = ORIENTED_EDGE('',*,*,#4856,.T.);
#4878 = ORIENTED_EDGE('',*,*,#4879,.T.);
#4879 = EDGE_CURVE('',#4849,#4880,#4882,.T.);
#4880 = VERTEX_POINT('',#4881);
#4881 = CARTESIAN_POINT('',(83.581669,-97.143209,1.51));
#4882 = LINE('',#4883,#4884);
#4883 = CARTESIAN_POINT('',(83.411747,-97.147272,1.51));
#4884 = VECTOR('',#4885,1.);
#4885 = DIRECTION('',(0.999714255257,2.390413848183E-02,0.));
#4886 = ORIENTED_EDGE('',*,*,#4887,.F.);
#4887 = EDGE_CURVE('',#4888,#4880,#4890,.T.);
#4888 = VERTEX_POINT('',#4889);
#4889 = CARTESIAN_POINT('',(83.581669,-97.143209,0.));
#4890 = LINE('',#4891,#4892);
#4891 = CARTESIAN_POINT('',(83.581669,-97.143209,0.));
#4892 = VECTOR('',#4893,1.);
#4893 = DIRECTION('',(0.,0.,1.));
#4894 = ORIENTED_EDGE('',*,*,#4895,.F.);
#4895 = EDGE_CURVE('',#4857,#4888,#4896,.T.);
#4896 = LINE('',#4897,#4898);
#4897 = CARTESIAN_POINT('',(83.411747,-97.147272,0.));
#4898 = VECTOR('',#4899,1.);
#4899 = DIRECTION('',(0.999714255257,2.390413848183E-02,0.));
#4900 = PLANE('',#4901);
#4901 = AXIS2_PLACEMENT_3D('',#4902,#4903,#4904);
#4902 = CARTESIAN_POINT('',(83.411747,-97.147272,0.));
#4903 = DIRECTION('',(-2.390413848183E-02,0.999714255257,0.));
#4904 = DIRECTION('',(0.999714255257,2.390413848183E-02,0.));
#4905 = ADVANCED_FACE('',(#4906),#4931,.T.);
#4906 = FACE_BOUND('',#4907,.T.);
#4907 = EDGE_LOOP('',(#4908,#4909,#4917,#4925));
#4908 = ORIENTED_EDGE('',*,*,#4887,.T.);
#4909 = ORIENTED_EDGE('',*,*,#4910,.T.);
#4910 = EDGE_CURVE('',#4880,#4911,#4913,.T.);
#4911 = VERTEX_POINT('',#4912);
#4912 = CARTESIAN_POINT('',(83.741587,-97.12985,1.51));
#4913 = LINE('',#4914,#4915);
#4914 = CARTESIAN_POINT('',(83.581669,-97.143209,1.51));
#4915 = VECTOR('',#4916,1.);
#4916 = DIRECTION('',(0.996528977363,8.324660518885E-02,0.));
#4917 = ORIENTED_EDGE('',*,*,#4918,.F.);
#4918 = EDGE_CURVE('',#4919,#4911,#4921,.T.);
#4919 = VERTEX_POINT('',#4920);
#4920 = CARTESIAN_POINT('',(83.741587,-97.12985,0.));
#4921 = LINE('',#4922,#4923);
#4922 = CARTESIAN_POINT('',(83.741587,-97.12985,0.));
#4923 = VECTOR('',#4924,1.);
#4924 = DIRECTION('',(0.,0.,1.));
#4925 = ORIENTED_EDGE('',*,*,#4926,.F.);
#4926 = EDGE_CURVE('',#4888,#4919,#4927,.T.);
#4927 = LINE('',#4928,#4929);
#4928 = CARTESIAN_POINT('',(83.581669,-97.143209,0.));
#4929 = VECTOR('',#4930,1.);
#4930 = DIRECTION('',(0.996528977363,8.324660518885E-02,0.));
#4931 = PLANE('',#4932);
#4932 = AXIS2_PLACEMENT_3D('',#4933,#4934,#4935);
#4933 = CARTESIAN_POINT('',(83.581669,-97.143209,0.));
#4934 = DIRECTION('',(-8.324660518885E-02,0.996528977363,0.));
#4935 = DIRECTION('',(0.996528977363,8.324660518885E-02,0.));
#4936 = ADVANCED_FACE('',(#4937),#4962,.T.);
#4937 = FACE_BOUND('',#4938,.T.);
#4938 = EDGE_LOOP('',(#4939,#4940,#4948,#4956));
#4939 = ORIENTED_EDGE('',*,*,#4918,.T.);
#4940 = ORIENTED_EDGE('',*,*,#4941,.T.);
#4941 = EDGE_CURVE('',#4911,#4942,#4944,.T.);
#4942 = VERTEX_POINT('',#4943);
#4943 = CARTESIAN_POINT('',(84.038523,-97.076833,1.51));
#4944 = LINE('',#4945,#4946);
#4945 = CARTESIAN_POINT('',(83.741587,-97.12985,1.51));
#4946 = VECTOR('',#4947,1.);
#4947 = DIRECTION('',(0.984431755212,0.175767230535,0.));
#4948 = ORIENTED_EDGE('',*,*,#4949,.F.);
#4949 = EDGE_CURVE('',#4950,#4942,#4952,.T.);
#4950 = VERTEX_POINT('',#4951);
#4951 = CARTESIAN_POINT('',(84.038523,-97.076833,0.));
#4952 = LINE('',#4953,#4954);
#4953 = CARTESIAN_POINT('',(84.038523,-97.076833,0.));
#4954 = VECTOR('',#4955,1.);
#4955 = DIRECTION('',(0.,0.,1.));
#4956 = ORIENTED_EDGE('',*,*,#4957,.F.);
#4957 = EDGE_CURVE('',#4919,#4950,#4958,.T.);
#4958 = LINE('',#4959,#4960);
#4959 = CARTESIAN_POINT('',(83.741587,-97.12985,0.));
#4960 = VECTOR('',#4961,1.);
#4961 = DIRECTION('',(0.984431755212,0.175767230535,0.));
#4962 = PLANE('',#4963);
#4963 = AXIS2_PLACEMENT_3D('',#4964,#4965,#4966);
#4964 = CARTESIAN_POINT('',(83.741587,-97.12985,0.));
#4965 = DIRECTION('',(-0.175767230535,0.984431755212,0.));
#4966 = DIRECTION('',(0.984431755212,0.175767230535,0.));
#4967 = ADVANCED_FACE('',(#4968),#4993,.T.);
#4968 = FACE_BOUND('',#4969,.T.);
#4969 = EDGE_LOOP('',(#4970,#4971,#4979,#4987));
#4970 = ORIENTED_EDGE('',*,*,#4949,.T.);
#4971 = ORIENTED_EDGE('',*,*,#4972,.T.);
#4972 = EDGE_CURVE('',#4942,#4973,#4975,.T.);
#4973 = VERTEX_POINT('',#4974);
#4974 = CARTESIAN_POINT('',(84.306255,-96.991312,1.51));
#4975 = LINE('',#4976,#4977);
#4976 = CARTESIAN_POINT('',(84.038523,-97.076833,1.51));
#4977 = VECTOR('',#4978,1.);
#4978 = DIRECTION('',(0.952582283878,0.304281107598,0.));
#4979 = ORIENTED_EDGE('',*,*,#4980,.F.);
#4980 = EDGE_CURVE('',#4981,#4973,#4983,.T.);
#4981 = VERTEX_POINT('',#4982);
#4982 = CARTESIAN_POINT('',(84.306255,-96.991312,0.));
#4983 = LINE('',#4984,#4985);
#4984 = CARTESIAN_POINT('',(84.306255,-96.991312,0.));
#4985 = VECTOR('',#4986,1.);
#4986 = DIRECTION('',(0.,0.,1.));
#4987 = ORIENTED_EDGE('',*,*,#4988,.F.);
#4988 = EDGE_CURVE('',#4950,#4981,#4989,.T.);
#4989 = LINE('',#4990,#4991);
#4990 = CARTESIAN_POINT('',(84.038523,-97.076833,0.));
#4991 = VECTOR('',#4992,1.);
#4992 = DIRECTION('',(0.952582283878,0.304281107598,0.));
#4993 = PLANE('',#4994);
#4994 = AXIS2_PLACEMENT_3D('',#4995,#4996,#4997);
#4995 = CARTESIAN_POINT('',(84.038523,-97.076833,0.));
#4996 = DIRECTION('',(-0.304281107598,0.952582283878,0.));
#4997 = DIRECTION('',(0.952582283878,0.304281107598,0.));
#4998 = ADVANCED_FACE('',(#4999),#5024,.T.);
#4999 = FACE_BOUND('',#5000,.T.);
#5000 = EDGE_LOOP('',(#5001,#5002,#5010,#5018));
#5001 = ORIENTED_EDGE('',*,*,#4980,.T.);
#5002 = ORIENTED_EDGE('',*,*,#5003,.T.);
#5003 = EDGE_CURVE('',#4973,#5004,#5006,.T.);
#5004 = VERTEX_POINT('',#5005);
#5005 = CARTESIAN_POINT('',(84.548068,-96.87536,1.51));
#5006 = LINE('',#5007,#5008);
#5007 = CARTESIAN_POINT('',(84.306255,-96.991312,1.51));
#5008 = VECTOR('',#5009,1.);
#5009 = DIRECTION('',(0.901694990568,0.432372691072,0.));
#5010 = ORIENTED_EDGE('',*,*,#5011,.F.);
#5011 = EDGE_CURVE('',#5012,#5004,#5014,.T.);
#5012 = VERTEX_POINT('',#5013);
#5013 = CARTESIAN_POINT('',(84.548068,-96.87536,0.));
#5014 = LINE('',#5015,#5016);
#5015 = CARTESIAN_POINT('',(84.548068,-96.87536,0.));
#5016 = VECTOR('',#5017,1.);
#5017 = DIRECTION('',(0.,0.,1.));
#5018 = ORIENTED_EDGE('',*,*,#5019,.F.);
#5019 = EDGE_CURVE('',#4981,#5012,#5020,.T.);
#5020 = LINE('',#5021,#5022);
#5021 = CARTESIAN_POINT('',(84.306255,-96.991312,0.));
#5022 = VECTOR('',#5023,1.);
#5023 = DIRECTION('',(0.901694990568,0.432372691072,0.));
#5024 = PLANE('',#5025);
#5025 = AXIS2_PLACEMENT_3D('',#5026,#5027,#5028);
#5026 = CARTESIAN_POINT('',(84.306255,-96.991312,0.));
#5027 = DIRECTION('',(-0.432372691072,0.901694990568,0.));
#5028 = DIRECTION('',(0.901694990568,0.432372691072,0.));
#5029 = ADVANCED_FACE('',(#5030),#5055,.T.);
#5030 = FACE_BOUND('',#5031,.T.);
#5031 = EDGE_LOOP('',(#5032,#5033,#5041,#5049));
#5032 = ORIENTED_EDGE('',*,*,#5011,.T.);
#5033 = ORIENTED_EDGE('',*,*,#5034,.T.);
#5034 = EDGE_CURVE('',#5004,#5035,#5037,.T.);
#5035 = VERTEX_POINT('',#5036);
#5036 = CARTESIAN_POINT('',(84.766744,-96.730126,1.51));
#5037 = LINE('',#5038,#5039);
#5038 = CARTESIAN_POINT('',(84.548068,-96.87536,1.51));
#5039 = VECTOR('',#5040,1.);
#5040 = DIRECTION('',(0.833016021907,0.553248865562,0.));
#5041 = ORIENTED_EDGE('',*,*,#5042,.F.);
#5042 = EDGE_CURVE('',#5043,#5035,#5045,.T.);
#5043 = VERTEX_POINT('',#5044);
#5044 = CARTESIAN_POINT('',(84.766744,-96.730126,0.));
#5045 = LINE('',#5046,#5047);
#5046 = CARTESIAN_POINT('',(84.766744,-96.730126,0.));
#5047 = VECTOR('',#5048,1.);
#5048 = DIRECTION('',(0.,0.,1.));
#5049 = ORIENTED_EDGE('',*,*,#5050,.F.);
#5050 = EDGE_CURVE('',#5012,#5043,#5051,.T.);
#5051 = LINE('',#5052,#5053);
#5052 = CARTESIAN_POINT('',(84.548068,-96.87536,0.));
#5053 = VECTOR('',#5054,1.);
#5054 = DIRECTION('',(0.833016021907,0.553248865562,0.));
#5055 = PLANE('',#5056);
#5056 = AXIS2_PLACEMENT_3D('',#5057,#5058,#5059);
#5057 = CARTESIAN_POINT('',(84.548068,-96.87536,0.));
#5058 = DIRECTION('',(-0.553248865562,0.833016021907,0.));
#5059 = DIRECTION('',(0.833016021907,0.553248865562,0.));
#5060 = ADVANCED_FACE('',(#5061),#5086,.T.);
#5061 = FACE_BOUND('',#5062,.T.);
#5062 = EDGE_LOOP('',(#5063,#5064,#5072,#5080));
#5063 = ORIENTED_EDGE('',*,*,#5042,.T.);
#5064 = ORIENTED_EDGE('',*,*,#5065,.T.);
#5065 = EDGE_CURVE('',#5035,#5066,#5068,.T.);
#5066 = VERTEX_POINT('',#5067);
#5067 = CARTESIAN_POINT('',(84.964613,-96.556107,1.51));
#5068 = LINE('',#5069,#5070);
#5069 = CARTESIAN_POINT('',(84.766744,-96.730126,1.51));
#5070 = VECTOR('',#5071,1.);
#5071 = DIRECTION('',(0.750912458484,0.660401756277,0.));
#5072 = ORIENTED_EDGE('',*,*,#5073,.F.);
#5073 = EDGE_CURVE('',#5074,#5066,#5076,.T.);
#5074 = VERTEX_POINT('',#5075);
#5075 = CARTESIAN_POINT('',(84.964613,-96.556107,0.));
#5076 = LINE('',#5077,#5078);
#5077 = CARTESIAN_POINT('',(84.964613,-96.556107,0.));
#5078 = VECTOR('',#5079,1.);
#5079 = DIRECTION('',(0.,0.,1.));
#5080 = ORIENTED_EDGE('',*,*,#5081,.F.);
#5081 = EDGE_CURVE('',#5043,#5074,#5082,.T.);
#5082 = LINE('',#5083,#5084);
#5083 = CARTESIAN_POINT('',(84.766744,-96.730126,0.));
#5084 = VECTOR('',#5085,1.);
#5085 = DIRECTION('',(0.750912458484,0.660401756277,0.));
#5086 = PLANE('',#5087);
#5087 = AXIS2_PLACEMENT_3D('',#5088,#5089,#5090);
#5088 = CARTESIAN_POINT('',(84.766744,-96.730126,0.));
#5089 = DIRECTION('',(-0.660401756277,0.750912458484,0.));
#5090 = DIRECTION('',(0.750912458484,0.660401756277,0.));
#5091 = ADVANCED_FACE('',(#5092),#5117,.T.);
#5092 = FACE_BOUND('',#5093,.T.);
#5093 = EDGE_LOOP('',(#5094,#5095,#5103,#5111));
#5094 = ORIENTED_EDGE('',*,*,#5073,.T.);
#5095 = ORIENTED_EDGE('',*,*,#5096,.T.);
#5096 = EDGE_CURVE('',#5066,#5097,#5099,.T.);
#5097 = VERTEX_POINT('',#5098);
#5098 = CARTESIAN_POINT('',(85.144221,-96.353601,1.51));
#5099 = LINE('',#5100,#5101);
#5100 = CARTESIAN_POINT('',(84.964613,-96.556107,1.51));
#5101 = VECTOR('',#5102,1.);
#5102 = DIRECTION('',(0.663543435502,0.748137760845,0.));
#5103 = ORIENTED_EDGE('',*,*,#5104,.F.);
#5104 = EDGE_CURVE('',#5105,#5097,#5107,.T.);
#5105 = VERTEX_POINT('',#5106);
#5106 = CARTESIAN_POINT('',(85.144221,-96.353601,0.));
#5107 = LINE('',#5108,#5109);
#5108 = CARTESIAN_POINT('',(85.144221,-96.353601,0.));
#5109 = VECTOR('',#5110,1.);
#5110 = DIRECTION('',(0.,0.,1.));
#5111 = ORIENTED_EDGE('',*,*,#5112,.F.);
#5112 = EDGE_CURVE('',#5074,#5105,#5113,.T.);
#5113 = LINE('',#5114,#5115);
#5114 = CARTESIAN_POINT('',(84.964613,-96.556107,0.));
#5115 = VECTOR('',#5116,1.);
#5116 = DIRECTION('',(0.663543435502,0.748137760845,0.));
#5117 = PLANE('',#5118);
#5118 = AXIS2_PLACEMENT_3D('',#5119,#5120,#5121);
#5119 = CARTESIAN_POINT('',(84.964613,-96.556107,0.));
#5120 = DIRECTION('',(-0.748137760845,0.663543435502,0.));
#5121 = DIRECTION('',(0.663543435502,0.748137760845,0.));
#5122 = ADVANCED_FACE('',(#5123),#5148,.T.);
#5123 = FACE_BOUND('',#5124,.T.);
#5124 = EDGE_LOOP('',(#5125,#5126,#5134,#5142));
#5125 = ORIENTED_EDGE('',*,*,#5104,.T.);
#5126 = ORIENTED_EDGE('',*,*,#5127,.T.);
#5127 = EDGE_CURVE('',#5097,#5128,#5130,.T.);
#5128 = VERTEX_POINT('',#5129);
#5129 = CARTESIAN_POINT('',(85.295232,-96.148292,1.51));
#5130 = LINE('',#5131,#5132);
#5131 = CARTESIAN_POINT('',(85.144221,-96.353601,1.51));
#5132 = VECTOR('',#5133,1.);
#5133 = DIRECTION('',(0.592513960209,0.805560182083,0.));
#5134 = ORIENTED_EDGE('',*,*,#5135,.F.);
#5135 = EDGE_CURVE('',#5136,#5128,#5138,.T.);
#5136 = VERTEX_POINT('',#5137);
#5137 = CARTESIAN_POINT('',(85.295232,-96.148292,0.));
#5138 = LINE('',#5139,#5140);
#5139 = CARTESIAN_POINT('',(85.295232,-96.148292,0.));
#5140 = VECTOR('',#5141,1.);
#5141 = DIRECTION('',(0.,0.,1.));
#5142 = ORIENTED_EDGE('',*,*,#5143,.F.);
#5143 = EDGE_CURVE('',#5105,#5136,#5144,.T.);
#5144 = LINE('',#5145,#5146);
#5145 = CARTESIAN_POINT('',(85.144221,-96.353601,0.));
#5146 = VECTOR('',#5147,1.);
#5147 = DIRECTION('',(0.592513960209,0.805560182083,0.));
#5148 = PLANE('',#5149);
#5149 = AXIS2_PLACEMENT_3D('',#5150,#5151,#5152);
#5150 = CARTESIAN_POINT('',(85.144221,-96.353601,0.));
#5151 = DIRECTION('',(-0.805560182083,0.592513960209,0.));
#5152 = DIRECTION('',(0.592513960209,0.805560182083,0.));
#5153 = ADVANCED_FACE('',(#5154),#5179,.T.);
#5154 = FACE_BOUND('',#5155,.T.);
#5155 = EDGE_LOOP('',(#5156,#5157,#5165,#5173));
#5156 = ORIENTED_EDGE('',*,*,#5135,.T.);
#5157 = ORIENTED_EDGE('',*,*,#5158,.T.);
#5158 = EDGE_CURVE('',#5128,#5159,#5161,.T.);
#5159 = VERTEX_POINT('',#5160);
#5160 = CARTESIAN_POINT('',(85.395,-96.015,1.51));
#5161 = LINE('',#5162,#5163);
#5162 = CARTESIAN_POINT('',(85.295232,-96.148292,1.51));
#5163 = VECTOR('',#5164,1.);
#5164 = DIRECTION('',(0.599227081931,0.800579105573,0.));
#5165 = ORIENTED_EDGE('',*,*,#5166,.F.);
#5166 = EDGE_CURVE('',#5167,#5159,#5169,.T.);
#5167 = VERTEX_POINT('',#5168);
#5168 = CARTESIAN_POINT('',(85.395,-96.015,0.));
#5169 = LINE('',#5170,#5171);
#5170 = CARTESIAN_POINT('',(85.395,-96.015,0.));
#5171 = VECTOR('',#5172,1.);
#5172 = DIRECTION('',(0.,0.,1.));
#5173 = ORIENTED_EDGE('',*,*,#5174,.F.);
#5174 = EDGE_CURVE('',#5136,#5167,#5175,.T.);
#5175 = LINE('',#5176,#5177);
#5176 = CARTESIAN_POINT('',(85.295232,-96.148292,0.));
#5177 = VECTOR('',#5178,1.);
#5178 = DIRECTION('',(0.599227081931,0.800579105573,0.));
#5179 = PLANE('',#5180);
#5180 = AXIS2_PLACEMENT_3D('',#5181,#5182,#5183);
#5181 = CARTESIAN_POINT('',(85.295232,-96.148292,0.));
#5182 = DIRECTION('',(-0.800579105573,0.599227081931,0.));
#5183 = DIRECTION('',(0.599227081931,0.800579105573,0.));
#5184 = ADVANCED_FACE('',(#5185),#5210,.T.);
#5185 = FACE_BOUND('',#5186,.T.);
#5186 = EDGE_LOOP('',(#5187,#5188,#5196,#5204));
#5187 = ORIENTED_EDGE('',*,*,#5166,.T.);
#5188 = ORIENTED_EDGE('',*,*,#5189,.T.);
#5189 = EDGE_CURVE('',#5159,#5190,#5192,.T.);
#5190 = VERTEX_POINT('',#5191);
#5191 = CARTESIAN_POINT('',(85.483883,-95.845506,1.51));
#5192 = LINE('',#5193,#5194);
#5193 = CARTESIAN_POINT('',(85.395,-96.015,1.51));
#5194 = VECTOR('',#5195,1.);
#5195 = DIRECTION('',(0.464418710616,0.885615752587,0.));
#5196 = ORIENTED_EDGE('',*,*,#5197,.F.);
#5197 = EDGE_CURVE('',#5198,#5190,#5200,.T.);
#5198 = VERTEX_POINT('',#5199);
#5199 = CARTESIAN_POINT('',(85.483883,-95.845506,0.));
#5200 = LINE('',#5201,#5202);
#5201 = CARTESIAN_POINT('',(85.483883,-95.845506,0.));
#5202 = VECTOR('',#5203,1.);
#5203 = DIRECTION('',(0.,0.,1.));
#5204 = ORIENTED_EDGE('',*,*,#5205,.F.);
#5205 = EDGE_CURVE('',#5167,#5198,#5206,.T.);
#5206 = LINE('',#5207,#5208);
#5207 = CARTESIAN_POINT('',(85.395,-96.015,0.));
#5208 = VECTOR('',#5209,1.);
#5209 = DIRECTION('',(0.464418710616,0.885615752587,0.));
#5210 = PLANE('',#5211);
#5211 = AXIS2_PLACEMENT_3D('',#5212,#5213,#5214);
#5212 = CARTESIAN_POINT('',(85.395,-96.015,0.));
#5213 = DIRECTION('',(-0.885615752587,0.464418710616,0.));
#5214 = DIRECTION('',(0.464418710616,0.885615752587,0.));
#5215 = ADVANCED_FACE('',(#5216),#5241,.T.);
#5216 = FACE_BOUND('',#5217,.T.);
#5217 = EDGE_LOOP('',(#5218,#5219,#5227,#5235));
#5218 = ORIENTED_EDGE('',*,*,#5197,.T.);
#5219 = ORIENTED_EDGE('',*,*,#5220,.T.);
#5220 = EDGE_CURVE('',#5190,#5221,#5223,.T.);
#5221 = VERTEX_POINT('',#5222);
#5222 = CARTESIAN_POINT('',(85.558877,-95.682074,1.51));
#5223 = LINE('',#5224,#5225);
#5224 = CARTESIAN_POINT('',(85.483883,-95.845506,1.51));
#5225 = VECTOR('',#5226,1.);
#5226 = DIRECTION('',(0.417057566249,0.908880072636,0.));
#5227 = ORIENTED_EDGE('',*,*,#5228,.F.);
#5228 = EDGE_CURVE('',#5229,#5221,#5231,.T.);
#5229 = VERTEX_POINT('',#5230);
#5230 = CARTESIAN_POINT('',(85.558877,-95.682074,0.));
#5231 = LINE('',#5232,#5233);
#5232 = CARTESIAN_POINT('',(85.558877,-95.682074,0.));
#5233 = VECTOR('',#5234,1.);
#5234 = DIRECTION('',(0.,0.,1.));
#5235 = ORIENTED_EDGE('',*,*,#5236,.F.);
#5236 = EDGE_CURVE('',#5198,#5229,#5237,.T.);
#5237 = LINE('',#5238,#5239);
#5238 = CARTESIAN_POINT('',(85.483883,-95.845506,0.));
#5239 = VECTOR('',#5240,1.);
#5240 = DIRECTION('',(0.417057566249,0.908880072636,0.));
#5241 = PLANE('',#5242);
#5242 = AXIS2_PLACEMENT_3D('',#5243,#5244,#5245);
#5243 = CARTESIAN_POINT('',(85.483883,-95.845506,0.));
#5244 = DIRECTION('',(-0.908880072636,0.417057566249,0.));
#5245 = DIRECTION('',(0.417057566249,0.908880072636,0.));
#5246 = ADVANCED_FACE('',(#5247),#5272,.T.);
#5247 = FACE_BOUND('',#5248,.T.);
#5248 = EDGE_LOOP('',(#5249,#5250,#5258,#5266));
#5249 = ORIENTED_EDGE('',*,*,#5228,.T.);
#5250 = ORIENTED_EDGE('',*,*,#5251,.T.);
#5251 = EDGE_CURVE('',#5221,#5252,#5254,.T.);
#5252 = VERTEX_POINT('',#5253);
#5253 = CARTESIAN_POINT('',(85.672899,-95.366634,1.51));
#5254 = LINE('',#5255,#5256);
#5255 = CARTESIAN_POINT('',(85.558877,-95.682074,1.51));
#5256 = VECTOR('',#5257,1.);
#5257 = DIRECTION('',(0.339942771798,0.94044612387,0.));
#5258 = ORIENTED_EDGE('',*,*,#5259,.F.);
#5259 = EDGE_CURVE('',#5260,#5252,#5262,.T.);
#5260 = VERTEX_POINT('',#5261);
#5261 = CARTESIAN_POINT('',(85.672899,-95.366634,0.));
#5262 = LINE('',#5263,#5264);
#5263 = CARTESIAN_POINT('',(85.672899,-95.366634,0.));
#5264 = VECTOR('',#5265,1.);
#5265 = DIRECTION('',(0.,0.,1.));
#5266 = ORIENTED_EDGE('',*,*,#5267,.F.);
#5267 = EDGE_CURVE('',#5229,#5260,#5268,.T.);
#5268 = LINE('',#5269,#5270);
#5269 = CARTESIAN_POINT('',(85.558877,-95.682074,0.));
#5270 = VECTOR('',#5271,1.);
#5271 = DIRECTION('',(0.339942771798,0.94044612387,0.));
#5272 = PLANE('',#5273);
#5273 = AXIS2_PLACEMENT_3D('',#5274,#5275,#5276);
#5274 = CARTESIAN_POINT('',(85.558877,-95.682074,0.));
#5275 = DIRECTION('',(-0.94044612387,0.339942771798,0.));
#5276 = DIRECTION('',(0.339942771798,0.94044612387,0.));
#5277 = ADVANCED_FACE('',(#5278),#5303,.T.);
#5278 = FACE_BOUND('',#5279,.T.);
#5279 = EDGE_LOOP('',(#5280,#5281,#5289,#5297));
#5280 = ORIENTED_EDGE('',*,*,#5259,.T.);
#5281 = ORIENTED_EDGE('',*,*,#5282,.T.);
#5282 = EDGE_CURVE('',#5252,#5283,#5285,.T.);
#5283 = VERTEX_POINT('',#5284);
#5284 = CARTESIAN_POINT('',(85.741947,-95.067473,1.51));
#5285 = LINE('',#5286,#5287);
#5286 = CARTESIAN_POINT('',(85.672899,-95.366634,1.51));
#5287 = VECTOR('',#5288,1.);
#5288 = DIRECTION('',(0.2248930469,0.97438345504,0.));
#5289 = ORIENTED_EDGE('',*,*,#5290,.F.);
#5290 = EDGE_CURVE('',#5291,#5283,#5293,.T.);
#5291 = VERTEX_POINT('',#5292);
#5292 = CARTESIAN_POINT('',(85.741947,-95.067473,0.));
#5293 = LINE('',#5294,#5295);
#5294 = CARTESIAN_POINT('',(85.741947,-95.067473,0.));
#5295 = VECTOR('',#5296,1.);
#5296 = DIRECTION('',(0.,0.,1.));
#5297 = ORIENTED_EDGE('',*,*,#5298,.F.);
#5298 = EDGE_CURVE('',#5260,#5291,#5299,.T.);
#5299 = LINE('',#5300,#5301);
#5300 = CARTESIAN_POINT('',(85.672899,-95.366634,0.));
#5301 = VECTOR('',#5302,1.);
#5302 = DIRECTION('',(0.2248930469,0.97438345504,0.));
#5303 = PLANE('',#5304);
#5304 = AXIS2_PLACEMENT_3D('',#5305,#5306,#5307);
#5305 = CARTESIAN_POINT('',(85.672899,-95.366634,0.));
#5306 = DIRECTION('',(-0.97438345504,0.2248930469,0.));
#5307 = DIRECTION('',(0.2248930469,0.97438345504,0.));
#5308 = ADVANCED_FACE('',(#5309),#5334,.T.);
#5309 = FACE_BOUND('',#5310,.T.);
#5310 = EDGE_LOOP('',(#5311,#5312,#5320,#5328));
#5311 = ORIENTED_EDGE('',*,*,#5290,.T.);
#5312 = ORIENTED_EDGE('',*,*,#5313,.T.);
#5313 = EDGE_CURVE('',#5283,#5314,#5316,.T.);
#5314 = VERTEX_POINT('',#5315);
#5315 = CARTESIAN_POINT('',(85.770149,-94.783462,1.51));
#5316 = LINE('',#5317,#5318);
#5317 = CARTESIAN_POINT('',(85.741947,-95.067473,1.51));
#5318 = VECTOR('',#5319,1.);
#5319 = DIRECTION('',(9.881300360138E-02,0.995106019638,0.));
#5320 = ORIENTED_EDGE('',*,*,#5321,.F.);
#5321 = EDGE_CURVE('',#5322,#5314,#5324,.T.);
#5322 = VERTEX_POINT('',#5323);
#5323 = CARTESIAN_POINT('',(85.770149,-94.783462,0.));
#5324 = LINE('',#5325,#5326);
#5325 = CARTESIAN_POINT('',(85.770149,-94.783462,0.));
#5326 = VECTOR('',#5327,1.);
#5327 = DIRECTION('',(0.,0.,1.));
#5328 = ORIENTED_EDGE('',*,*,#5329,.F.);
#5329 = EDGE_CURVE('',#5291,#5322,#5330,.T.);
#5330 = LINE('',#5331,#5332);
#5331 = CARTESIAN_POINT('',(85.741947,-95.067473,0.));
#5332 = VECTOR('',#5333,1.);
#5333 = DIRECTION('',(9.881300360138E-02,0.995106019638,0.));
#5334 = PLANE('',#5335);
#5335 = AXIS2_PLACEMENT_3D('',#5336,#5337,#5338);
#5336 = CARTESIAN_POINT('',(85.741947,-95.067473,0.));
#5337 = DIRECTION('',(-0.995106019638,9.881300360138E-02,0.));
#5338 = DIRECTION('',(9.881300360138E-02,0.995106019638,0.));
#5339 = ADVANCED_FACE('',(#5340),#5365,.T.);
#5340 = FACE_BOUND('',#5341,.T.);
#5341 = EDGE_LOOP('',(#5342,#5343,#5351,#5359));
#5342 = ORIENTED_EDGE('',*,*,#5321,.T.);
#5343 = ORIENTED_EDGE('',*,*,#5344,.T.);
#5344 = EDGE_CURVE('',#5314,#5345,#5347,.T.);
#5345 = VERTEX_POINT('',#5346);
#5346 = CARTESIAN_POINT('',(85.76098,-94.513784,1.51));
#5347 = LINE('',#5348,#5349);
#5348 = CARTESIAN_POINT('',(85.770149,-94.783462,1.51));
#5349 = VECTOR('',#5350,1.);
#5350 = DIRECTION('',(-3.398017253321E-02,0.999422507188,0.));
#5351 = ORIENTED_EDGE('',*,*,#5352,.F.);
#5352 = EDGE_CURVE('',#5353,#5345,#5355,.T.);
#5353 = VERTEX_POINT('',#5354);
#5354 = CARTESIAN_POINT('',(85.76098,-94.513784,0.));
#5355 = LINE('',#5356,#5357);
#5356 = CARTESIAN_POINT('',(85.76098,-94.513784,0.));
#5357 = VECTOR('',#5358,1.);
#5358 = DIRECTION('',(0.,0.,1.));
#5359 = ORIENTED_EDGE('',*,*,#5360,.F.);
#5360 = EDGE_CURVE('',#5322,#5353,#5361,.T.);
#5361 = LINE('',#5362,#5363);
#5362 = CARTESIAN_POINT('',(85.770149,-94.783462,0.));
#5363 = VECTOR('',#5364,1.);
#5364 = DIRECTION('',(-3.398017253321E-02,0.999422507188,0.));
#5365 = PLANE('',#5366);
#5366 = AXIS2_PLACEMENT_3D('',#5367,#5368,#5369);
#5367 = CARTESIAN_POINT('',(85.770149,-94.783462,0.));
#5368 = DIRECTION('',(-0.999422507188,-3.398017253321E-02,0.));
#5369 = DIRECTION('',(-3.398017253321E-02,0.999422507188,0.));
#5370 = ADVANCED_FACE('',(#5371),#5396,.T.);
#5371 = FACE_BOUND('',#5372,.T.);
#5372 = EDGE_LOOP('',(#5373,#5374,#5382,#5390));
#5373 = ORIENTED_EDGE('',*,*,#5352,.T.);
#5374 = ORIENTED_EDGE('',*,*,#5375,.T.);
#5375 = EDGE_CURVE('',#5345,#5376,#5378,.T.);
#5376 = VERTEX_POINT('',#5377);
#5377 = CARTESIAN_POINT('',(85.717657,-94.258331,1.51));
#5378 = LINE('',#5379,#5380);
#5379 = CARTESIAN_POINT('',(85.76098,-94.513784,1.51));
#5380 = VECTOR('',#5381,1.);
#5381 = DIRECTION('',(-0.167205329094,0.98592209526,0.));
#5382 = ORIENTED_EDGE('',*,*,#5383,.F.);
#5383 = EDGE_CURVE('',#5384,#5376,#5386,.T.);
#5384 = VERTEX_POINT('',#5385);
#5385 = CARTESIAN_POINT('',(85.717657,-94.258331,0.));
#5386 = LINE('',#5387,#5388);
#5387 = CARTESIAN_POINT('',(85.717657,-94.258331,0.));
#5388 = VECTOR('',#5389,1.);
#5389 = DIRECTION('',(0.,0.,1.));
#5390 = ORIENTED_EDGE('',*,*,#5391,.F.);
#5391 = EDGE_CURVE('',#5353,#5384,#5392,.T.);
#5392 = LINE('',#5393,#5394);
#5393 = CARTESIAN_POINT('',(85.76098,-94.513784,0.));
#5394 = VECTOR('',#5395,1.);
#5395 = DIRECTION('',(-0.167205329094,0.98592209526,0.));
#5396 = PLANE('',#5397);
#5397 = AXIS2_PLACEMENT_3D('',#5398,#5399,#5400);
#5398 = CARTESIAN_POINT('',(85.76098,-94.513784,0.));
#5399 = DIRECTION('',(-0.98592209526,-0.167205329094,0.));
#5400 = DIRECTION('',(-0.167205329094,0.98592209526,0.));
#5401 = ADVANCED_FACE('',(#5402),#5427,.T.);
#5402 = FACE_BOUND('',#5403,.T.);
#5403 = EDGE_LOOP('',(#5404,#5405,#5413,#5421));
#5404 = ORIENTED_EDGE('',*,*,#5383,.T.);
#5405 = ORIENTED_EDGE('',*,*,#5406,.T.);
#5406 = EDGE_CURVE('',#5376,#5407,#5409,.T.);
#5407 = VERTEX_POINT('',#5408);
#5408 = CARTESIAN_POINT('',(85.644466,-94.018378,1.51));
#5409 = LINE('',#5410,#5411);
#5410 = CARTESIAN_POINT('',(85.717657,-94.258331,1.51));
#5411 = VECTOR('',#5412,1.);
#5412 = DIRECTION('',(-0.291751941433,0.956494017059,0.));
#5413 = ORIENTED_EDGE('',*,*,#5414,.F.);
#5414 = EDGE_CURVE('',#5415,#5407,#5417,.T.);
#5415 = VERTEX_POINT('',#5416);
#5416 = CARTESIAN_POINT('',(85.644466,-94.018378,0.));
#5417 = LINE('',#5418,#5419);
#5418 = CARTESIAN_POINT('',(85.644466,-94.018378,0.));
#5419 = VECTOR('',#5420,1.);
#5420 = DIRECTION('',(0.,0.,1.));
#5421 = ORIENTED_EDGE('',*,*,#5422,.F.);
#5422 = EDGE_CURVE('',#5384,#5415,#5423,.T.);
#5423 = LINE('',#5424,#5425);
#5424 = CARTESIAN_POINT('',(85.717657,-94.258331,0.));
#5425 = VECTOR('',#5426,1.);
#5426 = DIRECTION('',(-0.291751941433,0.956494017059,0.));
#5427 = PLANE('',#5428);
#5428 = AXIS2_PLACEMENT_3D('',#5429,#5430,#5431);
#5429 = CARTESIAN_POINT('',(85.717657,-94.258331,0.));
#5430 = DIRECTION('',(-0.956494017059,-0.291751941433,0.));
#5431 = DIRECTION('',(-0.291751941433,0.956494017059,0.));
#5432 = ADVANCED_FACE('',(#5433),#5458,.T.);
#5433 = FACE_BOUND('',#5434,.T.);
#5434 = EDGE_LOOP('',(#5435,#5436,#5444,#5452));
#5435 = ORIENTED_EDGE('',*,*,#5414,.T.);
#5436 = ORIENTED_EDGE('',*,*,#5437,.T.);
#5437 = EDGE_CURVE('',#5407,#5438,#5440,.T.);
#5438 = VERTEX_POINT('',#5439);
#5439 = CARTESIAN_POINT('',(85.576212,-93.851045,1.51));
#5440 = LINE('',#5441,#5442);
#5441 = CARTESIAN_POINT('',(85.644466,-94.018378,1.51));
#5442 = VECTOR('',#5443,1.);
#5443 = DIRECTION('',(-0.377682668864,0.925935095803,0.));
#5444 = ORIENTED_EDGE('',*,*,#5445,.F.);
#5445 = EDGE_CURVE('',#5446,#5438,#5448,.T.);
#5446 = VERTEX_POINT('',#5447);
#5447 = CARTESIAN_POINT('',(85.576212,-93.851045,0.));
#5448 = LINE('',#5449,#5450);
#5449 = CARTESIAN_POINT('',(85.576212,-93.851045,0.));
#5450 = VECTOR('',#5451,1.);
#5451 = DIRECTION('',(0.,0.,1.));
#5452 = ORIENTED_EDGE('',*,*,#5453,.F.);
#5453 = EDGE_CURVE('',#5415,#5446,#5454,.T.);
#5454 = LINE('',#5455,#5456);
#5455 = CARTESIAN_POINT('',(85.644466,-94.018378,0.));
#5456 = VECTOR('',#5457,1.);
#5457 = DIRECTION('',(-0.377682668864,0.925935095803,0.));
#5458 = PLANE('',#5459);
#5459 = AXIS2_PLACEMENT_3D('',#5460,#5461,#5462);
#5460 = CARTESIAN_POINT('',(85.644466,-94.018378,0.));
#5461 = DIRECTION('',(-0.925935095803,-0.377682668864,0.));
#5462 = DIRECTION('',(-0.377682668864,0.925935095803,0.));
#5463 = ADVANCED_FACE('',(#5464),#5489,.T.);
#5464 = FACE_BOUND('',#5465,.T.);
#5465 = EDGE_LOOP('',(#5466,#5467,#5475,#5483));
#5466 = ORIENTED_EDGE('',*,*,#5445,.T.);
#5467 = ORIENTED_EDGE('',*,*,#5468,.T.);
#5468 = EDGE_CURVE('',#5438,#5469,#5471,.T.);
#5469 = VERTEX_POINT('',#5470);
#5470 = CARTESIAN_POINT('',(85.535,-93.745,1.51));
#5471 = LINE('',#5472,#5473);
#5472 = CARTESIAN_POINT('',(85.576212,-93.851045,1.51));
#5473 = VECTOR('',#5474,1.);
#5474 = DIRECTION('',(-0.362234595872,0.93208695815,0.));
#5475 = ORIENTED_EDGE('',*,*,#5476,.F.);
#5476 = EDGE_CURVE('',#5477,#5469,#5479,.T.);
#5477 = VERTEX_POINT('',#5478);
#5478 = CARTESIAN_POINT('',(85.535,-93.745,0.));
#5479 = LINE('',#5480,#5481);
#5480 = CARTESIAN_POINT('',(85.535,-93.745,0.));
#5481 = VECTOR('',#5482,1.);
#5482 = DIRECTION('',(0.,0.,1.));
#5483 = ORIENTED_EDGE('',*,*,#5484,.F.);
#5484 = EDGE_CURVE('',#5446,#5477,#5485,.T.);
#5485 = LINE('',#5486,#5487);
#5486 = CARTESIAN_POINT('',(85.576212,-93.851045,0.));
#5487 = VECTOR('',#5488,1.);
#5488 = DIRECTION('',(-0.362234595872,0.93208695815,0.));
#5489 = PLANE('',#5490);
#5490 = AXIS2_PLACEMENT_3D('',#5491,#5492,#5493);
#5491 = CARTESIAN_POINT('',(85.576212,-93.851045,0.));
#5492 = DIRECTION('',(-0.93208695815,-0.362234595872,0.));
#5493 = DIRECTION('',(-0.362234595872,0.93208695815,0.));
#5494 = ADVANCED_FACE('',(#5495),#5520,.T.);
#5495 = FACE_BOUND('',#5496,.T.);
#5496 = EDGE_LOOP('',(#5497,#5498,#5506,#5514));
#5497 = ORIENTED_EDGE('',*,*,#5476,.T.);
#5498 = ORIENTED_EDGE('',*,*,#5499,.T.);
#5499 = EDGE_CURVE('',#5469,#5500,#5502,.T.);
#5500 = VERTEX_POINT('',#5501);
#5501 = CARTESIAN_POINT('',(84.375,-92.585,1.51));
#5502 = LINE('',#5503,#5504);
#5503 = CARTESIAN_POINT('',(85.535,-93.745,1.51));
#5504 = VECTOR('',#5505,1.);
#5505 = DIRECTION('',(-0.707106781187,0.707106781187,0.));
#5506 = ORIENTED_EDGE('',*,*,#5507,.F.);
#5507 = EDGE_CURVE('',#5508,#5500,#5510,.T.);
#5508 = VERTEX_POINT('',#5509);
#5509 = CARTESIAN_POINT('',(84.375,-92.585,0.));
#5510 = LINE('',#5511,#5512);
#5511 = CARTESIAN_POINT('',(84.375,-92.585,0.));
#5512 = VECTOR('',#5513,1.);
#5513 = DIRECTION('',(0.,0.,1.));
#5514 = ORIENTED_EDGE('',*,*,#5515,.F.);
#5515 = EDGE_CURVE('',#5477,#5508,#5516,.T.);
#5516 = LINE('',#5517,#5518);
#5517 = CARTESIAN_POINT('',(85.535,-93.745,0.));
#5518 = VECTOR('',#5519,1.);
#5519 = DIRECTION('',(-0.707106781187,0.707106781187,0.));
#5520 = PLANE('',#5521);
#5521 = AXIS2_PLACEMENT_3D('',#5522,#5523,#5524);
#5522 = CARTESIAN_POINT('',(85.535,-93.745,0.));
#5523 = DIRECTION('',(-0.707106781187,-0.707106781187,0.));
#5524 = DIRECTION('',(-0.707106781187,0.707106781187,0.));
#5525 = ADVANCED_FACE('',(#5526),#5551,.T.);
#5526 = FACE_BOUND('',#5527,.T.);
#5527 = EDGE_LOOP('',(#5528,#5529,#5537,#5545));
#5528 = ORIENTED_EDGE('',*,*,#5507,.T.);
#5529 = ORIENTED_EDGE('',*,*,#5530,.T.);
#5530 = EDGE_CURVE('',#5500,#5531,#5533,.T.);
#5531 = VERTEX_POINT('',#5532);
#5532 = CARTESIAN_POINT('',(86.055,-87.005,1.51));
#5533 = LINE('',#5534,#5535);
#5534 = CARTESIAN_POINT('',(84.375,-92.585,1.51));
#5535 = VECTOR('',#5536,1.);
#5536 = DIRECTION('',(0.288292347232,0.957542439022,0.));
#5537 = ORIENTED_EDGE('',*,*,#5538,.F.);
#5538 = EDGE_CURVE('',#5539,#5531,#5541,.T.);
#5539 = VERTEX_POINT('',#5540);
#5540 = CARTESIAN_POINT('',(86.055,-87.005,0.));
#5541 = LINE('',#5542,#5543);
#5542 = CARTESIAN_POINT('',(86.055,-87.005,0.));
#5543 = VECTOR('',#5544,1.);
#5544 = DIRECTION('',(0.,0.,1.));
#5545 = ORIENTED_EDGE('',*,*,#5546,.F.);
#5546 = EDGE_CURVE('',#5508,#5539,#5547,.T.);
#5547 = LINE('',#5548,#5549);
#5548 = CARTESIAN_POINT('',(84.375,-92.585,0.));
#5549 = VECTOR('',#5550,1.);
#5550 = DIRECTION('',(0.288292347232,0.957542439022,0.));
#5551 = PLANE('',#5552);
#5552 = AXIS2_PLACEMENT_3D('',#5553,#5554,#5555);
#5553 = CARTESIAN_POINT('',(84.375,-92.585,0.));
#5554 = DIRECTION('',(-0.957542439022,0.288292347232,0.));
#5555 = DIRECTION('',(0.288292347232,0.957542439022,0.));
#5556 = ADVANCED_FACE('',(#5557),#5582,.T.);
#5557 = FACE_BOUND('',#5558,.T.);
#5558 = EDGE_LOOP('',(#5559,#5560,#5568,#5576));
#5559 = ORIENTED_EDGE('',*,*,#5538,.T.);
#5560 = ORIENTED_EDGE('',*,*,#5561,.T.);
#5561 = EDGE_CURVE('',#5531,#5562,#5564,.T.);
#5562 = VERTEX_POINT('',#5563);
#5563 = CARTESIAN_POINT('',(90.425,-84.575,1.51));
#5564 = LINE('',#5565,#5566);
#5565 = CARTESIAN_POINT('',(86.055,-87.005,1.51));
#5566 = VECTOR('',#5567,1.);
#5567 = DIRECTION('',(0.873968537699,0.485982504945,0.));
#5568 = ORIENTED_EDGE('',*,*,#5569,.F.);
#5569 = EDGE_CURVE('',#5570,#5562,#5572,.T.);
#5570 = VERTEX_POINT('',#5571);
#5571 = CARTESIAN_POINT('',(90.425,-84.575,0.));
#5572 = LINE('',#5573,#5574);
#5573 = CARTESIAN_POINT('',(90.425,-84.575,0.));
#5574 = VECTOR('',#5575,1.);
#5575 = DIRECTION('',(0.,0.,1.));
#5576 = ORIENTED_EDGE('',*,*,#5577,.F.);
#5577 = EDGE_CURVE('',#5539,#5570,#5578,.T.);
#5578 = LINE('',#5579,#5580);
#5579 = CARTESIAN_POINT('',(86.055,-87.005,0.));
#5580 = VECTOR('',#5581,1.);
#5581 = DIRECTION('',(0.873968537699,0.485982504945,0.));
#5582 = PLANE('',#5583);
#5583 = AXIS2_PLACEMENT_3D('',#5584,#5585,#5586);
#5584 = CARTESIAN_POINT('',(86.055,-87.005,0.));
#5585 = DIRECTION('',(-0.485982504945,0.873968537699,0.));
#5586 = DIRECTION('',(0.873968537699,0.485982504945,0.));
#5587 = ADVANCED_FACE('',(#5588),#5613,.T.);
#5588 = FACE_BOUND('',#5589,.T.);
#5589 = EDGE_LOOP('',(#5590,#5591,#5599,#5607));
#5590 = ORIENTED_EDGE('',*,*,#5569,.T.);
#5591 = ORIENTED_EDGE('',*,*,#5592,.T.);
#5592 = EDGE_CURVE('',#5562,#5593,#5595,.T.);
#5593 = VERTEX_POINT('',#5594);
#5594 = CARTESIAN_POINT('',(101.755,-88.095,1.51));
#5595 = LINE('',#5596,#5597);
#5596 = CARTESIAN_POINT('',(90.425,-84.575,1.51));
#5597 = VECTOR('',#5598,1.);
#5598 = DIRECTION('',(0.954973588716,-0.296690823679,0.));
#5599 = ORIENTED_EDGE('',*,*,#5600,.F.);
#5600 = EDGE_CURVE('',#5601,#5593,#5603,.T.);
#5601 = VERTEX_POINT('',#5602);
#5602 = CARTESIAN_POINT('',(101.755,-88.095,0.));
#5603 = LINE('',#5604,#5605);
#5604 = CARTESIAN_POINT('',(101.755,-88.095,0.));
#5605 = VECTOR('',#5606,1.);
#5606 = DIRECTION('',(0.,0.,1.));
#5607 = ORIENTED_EDGE('',*,*,#5608,.F.);
#5608 = EDGE_CURVE('',#5570,#5601,#5609,.T.);
#5609 = LINE('',#5610,#5611);
#5610 = CARTESIAN_POINT('',(90.425,-84.575,0.));
#5611 = VECTOR('',#5612,1.);
#5612 = DIRECTION('',(0.954973588716,-0.296690823679,0.));
#5613 = PLANE('',#5614);
#5614 = AXIS2_PLACEMENT_3D('',#5615,#5616,#5617);
#5615 = CARTESIAN_POINT('',(90.425,-84.575,0.));
#5616 = DIRECTION('',(0.296690823679,0.954973588716,-0.));
#5617 = DIRECTION('',(0.954973588716,-0.296690823679,0.));
#5618 = ADVANCED_FACE('',(#5619),#5644,.T.);
#5619 = FACE_BOUND('',#5620,.T.);
#5620 = EDGE_LOOP('',(#5621,#5622,#5630,#5638));
#5621 = ORIENTED_EDGE('',*,*,#5600,.T.);
#5622 = ORIENTED_EDGE('',*,*,#5623,.T.);
#5623 = EDGE_CURVE('',#5593,#5624,#5626,.T.);
#5624 = VERTEX_POINT('',#5625);
#5625 = CARTESIAN_POINT('',(102.655,-88.635,1.51));
#5626 = LINE('',#5627,#5628);
#5627 = CARTESIAN_POINT('',(101.755,-88.095,1.51));
#5628 = VECTOR('',#5629,1.);
#5629 = DIRECTION('',(0.857492925713,-0.514495755428,0.));
#5630 = ORIENTED_EDGE('',*,*,#5631,.F.);
#5631 = EDGE_CURVE('',#5632,#5624,#5634,.T.);
#5632 = VERTEX_POINT('',#5633);
#5633 = CARTESIAN_POINT('',(102.655,-88.635,0.));
#5634 = LINE('',#5635,#5636);
#5635 = CARTESIAN_POINT('',(102.655,-88.635,0.));
#5636 = VECTOR('',#5637,1.);
#5637 = DIRECTION('',(0.,0.,1.));
#5638 = ORIENTED_EDGE('',*,*,#5639,.F.);
#5639 = EDGE_CURVE('',#5601,#5632,#5640,.T.);
#5640 = LINE('',#5641,#5642);
#5641 = CARTESIAN_POINT('',(101.755,-88.095,0.));
#5642 = VECTOR('',#5643,1.);
#5643 = DIRECTION('',(0.857492925713,-0.514495755428,0.));
#5644 = PLANE('',#5645);
#5645 = AXIS2_PLACEMENT_3D('',#5646,#5647,#5648);
#5646 = CARTESIAN_POINT('',(101.755,-88.095,0.));
#5647 = DIRECTION('',(0.514495755428,0.857492925713,-0.));
#5648 = DIRECTION('',(0.857492925713,-0.514495755428,0.));
#5649 = ADVANCED_FACE('',(#5650),#5675,.T.);
#5650 = FACE_BOUND('',#5651,.T.);
#5651 = EDGE_LOOP('',(#5652,#5653,#5661,#5669));
#5652 = ORIENTED_EDGE('',*,*,#5631,.T.);
#5653 = ORIENTED_EDGE('',*,*,#5654,.T.);
#5654 = EDGE_CURVE('',#5624,#5655,#5657,.T.);
#5655 = VERTEX_POINT('',#5656);
#5656 = CARTESIAN_POINT('',(103.515,-91.045,1.51));
#5657 = LINE('',#5658,#5659);
#5658 = CARTESIAN_POINT('',(102.655,-88.635,1.51));
#5659 = VECTOR('',#5660,1.);
#5660 = DIRECTION('',(0.336088819162,-0.94183029556,0.));
#5661 = ORIENTED_EDGE('',*,*,#5662,.F.);
#5662 = EDGE_CURVE('',#5663,#5655,#5665,.T.);
#5663 = VERTEX_POINT('',#5664);
#5664 = CARTESIAN_POINT('',(103.515,-91.045,0.));
#5665 = LINE('',#5666,#5667);
#5666 = CARTESIAN_POINT('',(103.515,-91.045,0.));
#5667 = VECTOR('',#5668,1.);
#5668 = DIRECTION('',(0.,0.,1.));
#5669 = ORIENTED_EDGE('',*,*,#5670,.F.);
#5670 = EDGE_CURVE('',#5632,#5663,#5671,.T.);
#5671 = LINE('',#5672,#5673);
#5672 = CARTESIAN_POINT('',(102.655,-88.635,0.));
#5673 = VECTOR('',#5674,1.);
#5674 = DIRECTION('',(0.336088819162,-0.94183029556,0.));
#5675 = PLANE('',#5676);
#5676 = AXIS2_PLACEMENT_3D('',#5677,#5678,#5679);
#5677 = CARTESIAN_POINT('',(102.655,-88.635,0.));
#5678 = DIRECTION('',(0.94183029556,0.336088819162,-0.));
#5679 = DIRECTION('',(0.336088819162,-0.94183029556,0.));
#5680 = ADVANCED_FACE('',(#5681),#5706,.T.);
#5681 = FACE_BOUND('',#5682,.T.);
#5682 = EDGE_LOOP('',(#5683,#5684,#5692,#5700));
#5683 = ORIENTED_EDGE('',*,*,#5662,.T.);
#5684 = ORIENTED_EDGE('',*,*,#5685,.T.);
#5685 = EDGE_CURVE('',#5655,#5686,#5688,.T.);
#5686 = VERTEX_POINT('',#5687);
#5687 = CARTESIAN_POINT('',(104.625,-92.035,1.51));
#5688 = LINE('',#5689,#5690);
#5689 = CARTESIAN_POINT('',(103.515,-91.045,1.51));
#5690 = VECTOR('',#5691,1.);
#5691 = DIRECTION('',(0.746295434469,-0.665614846958,0.));
#5692 = ORIENTED_EDGE('',*,*,#5693,.F.);
#5693 = EDGE_CURVE('',#5694,#5686,#5696,.T.);
#5694 = VERTEX_POINT('',#5695);
#5695 = CARTESIAN_POINT('',(104.625,-92.035,0.));
#5696 = LINE('',#5697,#5698);
#5697 = CARTESIAN_POINT('',(104.625,-92.035,0.));
#5698 = VECTOR('',#5699,1.);
#5699 = DIRECTION('',(0.,0.,1.));
#5700 = ORIENTED_EDGE('',*,*,#5701,.F.);
#5701 = EDGE_CURVE('',#5663,#5694,#5702,.T.);
#5702 = LINE('',#5703,#5704);
#5703 = CARTESIAN_POINT('',(103.515,-91.045,0.));
#5704 = VECTOR('',#5705,1.);
#5705 = DIRECTION('',(0.746295434469,-0.665614846958,0.));
#5706 = PLANE('',#5707);
#5707 = AXIS2_PLACEMENT_3D('',#5708,#5709,#5710);
#5708 = CARTESIAN_POINT('',(103.515,-91.045,0.));
#5709 = DIRECTION('',(0.665614846958,0.746295434469,-0.));
#5710 = DIRECTION('',(0.746295434469,-0.665614846958,0.));
#5711 = ADVANCED_FACE('',(#5712),#5737,.T.);
#5712 = FACE_BOUND('',#5713,.T.);
#5713 = EDGE_LOOP('',(#5714,#5715,#5723,#5731));
#5714 = ORIENTED_EDGE('',*,*,#5693,.T.);
#5715 = ORIENTED_EDGE('',*,*,#5716,.T.);
#5716 = EDGE_CURVE('',#5686,#5717,#5719,.T.);
#5717 = VERTEX_POINT('',#5718);
#5718 = CARTESIAN_POINT('',(106.995,-92.425,1.51));
#5719 = LINE('',#5720,#5721);
#5720 = CARTESIAN_POINT('',(104.625,-92.035,1.51));
#5721 = VECTOR('',#5722,1.);
#5722 = DIRECTION('',(0.986729418533,-0.162373195455,0.));
#5723 = ORIENTED_EDGE('',*,*,#5724,.F.);
#5724 = EDGE_CURVE('',#5725,#5717,#5727,.T.);
#5725 = VERTEX_POINT('',#5726);
#5726 = CARTESIAN_POINT('',(106.995,-92.425,0.));
#5727 = LINE('',#5728,#5729);
#5728 = CARTESIAN_POINT('',(106.995,-92.425,0.));
#5729 = VECTOR('',#5730,1.);
#5730 = DIRECTION('',(0.,0.,1.));
#5731 = ORIENTED_EDGE('',*,*,#5732,.F.);
#5732 = EDGE_CURVE('',#5694,#5725,#5733,.T.);
#5733 = LINE('',#5734,#5735);
#5734 = CARTESIAN_POINT('',(104.625,-92.035,0.));
#5735 = VECTOR('',#5736,1.);
#5736 = DIRECTION('',(0.986729418533,-0.162373195455,0.));
#5737 = PLANE('',#5738);
#5738 = AXIS2_PLACEMENT_3D('',#5739,#5740,#5741);
#5739 = CARTESIAN_POINT('',(104.625,-92.035,0.));
#5740 = DIRECTION('',(0.162373195455,0.986729418533,-0.));
#5741 = DIRECTION('',(0.986729418533,-0.162373195455,0.));
#5742 = ADVANCED_FACE('',(#5743),#5768,.T.);
#5743 = FACE_BOUND('',#5744,.T.);
#5744 = EDGE_LOOP('',(#5745,#5746,#5754,#5762));
#5745 = ORIENTED_EDGE('',*,*,#5724,.T.);
#5746 = ORIENTED_EDGE('',*,*,#5747,.T.);
#5747 = EDGE_CURVE('',#5717,#5748,#5750,.T.);
#5748 = VERTEX_POINT('',#5749);
#5749 = CARTESIAN_POINT('',(108.735,-91.145,1.51));
#5750 = LINE('',#5751,#5752);
#5751 = CARTESIAN_POINT('',(106.995,-92.425,1.51));
#5752 = VECTOR('',#5753,1.);
#5753 = DIRECTION('',(0.805521026073,0.592567191594,0.));
#5754 = ORIENTED_EDGE('',*,*,#5755,.F.);
#5755 = EDGE_CURVE('',#5756,#5748,#5758,.T.);
#5756 = VERTEX_POINT('',#5757);
#5757 = CARTESIAN_POINT('',(108.735,-91.145,0.));
#5758 = LINE('',#5759,#5760);
#5759 = CARTESIAN_POINT('',(108.735,-91.145,0.));
#5760 = VECTOR('',#5761,1.);
#5761 = DIRECTION('',(0.,0.,1.));
#5762 = ORIENTED_EDGE('',*,*,#5763,.F.);
#5763 = EDGE_CURVE('',#5725,#5756,#5764,.T.);
#5764 = LINE('',#5765,#5766);
#5765 = CARTESIAN_POINT('',(106.995,-92.425,0.));
#5766 = VECTOR('',#5767,1.);
#5767 = DIRECTION('',(0.805521026073,0.592567191594,0.));
#5768 = PLANE('',#5769);
#5769 = AXIS2_PLACEMENT_3D('',#5770,#5771,#5772);
#5770 = CARTESIAN_POINT('',(106.995,-92.425,0.));
#5771 = DIRECTION('',(-0.592567191594,0.805521026073,0.));
#5772 = DIRECTION('',(0.805521026073,0.592567191594,0.));
#5773 = ADVANCED_FACE('',(#5774),#5799,.T.);
#5774 = FACE_BOUND('',#5775,.T.);
#5775 = EDGE_LOOP('',(#5776,#5777,#5785,#5793));
#5776 = ORIENTED_EDGE('',*,*,#5755,.T.);
#5777 = ORIENTED_EDGE('',*,*,#5778,.T.);
#5778 = EDGE_CURVE('',#5748,#5779,#5781,.T.);
#5779 = VERTEX_POINT('',#5780);
#5780 = CARTESIAN_POINT('',(109.345,-89.265,1.51));
#5781 = LINE('',#5782,#5783);
#5782 = CARTESIAN_POINT('',(108.735,-91.145,1.51));
#5783 = VECTOR('',#5784,1.);
#5784 = DIRECTION('',(0.308628423681,0.95118268282,0.));
#5785 = ORIENTED_EDGE('',*,*,#5786,.F.);
#5786 = EDGE_CURVE('',#5787,#5779,#5789,.T.);
#5787 = VERTEX_POINT('',#5788);
#5788 = CARTESIAN_POINT('',(109.345,-89.265,0.));
#5789 = LINE('',#5790,#5791);
#5790 = CARTESIAN_POINT('',(109.345,-89.265,0.));
#5791 = VECTOR('',#5792,1.);
#5792 = DIRECTION('',(0.,0.,1.));
#5793 = ORIENTED_EDGE('',*,*,#5794,.F.);
#5794 = EDGE_CURVE('',#5756,#5787,#5795,.T.);
#5795 = LINE('',#5796,#5797);
#5796 = CARTESIAN_POINT('',(108.735,-91.145,0.));
#5797 = VECTOR('',#5798,1.);
#5798 = DIRECTION('',(0.308628423681,0.95118268282,0.));
#5799 = PLANE('',#5800);
#5800 = AXIS2_PLACEMENT_3D('',#5801,#5802,#5803);
#5801 = CARTESIAN_POINT('',(108.735,-91.145,0.));
#5802 = DIRECTION('',(-0.95118268282,0.308628423681,0.));
#5803 = DIRECTION('',(0.308628423681,0.95118268282,0.));
#5804 = ADVANCED_FACE('',(#5805),#5830,.T.);
#5805 = FACE_BOUND('',#5806,.T.);
#5806 = EDGE_LOOP('',(#5807,#5808,#5816,#5824));
#5807 = ORIENTED_EDGE('',*,*,#5786,.T.);
#5808 = ORIENTED_EDGE('',*,*,#5809,.T.);
#5809 = EDGE_CURVE('',#5779,#5810,#5812,.T.);
#5810 = VERTEX_POINT('',#5811);
#5811 = CARTESIAN_POINT('',(109.345,-87.645,1.51));
#5812 = LINE('',#5813,#5814);
#5813 = CARTESIAN_POINT('',(109.345,-89.265,1.51));
#5814 = VECTOR('',#5815,1.);
#5815 = DIRECTION('',(0.,1.,0.));
#5816 = ORIENTED_EDGE('',*,*,#5817,.F.);
#5817 = EDGE_CURVE('',#5818,#5810,#5820,.T.);
#5818 = VERTEX_POINT('',#5819);
#5819 = CARTESIAN_POINT('',(109.345,-87.645,0.));
#5820 = LINE('',#5821,#5822);
#5821 = CARTESIAN_POINT('',(109.345,-87.645,0.));
#5822 = VECTOR('',#5823,1.);
#5823 = DIRECTION('',(0.,0.,1.));
#5824 = ORIENTED_EDGE('',*,*,#5825,.F.);
#5825 = EDGE_CURVE('',#5787,#5818,#5826,.T.);
#5826 = LINE('',#5827,#5828);
#5827 = CARTESIAN_POINT('',(109.345,-89.265,0.));
#5828 = VECTOR('',#5829,1.);
#5829 = DIRECTION('',(0.,1.,0.));
#5830 = PLANE('',#5831);
#5831 = AXIS2_PLACEMENT_3D('',#5832,#5833,#5834);
#5832 = CARTESIAN_POINT('',(109.345,-89.265,0.));
#5833 = DIRECTION('',(-1.,0.,0.));
#5834 = DIRECTION('',(0.,1.,0.));
#5835 = ADVANCED_FACE('',(#5836),#5861,.T.);
#5836 = FACE_BOUND('',#5837,.T.);
#5837 = EDGE_LOOP('',(#5838,#5839,#5847,#5855));
#5838 = ORIENTED_EDGE('',*,*,#5817,.T.);
#5839 = ORIENTED_EDGE('',*,*,#5840,.T.);
#5840 = EDGE_CURVE('',#5810,#5841,#5843,.T.);
#5841 = VERTEX_POINT('',#5842);
#5842 = CARTESIAN_POINT('',(109.425,-86.035,1.51));
#5843 = LINE('',#5844,#5845);
#5844 = CARTESIAN_POINT('',(109.345,-87.645,1.51));
#5845 = VECTOR('',#5846,1.);
#5846 = DIRECTION('',(4.962821173137E-02,0.998767761094,0.));
#5847 = ORIENTED_EDGE('',*,*,#5848,.F.);
#5848 = EDGE_CURVE('',#5849,#5841,#5851,.T.);
#5849 = VERTEX_POINT('',#5850);
#5850 = CARTESIAN_POINT('',(109.425,-86.035,0.));
#5851 = LINE('',#5852,#5853);
#5852 = CARTESIAN_POINT('',(109.425,-86.035,0.));
#5853 = VECTOR('',#5854,1.);
#5854 = DIRECTION('',(0.,0.,1.));
#5855 = ORIENTED_EDGE('',*,*,#5856,.F.);
#5856 = EDGE_CURVE('',#5818,#5849,#5857,.T.);
#5857 = LINE('',#5858,#5859);
#5858 = CARTESIAN_POINT('',(109.345,-87.645,0.));
#5859 = VECTOR('',#5860,1.);
#5860 = DIRECTION('',(4.962821173137E-02,0.998767761094,0.));
#5861 = PLANE('',#5862);
#5862 = AXIS2_PLACEMENT_3D('',#5863,#5864,#5865);
#5863 = CARTESIAN_POINT('',(109.345,-87.645,0.));
#5864 = DIRECTION('',(-0.998767761094,4.962821173137E-02,0.));
#5865 = DIRECTION('',(4.962821173137E-02,0.998767761094,0.));
#5866 = ADVANCED_FACE('',(#5867),#5892,.T.);
#5867 = FACE_BOUND('',#5868,.T.);
#5868 = EDGE_LOOP('',(#5869,#5870,#5878,#5886));
#5869 = ORIENTED_EDGE('',*,*,#5848,.T.);
#5870 = ORIENTED_EDGE('',*,*,#5871,.T.);
#5871 = EDGE_CURVE('',#5841,#5872,#5874,.T.);
#5872 = VERTEX_POINT('',#5873);
#5873 = CARTESIAN_POINT('',(116.485,-78.165,1.51));
#5874 = LINE('',#5875,#5876);
#5875 = CARTESIAN_POINT('',(109.425,-86.035,1.51));
#5876 = VECTOR('',#5877,1.);
#5877 = DIRECTION('',(0.667761962879,0.7443748793,0.));
#5878 = ORIENTED_EDGE('',*,*,#5879,.F.);
#5879 = EDGE_CURVE('',#5880,#5872,#5882,.T.);
#5880 = VERTEX_POINT('',#5881);
#5881 = CARTESIAN_POINT('',(116.485,-78.165,0.));
#5882 = LINE('',#5883,#5884);
#5883 = CARTESIAN_POINT('',(116.485,-78.165,0.));
#5884 = VECTOR('',#5885,1.);
#5885 = DIRECTION('',(0.,0.,1.));
#5886 = ORIENTED_EDGE('',*,*,#5887,.F.);
#5887 = EDGE_CURVE('',#5849,#5880,#5888,.T.);
#5888 = LINE('',#5889,#5890);
#5889 = CARTESIAN_POINT('',(109.425,-86.035,0.));
#5890 = VECTOR('',#5891,1.);
#5891 = DIRECTION('',(0.667761962879,0.7443748793,0.));
#5892 = PLANE('',#5893);
#5893 = AXIS2_PLACEMENT_3D('',#5894,#5895,#5896);
#5894 = CARTESIAN_POINT('',(109.425,-86.035,0.));
#5895 = DIRECTION('',(-0.7443748793,0.667761962879,0.));
#5896 = DIRECTION('',(0.667761962879,0.7443748793,0.));
#5897 = ADVANCED_FACE('',(#5898),#5923,.T.);
#5898 = FACE_BOUND('',#5899,.T.);
#5899 = EDGE_LOOP('',(#5900,#5901,#5909,#5917));
#5900 = ORIENTED_EDGE('',*,*,#5879,.T.);
#5901 = ORIENTED_EDGE('',*,*,#5902,.T.);
#5902 = EDGE_CURVE('',#5872,#5903,#5905,.T.);
#5903 = VERTEX_POINT('',#5904);
#5904 = CARTESIAN_POINT('',(119.765,-78.955,1.51));
#5905 = LINE('',#5906,#5907);
#5906 = CARTESIAN_POINT('',(116.485,-78.165,1.51));
#5907 = VECTOR('',#5908,1.);
#5908 = DIRECTION('',(0.972198651223,-0.234157601971,0.));
#5909 = ORIENTED_EDGE('',*,*,#5910,.F.);
#5910 = EDGE_CURVE('',#5911,#5903,#5913,.T.);
#5911 = VERTEX_POINT('',#5912);
#5912 = CARTESIAN_POINT('',(119.765,-78.955,0.));
#5913 = LINE('',#5914,#5915);
#5914 = CARTESIAN_POINT('',(119.765,-78.955,0.));
#5915 = VECTOR('',#5916,1.);
#5916 = DIRECTION('',(0.,0.,1.));
#5917 = ORIENTED_EDGE('',*,*,#5918,.F.);
#5918 = EDGE_CURVE('',#5880,#5911,#5919,.T.);
#5919 = LINE('',#5920,#5921);
#5920 = CARTESIAN_POINT('',(116.485,-78.165,0.));
#5921 = VECTOR('',#5922,1.);
#5922 = DIRECTION('',(0.972198651223,-0.234157601971,0.));
#5923 = PLANE('',#5924);
#5924 = AXIS2_PLACEMENT_3D('',#5925,#5926,#5927);
#5925 = CARTESIAN_POINT('',(116.485,-78.165,0.));
#5926 = DIRECTION('',(0.234157601971,0.972198651223,-0.));
#5927 = DIRECTION('',(0.972198651223,-0.234157601971,0.));
#5928 = ADVANCED_FACE('',(#5929),#5954,.T.);
#5929 = FACE_BOUND('',#5930,.T.);
#5930 = EDGE_LOOP('',(#5931,#5932,#5940,#5948));
#5931 = ORIENTED_EDGE('',*,*,#5910,.T.);
#5932 = ORIENTED_EDGE('',*,*,#5933,.T.);
#5933 = EDGE_CURVE('',#5903,#5934,#5936,.T.);
#5934 = VERTEX_POINT('',#5935);
#5935 = CARTESIAN_POINT('',(121.205,-75.825,1.51));
#5936 = LINE('',#5937,#5938);
#5937 = CARTESIAN_POINT('',(119.765,-78.955,1.51));
#5938 = VECTOR('',#5939,1.);
#5939 = DIRECTION('',(0.41795351876,0.908468412305,0.));
#5940 = ORIENTED_EDGE('',*,*,#5941,.F.);
#5941 = EDGE_CURVE('',#5942,#5934,#5944,.T.);
#5942 = VERTEX_POINT('',#5943);
#5943 = CARTESIAN_POINT('',(121.205,-75.825,0.));
#5944 = LINE('',#5945,#5946);
#5945 = CARTESIAN_POINT('',(121.205,-75.825,0.));
#5946 = VECTOR('',#5947,1.);
#5947 = DIRECTION('',(0.,0.,1.));
#5948 = ORIENTED_EDGE('',*,*,#5949,.F.);
#5949 = EDGE_CURVE('',#5911,#5942,#5950,.T.);
#5950 = LINE('',#5951,#5952);
#5951 = CARTESIAN_POINT('',(119.765,-78.955,0.));
#5952 = VECTOR('',#5953,1.);
#5953 = DIRECTION('',(0.41795351876,0.908468412305,0.));
#5954 = PLANE('',#5955);
#5955 = AXIS2_PLACEMENT_3D('',#5956,#5957,#5958);
#5956 = CARTESIAN_POINT('',(119.765,-78.955,0.));
#5957 = DIRECTION('',(-0.908468412305,0.41795351876,0.));
#5958 = DIRECTION('',(0.41795351876,0.908468412305,0.));
#5959 = ADVANCED_FACE('',(#5960),#5985,.T.);
#5960 = FACE_BOUND('',#5961,.T.);
#5961 = EDGE_LOOP('',(#5962,#5963,#5971,#5979));
#5962 = ORIENTED_EDGE('',*,*,#5941,.T.);
#5963 = ORIENTED_EDGE('',*,*,#5964,.T.);
#5964 = EDGE_CURVE('',#5934,#5965,#5967,.T.);
#5965 = VERTEX_POINT('',#5966);
#5966 = CARTESIAN_POINT('',(119.975,-72.365,1.51));
#5967 = LINE('',#5968,#5969);
#5968 = CARTESIAN_POINT('',(121.205,-75.825,1.51));
#5969 = VECTOR('',#5970,1.);
#5970 = DIRECTION('',(-0.334955942929,0.942233790679,0.));
#5971 = ORIENTED_EDGE('',*,*,#5972,.F.);
#5972 = EDGE_CURVE('',#5973,#5965,#5975,.T.);
#5973 = VERTEX_POINT('',#5974);
#5974 = CARTESIAN_POINT('',(119.975,-72.365,0.));
#5975 = LINE('',#5976,#5977);
#5976 = CARTESIAN_POINT('',(119.975,-72.365,0.));
#5977 = VECTOR('',#5978,1.);
#5978 = DIRECTION('',(0.,0.,1.));
#5979 = ORIENTED_EDGE('',*,*,#5980,.F.);
#5980 = EDGE_CURVE('',#5942,#5973,#5981,.T.);
#5981 = LINE('',#5982,#5983);
#5982 = CARTESIAN_POINT('',(121.205,-75.825,0.));
#5983 = VECTOR('',#5984,1.);
#5984 = DIRECTION('',(-0.334955942929,0.942233790679,0.));
#5985 = PLANE('',#5986);
#5986 = AXIS2_PLACEMENT_3D('',#5987,#5988,#5989);
#5987 = CARTESIAN_POINT('',(121.205,-75.825,0.));
#5988 = DIRECTION('',(-0.942233790679,-0.334955942929,0.));
#5989 = DIRECTION('',(-0.334955942929,0.942233790679,0.));
#5990 = ADVANCED_FACE('',(#5991),#6016,.T.);
#5991 = FACE_BOUND('',#5992,.T.);
#5992 = EDGE_LOOP('',(#5993,#5994,#6002,#6010));
#5993 = ORIENTED_EDGE('',*,*,#5972,.T.);
#5994 = ORIENTED_EDGE('',*,*,#5995,.T.);
#5995 = EDGE_CURVE('',#5965,#5996,#5998,.T.);
#5996 = VERTEX_POINT('',#5997);
#5997 = CARTESIAN_POINT('',(115.485,-73.175,1.51));
#5998 = LINE('',#5999,#6000);
#5999 = CARTESIAN_POINT('',(119.975,-72.365,1.51));
#6000 = VECTOR('',#6001,1.);
#6001 = DIRECTION('',(-0.984114464381,-0.177535126091,0.));
#6002 = ORIENTED_EDGE('',*,*,#6003,.F.);
#6003 = EDGE_CURVE('',#6004,#5996,#6006,.T.);
#6004 = VERTEX_POINT('',#6005);
#6005 = CARTESIAN_POINT('',(115.485,-73.175,0.));
#6006 = LINE('',#6007,#6008);
#6007 = CARTESIAN_POINT('',(115.485,-73.175,0.));
#6008 = VECTOR('',#6009,1.);
#6009 = DIRECTION('',(0.,0.,1.));
#6010 = ORIENTED_EDGE('',*,*,#6011,.F.);
#6011 = EDGE_CURVE('',#5973,#6004,#6012,.T.);
#6012 = LINE('',#6013,#6014);
#6013 = CARTESIAN_POINT('',(119.975,-72.365,0.));
#6014 = VECTOR('',#6015,1.);
#6015 = DIRECTION('',(-0.984114464381,-0.177535126091,0.));
#6016 = PLANE('',#6017);
#6017 = AXIS2_PLACEMENT_3D('',#6018,#6019,#6020);
#6018 = CARTESIAN_POINT('',(119.975,-72.365,0.));
#6019 = DIRECTION('',(0.177535126091,-0.984114464381,0.));
#6020 = DIRECTION('',(-0.984114464381,-0.177535126091,0.));
#6021 = ADVANCED_FACE('',(#6022),#6047,.T.);
#6022 = FACE_BOUND('',#6023,.T.);
#6023 = EDGE_LOOP('',(#6024,#6025,#6033,#6041));
#6024 = ORIENTED_EDGE('',*,*,#6003,.T.);
#6025 = ORIENTED_EDGE('',*,*,#6026,.T.);
#6026 = EDGE_CURVE('',#5996,#6027,#6029,.T.);
#6027 = VERTEX_POINT('',#6028);
#6028 = CARTESIAN_POINT('',(111.535,-67.855,1.51));
#6029 = LINE('',#6030,#6031);
#6030 = CARTESIAN_POINT('',(115.485,-73.175,1.51));
#6031 = VECTOR('',#6032,1.);
#6032 = DIRECTION('',(-0.59612948031,0.802888312722,0.));
#6033 = ORIENTED_EDGE('',*,*,#6034,.F.);
#6034 = EDGE_CURVE('',#6035,#6027,#6037,.T.);
#6035 = VERTEX_POINT('',#6036);
#6036 = CARTESIAN_POINT('',(111.535,-67.855,0.));
#6037 = LINE('',#6038,#6039);
#6038 = CARTESIAN_POINT('',(111.535,-67.855,0.));
#6039 = VECTOR('',#6040,1.);
#6040 = DIRECTION('',(0.,0.,1.));
#6041 = ORIENTED_EDGE('',*,*,#6042,.F.);
#6042 = EDGE_CURVE('',#6004,#6035,#6043,.T.);
#6043 = LINE('',#6044,#6045);
#6044 = CARTESIAN_POINT('',(115.485,-73.175,0.));
#6045 = VECTOR('',#6046,1.);
#6046 = DIRECTION('',(-0.59612948031,0.802888312722,0.));
#6047 = PLANE('',#6048);
#6048 = AXIS2_PLACEMENT_3D('',#6049,#6050,#6051);
#6049 = CARTESIAN_POINT('',(115.485,-73.175,0.));
#6050 = DIRECTION('',(-0.802888312722,-0.59612948031,0.));
#6051 = DIRECTION('',(-0.59612948031,0.802888312722,0.));
#6052 = ADVANCED_FACE('',(#6053),#6078,.T.);
#6053 = FACE_BOUND('',#6054,.T.);
#6054 = EDGE_LOOP('',(#6055,#6056,#6064,#6072));
#6055 = ORIENTED_EDGE('',*,*,#6034,.T.);
#6056 = ORIENTED_EDGE('',*,*,#6057,.T.);
#6057 = EDGE_CURVE('',#6027,#6058,#6060,.T.);
#6058 = VERTEX_POINT('',#6059);
#6059 = CARTESIAN_POINT('',(113.075,-66.055,1.51));
#6060 = LINE('',#6061,#6062);
#6061 = CARTESIAN_POINT('',(111.535,-67.855,1.51));
#6062 = VECTOR('',#6063,1.);
#6063 = DIRECTION('',(0.650095810942,0.759852246556,0.));
#6064 = ORIENTED_EDGE('',*,*,#6065,.F.);
#6065 = EDGE_CURVE('',#6066,#6058,#6068,.T.);
#6066 = VERTEX_POINT('',#6067);
#6067 = CARTESIAN_POINT('',(113.075,-66.055,0.));
#6068 = LINE('',#6069,#6070);
#6069 = CARTESIAN_POINT('',(113.075,-66.055,0.));
#6070 = VECTOR('',#6071,1.);
#6071 = DIRECTION('',(0.,0.,1.));
#6072 = ORIENTED_EDGE('',*,*,#6073,.F.);
#6073 = EDGE_CURVE('',#6035,#6066,#6074,.T.);
#6074 = LINE('',#6075,#6076);
#6075 = CARTESIAN_POINT('',(111.535,-67.855,0.));
#6076 = VECTOR('',#6077,1.);
#6077 = DIRECTION('',(0.650095810942,0.759852246556,0.));
#6078 = PLANE('',#6079);
#6079 = AXIS2_PLACEMENT_3D('',#6080,#6081,#6082);
#6080 = CARTESIAN_POINT('',(111.535,-67.855,0.));
#6081 = DIRECTION('',(-0.759852246556,0.650095810942,0.));
#6082 = DIRECTION('',(0.650095810942,0.759852246556,0.));
#6083 = ADVANCED_FACE('',(#6084),#6109,.T.);
#6084 = FACE_BOUND('',#6085,.T.);
#6085 = EDGE_LOOP('',(#6086,#6087,#6095,#6103));
#6086 = ORIENTED_EDGE('',*,*,#6065,.T.);
#6087 = ORIENTED_EDGE('',*,*,#6088,.T.);
#6088 = EDGE_CURVE('',#6058,#6089,#6091,.T.);
#6089 = VERTEX_POINT('',#6090);
#6090 = CARTESIAN_POINT('',(111.445,-63.055,1.51));
#6091 = LINE('',#6092,#6093);
#6092 = CARTESIAN_POINT('',(113.075,-66.055,1.51));
#6093 = VECTOR('',#6094,1.);
#6094 = DIRECTION('',(-0.477415009794,0.878677932136,0.));
#6095 = ORIENTED_EDGE('',*,*,#6096,.F.);
#6096 = EDGE_CURVE('',#6097,#6089,#6099,.T.);
#6097 = VERTEX_POINT('',#6098);
#6098 = CARTESIAN_POINT('',(111.445,-63.055,0.));
#6099 = LINE('',#6100,#6101);
#6100 = CARTESIAN_POINT('',(111.445,-63.055,0.));
#6101 = VECTOR('',#6102,1.);
#6102 = DIRECTION('',(0.,0.,1.));
#6103 = ORIENTED_EDGE('',*,*,#6104,.F.);
#6104 = EDGE_CURVE('',#6066,#6097,#6105,.T.);
#6105 = LINE('',#6106,#6107);
#6106 = CARTESIAN_POINT('',(113.075,-66.055,0.));
#6107 = VECTOR('',#6108,1.);
#6108 = DIRECTION('',(-0.477415009794,0.878677932136,0.));
#6109 = PLANE('',#6110);
#6110 = AXIS2_PLACEMENT_3D('',#6111,#6112,#6113);
#6111 = CARTESIAN_POINT('',(113.075,-66.055,0.));
#6112 = DIRECTION('',(-0.878677932136,-0.477415009794,0.));
#6113 = DIRECTION('',(-0.477415009794,0.878677932136,0.));
#6114 = ADVANCED_FACE('',(#6115),#6140,.T.);
#6115 = FACE_BOUND('',#6116,.T.);
#6116 = EDGE_LOOP('',(#6117,#6118,#6126,#6134));
#6117 = ORIENTED_EDGE('',*,*,#6096,.T.);
#6118 = ORIENTED_EDGE('',*,*,#6119,.T.);
#6119 = EDGE_CURVE('',#6089,#6120,#6122,.T.);
#6120 = VERTEX_POINT('',#6121);
#6121 = CARTESIAN_POINT('',(107.425,-63.085,1.51));
#6122 = LINE('',#6123,#6124);
#6123 = CARTESIAN_POINT('',(111.445,-63.055,1.51));
#6124 = VECTOR('',#6125,1.);
#6125 = DIRECTION('',(-0.999972155318,-7.462478771027E-03,0.));
#6126 = ORIENTED_EDGE('',*,*,#6127,.F.);
#6127 = EDGE_CURVE('',#6128,#6120,#6130,.T.);
#6128 = VERTEX_POINT('',#6129);
#6129 = CARTESIAN_POINT('',(107.425,-63.085,0.));
#6130 = LINE('',#6131,#6132);
#6131 = CARTESIAN_POINT('',(107.425,-63.085,0.));
#6132 = VECTOR('',#6133,1.);
#6133 = DIRECTION('',(0.,0.,1.));
#6134 = ORIENTED_EDGE('',*,*,#6135,.F.);
#6135 = EDGE_CURVE('',#6097,#6128,#6136,.T.);
#6136 = LINE('',#6137,#6138);
#6137 = CARTESIAN_POINT('',(111.445,-63.055,0.));
#6138 = VECTOR('',#6139,1.);
#6139 = DIRECTION('',(-0.999972155318,-7.462478771027E-03,0.));
#6140 = PLANE('',#6141);
#6141 = AXIS2_PLACEMENT_3D('',#6142,#6143,#6144);
#6142 = CARTESIAN_POINT('',(111.445,-63.055,0.));
#6143 = DIRECTION('',(7.462478771027E-03,-0.999972155318,0.));
#6144 = DIRECTION('',(-0.999972155318,-7.462478771027E-03,0.));
#6145 = ADVANCED_FACE('',(#6146),#6171,.T.);
#6146 = FACE_BOUND('',#6147,.T.);
#6147 = EDGE_LOOP('',(#6148,#6149,#6157,#6165));
#6148 = ORIENTED_EDGE('',*,*,#6127,.T.);
#6149 = ORIENTED_EDGE('',*,*,#6150,.T.);
#6150 = EDGE_CURVE('',#6120,#6151,#6153,.T.);
#6151 = VERTEX_POINT('',#6152);
#6152 = CARTESIAN_POINT('',(106.675,-67.495,1.51));
#6153 = LINE('',#6154,#6155);
#6154 = CARTESIAN_POINT('',(107.425,-63.085,1.51));
#6155 = VECTOR('',#6156,1.);
#6156 = DIRECTION('',(-0.167660674119,-0.985844763821,0.));
#6157 = ORIENTED_EDGE('',*,*,#6158,.F.);
#6158 = EDGE_CURVE('',#6159,#6151,#6161,.T.);
#6159 = VERTEX_POINT('',#6160);
#6160 = CARTESIAN_POINT('',(106.675,-67.495,0.));
#6161 = LINE('',#6162,#6163);
#6162 = CARTESIAN_POINT('',(106.675,-67.495,0.));
#6163 = VECTOR('',#6164,1.);
#6164 = DIRECTION('',(0.,0.,1.));
#6165 = ORIENTED_EDGE('',*,*,#6166,.F.);
#6166 = EDGE_CURVE('',#6128,#6159,#6167,.T.);
#6167 = LINE('',#6168,#6169);
#6168 = CARTESIAN_POINT('',(107.425,-63.085,0.));
#6169 = VECTOR('',#6170,1.);
#6170 = DIRECTION('',(-0.167660674119,-0.985844763821,0.));
#6171 = PLANE('',#6172);
#6172 = AXIS2_PLACEMENT_3D('',#6173,#6174,#6175);
#6173 = CARTESIAN_POINT('',(107.425,-63.085,0.));
#6174 = DIRECTION('',(0.985844763821,-0.167660674119,0.));
#6175 = DIRECTION('',(-0.167660674119,-0.985844763821,0.));
#6176 = ADVANCED_FACE('',(#6177),#6202,.T.);
#6177 = FACE_BOUND('',#6178,.T.);
#6178 = EDGE_LOOP('',(#6179,#6180,#6188,#6196));
#6179 = ORIENTED_EDGE('',*,*,#6158,.T.);
#6180 = ORIENTED_EDGE('',*,*,#6181,.T.);
#6181 = EDGE_CURVE('',#6151,#6182,#6184,.T.);
#6182 = VERTEX_POINT('',#6183);
#6183 = CARTESIAN_POINT('',(95.545,-73.995,1.51));
#6184 = LINE('',#6185,#6186);
#6185 = CARTESIAN_POINT('',(106.675,-67.495,1.51));
#6186 = VECTOR('',#6187,1.);
#6187 = DIRECTION('',(-0.863525533739,-0.504305118536,0.));
#6188 = ORIENTED_EDGE('',*,*,#6189,.F.);
#6189 = EDGE_CURVE('',#6190,#6182,#6192,.T.);
#6190 = VERTEX_POINT('',#6191);
#6191 = CARTESIAN_POINT('',(95.545,-73.995,0.));
#6192 = LINE('',#6193,#6194);
#6193 = CARTESIAN_POINT('',(95.545,-73.995,0.));
#6194 = VECTOR('',#6195,1.);
#6195 = DIRECTION('',(0.,0.,1.));
#6196 = ORIENTED_EDGE('',*,*,#6197,.F.);
#6197 = EDGE_CURVE('',#6159,#6190,#6198,.T.);
#6198 = LINE('',#6199,#6200);
#6199 = CARTESIAN_POINT('',(106.675,-67.495,0.));
#6200 = VECTOR('',#6201,1.);
#6201 = DIRECTION('',(-0.863525533739,-0.504305118536,0.));
#6202 = PLANE('',#6203);
#6203 = AXIS2_PLACEMENT_3D('',#6204,#6205,#6206);
#6204 = CARTESIAN_POINT('',(106.675,-67.495,0.));
#6205 = DIRECTION('',(0.504305118536,-0.863525533739,0.));
#6206 = DIRECTION('',(-0.863525533739,-0.504305118536,0.));
#6207 = ADVANCED_FACE('',(#6208),#6233,.T.);
#6208 = FACE_BOUND('',#6209,.T.);
#6209 = EDGE_LOOP('',(#6210,#6211,#6219,#6227));
#6210 = ORIENTED_EDGE('',*,*,#6189,.T.);
#6211 = ORIENTED_EDGE('',*,*,#6212,.T.);
#6212 = EDGE_CURVE('',#6182,#6213,#6215,.T.);
#6213 = VERTEX_POINT('',#6214);
#6214 = CARTESIAN_POINT('',(94.175,-65.965,1.51));
#6215 = LINE('',#6216,#6217);
#6216 = CARTESIAN_POINT('',(95.545,-73.995,1.51));
#6217 = VECTOR('',#6218,1.);
#6218 = DIRECTION('',(-0.168180088846,0.98575628718,0.));
#6219 = ORIENTED_EDGE('',*,*,#6220,.F.);
#6220 = EDGE_CURVE('',#6221,#6213,#6223,.T.);
#6221 = VERTEX_POINT('',#6222);
#6222 = CARTESIAN_POINT('',(94.175,-65.965,0.));
#6223 = LINE('',#6224,#6225);
#6224 = CARTESIAN_POINT('',(94.175,-65.965,0.));
#6225 = VECTOR('',#6226,1.);
#6226 = DIRECTION('',(0.,0.,1.));
#6227 = ORIENTED_EDGE('',*,*,#6228,.F.);
#6228 = EDGE_CURVE('',#6190,#6221,#6229,.T.);
#6229 = LINE('',#6230,#6231);
#6230 = CARTESIAN_POINT('',(95.545,-73.995,0.));
#6231 = VECTOR('',#6232,1.);
#6232 = DIRECTION('',(-0.168180088846,0.98575628718,0.));
#6233 = PLANE('',#6234);
#6234 = AXIS2_PLACEMENT_3D('',#6235,#6236,#6237);
#6235 = CARTESIAN_POINT('',(95.545,-73.995,0.));
#6236 = DIRECTION('',(-0.98575628718,-0.168180088846,0.));
#6237 = DIRECTION('',(-0.168180088846,0.98575628718,0.));
#6238 = ADVANCED_FACE('',(#6239),#6264,.T.);
#6239 = FACE_BOUND('',#6240,.T.);
#6240 = EDGE_LOOP('',(#6241,#6242,#6250,#6258));
#6241 = ORIENTED_EDGE('',*,*,#6220,.T.);
#6242 = ORIENTED_EDGE('',*,*,#6243,.T.);
#6243 = EDGE_CURVE('',#6213,#6244,#6246,.T.);
#6244 = VERTEX_POINT('',#6245);
#6245 = CARTESIAN_POINT('',(101.045,-56.455,1.51));
#6246 = LINE('',#6247,#6248);
#6247 = CARTESIAN_POINT('',(94.175,-65.965,1.51));
#6248 = VECTOR('',#6249,1.);
#6249 = DIRECTION('',(0.585583913917,0.8106117935,0.));
#6250 = ORIENTED_EDGE('',*,*,#6251,.F.);
#6251 = EDGE_CURVE('',#6252,#6244,#6254,.T.);
#6252 = VERTEX_POINT('',#6253);
#6253 = CARTESIAN_POINT('',(101.045,-56.455,0.));
#6254 = LINE('',#6255,#6256);
#6255 = CARTESIAN_POINT('',(101.045,-56.455,0.));
#6256 = VECTOR('',#6257,1.);
#6257 = DIRECTION('',(0.,0.,1.));
#6258 = ORIENTED_EDGE('',*,*,#6259,.F.);
#6259 = EDGE_CURVE('',#6221,#6252,#6260,.T.);
#6260 = LINE('',#6261,#6262);
#6261 = CARTESIAN_POINT('',(94.175,-65.965,0.));
#6262 = VECTOR('',#6263,1.);
#6263 = DIRECTION('',(0.585583913917,0.8106117935,0.));
#6264 = PLANE('',#6265);
#6265 = AXIS2_PLACEMENT_3D('',#6266,#6267,#6268);
#6266 = CARTESIAN_POINT('',(94.175,-65.965,0.));
#6267 = DIRECTION('',(-0.8106117935,0.585583913917,0.));
#6268 = DIRECTION('',(0.585583913917,0.8106117935,0.));
#6269 = ADVANCED_FACE('',(#6270),#6295,.T.);
#6270 = FACE_BOUND('',#6271,.T.);
#6271 = EDGE_LOOP('',(#6272,#6273,#6281,#6289));
#6272 = ORIENTED_EDGE('',*,*,#6251,.T.);
#6273 = ORIENTED_EDGE('',*,*,#6274,.T.);
#6274 = EDGE_CURVE('',#6244,#6275,#6277,.T.);
#6275 = VERTEX_POINT('',#6276);
#6276 = CARTESIAN_POINT('',(105.105,-57.025,1.51));
#6277 = LINE('',#6278,#6279);
#6278 = CARTESIAN_POINT('',(101.045,-56.455,1.51));
#6279 = VECTOR('',#6280,1.);
#6280 = DIRECTION('',(0.990288086415,-0.139030593413,0.));
#6281 = ORIENTED_EDGE('',*,*,#6282,.F.);
#6282 = EDGE_CURVE('',#6283,#6275,#6285,.T.);
#6283 = VERTEX_POINT('',#6284);
#6284 = CARTESIAN_POINT('',(105.105,-57.025,0.));
#6285 = LINE('',#6286,#6287);
#6286 = CARTESIAN_POINT('',(105.105,-57.025,0.));
#6287 = VECTOR('',#6288,1.);
#6288 = DIRECTION('',(0.,0.,1.));
#6289 = ORIENTED_EDGE('',*,*,#6290,.F.);
#6290 = EDGE_CURVE('',#6252,#6283,#6291,.T.);
#6291 = LINE('',#6292,#6293);
#6292 = CARTESIAN_POINT('',(101.045,-56.455,0.));
#6293 = VECTOR('',#6294,1.);
#6294 = DIRECTION('',(0.990288086415,-0.139030593413,0.));
#6295 = PLANE('',#6296);
#6296 = AXIS2_PLACEMENT_3D('',#6297,#6298,#6299);
#6297 = CARTESIAN_POINT('',(101.045,-56.455,0.));
#6298 = DIRECTION('',(0.139030593413,0.990288086415,-0.));
#6299 = DIRECTION('',(0.990288086415,-0.139030593413,0.));
#6300 = ADVANCED_FACE('',(#6301),#6326,.T.);
#6301 = FACE_BOUND('',#6302,.T.);
#6302 = EDGE_LOOP('',(#6303,#6304,#6312,#6320));
#6303 = ORIENTED_EDGE('',*,*,#6282,.T.);
#6304 = ORIENTED_EDGE('',*,*,#6305,.T.);
#6305 = EDGE_CURVE('',#6275,#6306,#6308,.T.);
#6306 = VERTEX_POINT('',#6307);
#6307 = CARTESIAN_POINT('',(105.895,-54.245,1.51));
#6308 = LINE('',#6309,#6310);
#6309 = CARTESIAN_POINT('',(105.105,-57.025,1.51));
#6310 = VECTOR('',#6311,1.);
#6311 = DIRECTION('',(0.273349855807,0.961914682459,0.));
#6312 = ORIENTED_EDGE('',*,*,#6313,.F.);
#6313 = EDGE_CURVE('',#6314,#6306,#6316,.T.);
#6314 = VERTEX_POINT('',#6315);
#6315 = CARTESIAN_POINT('',(105.895,-54.245,0.));
#6316 = LINE('',#6317,#6318);
#6317 = CARTESIAN_POINT('',(105.895,-54.245,0.));
#6318 = VECTOR('',#6319,1.);
#6319 = DIRECTION('',(0.,0.,1.));
#6320 = ORIENTED_EDGE('',*,*,#6321,.F.);
#6321 = EDGE_CURVE('',#6283,#6314,#6322,.T.);
#6322 = LINE('',#6323,#6324);
#6323 = CARTESIAN_POINT('',(105.105,-57.025,0.));
#6324 = VECTOR('',#6325,1.);
#6325 = DIRECTION('',(0.273349855807,0.961914682459,0.));
#6326 = PLANE('',#6327);
#6327 = AXIS2_PLACEMENT_3D('',#6328,#6329,#6330);
#6328 = CARTESIAN_POINT('',(105.105,-57.025,0.));
#6329 = DIRECTION('',(-0.961914682459,0.273349855807,0.));
#6330 = DIRECTION('',(0.273349855807,0.961914682459,0.));
#6331 = ADVANCED_FACE('',(#6332),#6357,.T.);
#6332 = FACE_BOUND('',#6333,.T.);
#6333 = EDGE_LOOP('',(#6334,#6335,#6343,#6351));
#6334 = ORIENTED_EDGE('',*,*,#6313,.T.);
#6335 = ORIENTED_EDGE('',*,*,#6336,.T.);
#6336 = EDGE_CURVE('',#6306,#6337,#6339,.T.);
#6337 = VERTEX_POINT('',#6338);
#6338 = CARTESIAN_POINT('',(104.425,-52.115,1.51));
#6339 = LINE('',#6340,#6341);
#6340 = CARTESIAN_POINT('',(105.895,-54.245,1.51));
#6341 = VECTOR('',#6342,1.);
#6342 = DIRECTION('',(-0.568003807838,0.823025925643,0.));
#6343 = ORIENTED_EDGE('',*,*,#6344,.F.);
#6344 = EDGE_CURVE('',#6345,#6337,#6347,.T.);
#6345 = VERTEX_POINT('',#6346);
#6346 = CARTESIAN_POINT('',(104.425,-52.115,0.));
#6347 = LINE('',#6348,#6349);
#6348 = CARTESIAN_POINT('',(104.425,-52.115,0.));
#6349 = VECTOR('',#6350,1.);
#6350 = DIRECTION('',(0.,0.,1.));
#6351 = ORIENTED_EDGE('',*,*,#6352,.F.);
#6352 = EDGE_CURVE('',#6314,#6345,#6353,.T.);
#6353 = LINE('',#6354,#6355);
#6354 = CARTESIAN_POINT('',(105.895,-54.245,0.));
#6355 = VECTOR('',#6356,1.);
#6356 = DIRECTION('',(-0.568003807838,0.823025925643,0.));
#6357 = PLANE('',#6358);
#6358 = AXIS2_PLACEMENT_3D('',#6359,#6360,#6361);
#6359 = CARTESIAN_POINT('',(105.895,-54.245,0.));
#6360 = DIRECTION('',(-0.823025925643,-0.568003807838,0.));
#6361 = DIRECTION('',(-0.568003807838,0.823025925643,0.));
#6362 = ADVANCED_FACE('',(#6363),#6388,.T.);
#6363 = FACE_BOUND('',#6364,.T.);
#6364 = EDGE_LOOP('',(#6365,#6366,#6374,#6382));
#6365 = ORIENTED_EDGE('',*,*,#6344,.T.);
#6366 = ORIENTED_EDGE('',*,*,#6367,.T.);
#6367 = EDGE_CURVE('',#6337,#6368,#6370,.T.);
#6368 = VERTEX_POINT('',#6369);
#6369 = CARTESIAN_POINT('',(109.715,-44.925,1.51));
#6370 = LINE('',#6371,#6372);
#6371 = CARTESIAN_POINT('',(104.425,-52.115,1.51));
#6372 = VECTOR('',#6373,1.);
#6373 = DIRECTION('',(0.592625676762,0.805477999229,0.));
#6374 = ORIENTED_EDGE('',*,*,#6375,.F.);
#6375 = EDGE_CURVE('',#6376,#6368,#6378,.T.);
#6376 = VERTEX_POINT('',#6377);
#6377 = CARTESIAN_POINT('',(109.715,-44.925,0.));
#6378 = LINE('',#6379,#6380);
#6379 = CARTESIAN_POINT('',(109.715,-44.925,0.));
#6380 = VECTOR('',#6381,1.);
#6381 = DIRECTION('',(0.,0.,1.));
#6382 = ORIENTED_EDGE('',*,*,#6383,.F.);
#6383 = EDGE_CURVE('',#6345,#6376,#6384,.T.);
#6384 = LINE('',#6385,#6386);
#6385 = CARTESIAN_POINT('',(104.425,-52.115,0.));
#6386 = VECTOR('',#6387,1.);
#6387 = DIRECTION('',(0.592625676762,0.805477999229,0.));
#6388 = PLANE('',#6389);
#6389 = AXIS2_PLACEMENT_3D('',#6390,#6391,#6392);
#6390 = CARTESIAN_POINT('',(104.425,-52.115,0.));
#6391 = DIRECTION('',(-0.805477999229,0.592625676762,0.));
#6392 = DIRECTION('',(0.592625676762,0.805477999229,0.));
#6393 = ADVANCED_FACE('',(#6394),#6410,.T.);
#6394 = FACE_BOUND('',#6395,.T.);
#6395 = EDGE_LOOP('',(#6396,#6397,#6403,#6404));
#6396 = ORIENTED_EDGE('',*,*,#6375,.T.);
#6397 = ORIENTED_EDGE('',*,*,#6398,.T.);
#6398 = EDGE_CURVE('',#6368,#3353,#6399,.T.);
#6399 = LINE('',#6400,#6401);
#6400 = CARTESIAN_POINT('',(109.715,-44.925,1.51));
#6401 = VECTOR('',#6402,1.);
#6402 = DIRECTION('',(0.751482887636,-0.659752582103,0.));
#6403 = ORIENTED_EDGE('',*,*,#3350,.F.);
#6404 = ORIENTED_EDGE('',*,*,#6405,.F.);
#6405 = EDGE_CURVE('',#6376,#3351,#6406,.T.);
#6406 = LINE('',#6407,#6408);
#6407 = CARTESIAN_POINT('',(109.715,-44.925,0.));
#6408 = VECTOR('',#6409,1.);
#6409 = DIRECTION('',(0.751482887636,-0.659752582103,0.));
#6410 = PLANE('',#6411);
#6411 = AXIS2_PLACEMENT_3D('',#6412,#6413,#6414);
#6412 = CARTESIAN_POINT('',(109.715,-44.925,0.));
#6413 = DIRECTION('',(0.659752582103,0.751482887636,-0.));
#6414 = DIRECTION('',(0.751482887636,-0.659752582103,0.));
#6415 = ADVANCED_FACE('',(#6416),#6517,.F.);
#6416 = FACE_BOUND('',#6417,.T.);
#6417 = EDGE_LOOP('',(#6418,#6419,#6420,#6421,#6422,#6423,#6424,#6425,
    #6426,#6427,#6428,#6429,#6430,#6431,#6432,#6433,#6434,#6435,#6436,
    #6437,#6438,#6439,#6440,#6441,#6442,#6443,#6444,#6445,#6446,#6447,
    #6448,#6449,#6450,#6451,#6452,#6453,#6454,#6455,#6456,#6457,#6458,
    #6459,#6460,#6461,#6462,#6463,#6464,#6465,#6466,#6467,#6468,#6469,
    #6470,#6471,#6472,#6473,#6474,#6475,#6476,#6477,#6478,#6479,#6480,
    #6481,#6482,#6483,#6484,#6485,#6486,#6487,#6488,#6489,#6490,#6491,
    #6492,#6493,#6494,#6495,#6496,#6497,#6498,#6499,#6500,#6501,#6502,
    #6503,#6504,#6505,#6506,#6507,#6508,#6509,#6510,#6511,#6512,#6513,
    #6514,#6515,#6516));
#6418 = ORIENTED_EDGE('',*,*,#3376,.T.);
#6419 = ORIENTED_EDGE('',*,*,#3407,.T.);
#6420 = ORIENTED_EDGE('',*,*,#3438,.T.);
#6421 = ORIENTED_EDGE('',*,*,#3469,.T.);
#6422 = ORIENTED_EDGE('',*,*,#3500,.T.);
#6423 = ORIENTED_EDGE('',*,*,#3531,.T.);
#6424 = ORIENTED_EDGE('',*,*,#3562,.T.);
#6425 = ORIENTED_EDGE('',*,*,#3593,.T.);
#6426 = ORIENTED_EDGE('',*,*,#3624,.T.);
#6427 = ORIENTED_EDGE('',*,*,#3655,.T.);
#6428 = ORIENTED_EDGE('',*,*,#3686,.T.);
#6429 = ORIENTED_EDGE('',*,*,#3717,.T.);
#6430 = ORIENTED_EDGE('',*,*,#3748,.T.);
#6431 = ORIENTED_EDGE('',*,*,#3779,.T.);
#6432 = ORIENTED_EDGE('',*,*,#3810,.T.);
#6433 = ORIENTED_EDGE('',*,*,#3841,.T.);
#6434 = ORIENTED_EDGE('',*,*,#3872,.T.);
#6435 = ORIENTED_EDGE('',*,*,#3903,.T.);
#6436 = ORIENTED_EDGE('',*,*,#3934,.T.);
#6437 = ORIENTED_EDGE('',*,*,#3965,.T.);
#6438 = ORIENTED_EDGE('',*,*,#3996,.T.);
#6439 = ORIENTED_EDGE('',*,*,#4027,.T.);
#6440 = ORIENTED_EDGE('',*,*,#4058,.T.);
#6441 = ORIENTED_EDGE('',*,*,#4089,.T.);
#6442 = ORIENTED_EDGE('',*,*,#4120,.T.);
#6443 = ORIENTED_EDGE('',*,*,#4151,.T.);
#6444 = ORIENTED_EDGE('',*,*,#4182,.T.);
#6445 = ORIENTED_EDGE('',*,*,#4213,.T.);
#6446 = ORIENTED_EDGE('',*,*,#4244,.T.);
#6447 = ORIENTED_EDGE('',*,*,#4275,.T.);
#6448 = ORIENTED_EDGE('',*,*,#4306,.T.);
#6449 = ORIENTED_EDGE('',*,*,#4337,.T.);
#6450 = ORIENTED_EDGE('',*,*,#4368,.T.);
#6451 = ORIENTED_EDGE('',*,*,#4399,.T.);
#6452 = ORIENTED_EDGE('',*,*,#4430,.T.);
#6453 = ORIENTED_EDGE('',*,*,#4461,.T.);
#6454 = ORIENTED_EDGE('',*,*,#4492,.T.);
#6455 = ORIENTED_EDGE('',*,*,#4523,.T.);
#6456 = ORIENTED_EDGE('',*,*,#4554,.T.);
#6457 = ORIENTED_EDGE('',*,*,#4585,.T.);
#6458 = ORIENTED_EDGE('',*,*,#4616,.T.);
#6459 = ORIENTED_EDGE('',*,*,#4647,.T.);
#6460 = ORIENTED_EDGE('',*,*,#4678,.T.);
#6461 = ORIENTED_EDGE('',*,*,#4709,.T.);
#6462 = ORIENTED_EDGE('',*,*,#4740,.T.);
#6463 = ORIENTED_EDGE('',*,*,#4771,.T.);
#6464 = ORIENTED_EDGE('',*,*,#4802,.T.);
#6465 = ORIENTED_EDGE('',*,*,#4833,.T.);
#6466 = ORIENTED_EDGE('',*,*,#4864,.T.);
#6467 = ORIENTED_EDGE('',*,*,#4895,.T.);
#6468 = ORIENTED_EDGE('',*,*,#4926,.T.);
#6469 = ORIENTED_EDGE('',*,*,#4957,.T.);
#6470 = ORIENTED_EDGE('',*,*,#4988,.T.);
#6471 = ORIENTED_EDGE('',*,*,#5019,.T.);
#6472 = ORIENTED_EDGE('',*,*,#5050,.T.);
#6473 = ORIENTED_EDGE('',*,*,#5081,.T.);
#6474 = ORIENTED_EDGE('',*,*,#5112,.T.);
#6475 = ORIENTED_EDGE('',*,*,#5143,.T.);
#6476 = ORIENTED_EDGE('',*,*,#5174,.T.);
#6477 = ORIENTED_EDGE('',*,*,#5205,.T.);
#6478 = ORIENTED_EDGE('',*,*,#5236,.T.);
#6479 = ORIENTED_EDGE('',*,*,#5267,.T.);
#6480 = ORIENTED_EDGE('',*,*,#5298,.T.);
#6481 = ORIENTED_EDGE('',*,*,#5329,.T.);
#6482 = ORIENTED_EDGE('',*,*,#5360,.T.);
#6483 = ORIENTED_EDGE('',*,*,#5391,.T.);
#6484 = ORIENTED_EDGE('',*,*,#5422,.T.);
#6485 = ORIENTED_EDGE('',*,*,#5453,.T.);
#6486 = ORIENTED_EDGE('',*,*,#5484,.T.);
#6487 = ORIENTED_EDGE('',*,*,#5515,.T.);
#6488 = ORIENTED_EDGE('',*,*,#5546,.T.);
#6489 = ORIENTED_EDGE('',*,*,#5577,.T.);
#6490 = ORIENTED_EDGE('',*,*,#5608,.T.);
#6491 = ORIENTED_EDGE('',*,*,#5639,.T.);
#6492 = ORIENTED_EDGE('',*,*,#5670,.T.);
#6493 = ORIENTED_EDGE('',*,*,#5701,.T.);
#6494 = ORIENTED_EDGE('',*,*,#5732,.T.);
#6495 = ORIENTED_EDGE('',*,*,#5763,.T.);
#6496 = ORIENTED_EDGE('',*,*,#5794,.T.);
#6497 = ORIENTED_EDGE('',*,*,#5825,.T.);
#6498 = ORIENTED_EDGE('',*,*,#5856,.T.);
#6499 = ORIENTED_EDGE('',*,*,#5887,.T.);
#6500 = ORIENTED_EDGE('',*,*,#5918,.T.);
#6501 = ORIENTED_EDGE('',*,*,#5949,.T.);
#6502 = ORIENTED_EDGE('',*,*,#5980,.T.);
#6503 = ORIENTED_EDGE('',*,*,#6011,.T.);
#6504 = ORIENTED_EDGE('',*,*,#6042,.T.);
#6505 = ORIENTED_EDGE('',*,*,#6073,.T.);
#6506 = ORIENTED_EDGE('',*,*,#6104,.T.);
#6507 = ORIENTED_EDGE('',*,*,#6135,.T.);
#6508 = ORIENTED_EDGE('',*,*,#6166,.T.);
#6509 = ORIENTED_EDGE('',*,*,#6197,.T.);
#6510 = ORIENTED_EDGE('',*,*,#6228,.T.);
#6511 = ORIENTED_EDGE('',*,*,#6259,.T.);
#6512 = ORIENTED_EDGE('',*,*,#6290,.T.);
#6513 = ORIENTED_EDGE('',*,*,#6321,.T.);
#6514 = ORIENTED_EDGE('',*,*,#6352,.T.);
#6515 = ORIENTED_EDGE('',*,*,#6383,.T.);
#6516 = ORIENTED_EDGE('',*,*,#6405,.T.);
#6517 = PLANE('',#6518);
#6518 = AXIS2_PLACEMENT_3D('',#6519,#6520,#6521);
#6519 = CARTESIAN_POINT('',(0.,0.,0.));
#6520 = DIRECTION('',(0.,0.,1.));
#6521 = DIRECTION('',(1.,0.,-0.));
#6522 = ADVANCED_FACE('',(#6523),#6624,.T.);
#6523 = FACE_BOUND('',#6524,.F.);
#6524 = EDGE_LOOP('',(#6525,#6526,#6527,#6528,#6529,#6530,#6531,#6532,
    #6533,#6534,#6535,#6536,#6537,#6538,#6539,#6540,#6541,#6542,#6543,
    #6544,#6545,#6546,#6547,#6548,#6549,#6550,#6551,#6552,#6553,#6554,
    #6555,#6556,#6557,#6558,#6559,#6560,#6561,#6562,#6563,#6564,#6565,
    #6566,#6567,#6568,#6569,#6570,#6571,#6572,#6573,#6574,#6575,#6576,
    #6577,#6578,#6579,#6580,#6581,#6582,#6583,#6584,#6585,#6586,#6587,
    #6588,#6589,#6590,#6591,#6592,#6593,#6594,#6595,#6596,#6597,#6598,
    #6599,#6600,#6601,#6602,#6603,#6604,#6605,#6606,#6607,#6608,#6609,
    #6610,#6611,#6612,#6613,#6614,#6615,#6616,#6617,#6618,#6619,#6620,
    #6621,#6622,#6623));
#6525 = ORIENTED_EDGE('',*,*,#3360,.T.);
#6526 = ORIENTED_EDGE('',*,*,#3391,.T.);
#6527 = ORIENTED_EDGE('',*,*,#3422,.T.);
#6528 = ORIENTED_EDGE('',*,*,#3453,.T.);
#6529 = ORIENTED_EDGE('',*,*,#3484,.T.);
#6530 = ORIENTED_EDGE('',*,*,#3515,.T.);
#6531 = ORIENTED_EDGE('',*,*,#3546,.T.);
#6532 = ORIENTED_EDGE('',*,*,#3577,.T.);
#6533 = ORIENTED_EDGE('',*,*,#3608,.T.);
#6534 = ORIENTED_EDGE('',*,*,#3639,.T.);
#6535 = ORIENTED_EDGE('',*,*,#3670,.T.);
#6536 = ORIENTED_EDGE('',*,*,#3701,.T.);
#6537 = ORIENTED_EDGE('',*,*,#3732,.T.);
#6538 = ORIENTED_EDGE('',*,*,#3763,.T.);
#6539 = ORIENTED_EDGE('',*,*,#3794,.T.);
#6540 = ORIENTED_EDGE('',*,*,#3825,.T.);
#6541 = ORIENTED_EDGE('',*,*,#3856,.T.);
#6542 = ORIENTED_EDGE('',*,*,#3887,.T.);
#6543 = ORIENTED_EDGE('',*,*,#3918,.T.);
#6544 = ORIENTED_EDGE('',*,*,#3949,.T.);
#6545 = ORIENTED_EDGE('',*,*,#3980,.T.);
#6546 = ORIENTED_EDGE('',*,*,#4011,.T.);
#6547 = ORIENTED_EDGE('',*,*,#4042,.T.);
#6548 = ORIENTED_EDGE('',*,*,#4073,.T.);
#6549 = ORIENTED_EDGE('',*,*,#4104,.T.);
#6550 = ORIENTED_EDGE('',*,*,#4135,.T.);
#6551 = ORIENTED_EDGE('',*,*,#4166,.T.);
#6552 = ORIENTED_EDGE('',*,*,#4197,.T.);
#6553 = ORIENTED_EDGE('',*,*,#4228,.T.);
#6554 = ORIENTED_EDGE('',*,*,#4259,.T.);
#6555 = ORIENTED_EDGE('',*,*,#4290,.T.);
#6556 = ORIENTED_EDGE('',*,*,#4321,.T.);
#6557 = ORIENTED_EDGE('',*,*,#4352,.T.);
#6558 = ORIENTED_EDGE('',*,*,#4383,.T.);
#6559 = ORIENTED_EDGE('',*,*,#4414,.T.);
#6560 = ORIENTED_EDGE('',*,*,#4445,.T.);
#6561 = ORIENTED_EDGE('',*,*,#4476,.T.);
#6562 = ORIENTED_EDGE('',*,*,#4507,.T.);
#6563 = ORIENTED_EDGE('',*,*,#4538,.T.);
#6564 = ORIENTED_EDGE('',*,*,#4569,.T.);
#6565 = ORIENTED_EDGE('',*,*,#4600,.T.);
#6566 = ORIENTED_EDGE('',*,*,#4631,.T.);
#6567 = ORIENTED_EDGE('',*,*,#4662,.T.);
#6568 = ORIENTED_EDGE('',*,*,#4693,.T.);
#6569 = ORIENTED_EDGE('',*,*,#4724,.T.);
#6570 = ORIENTED_EDGE('',*,*,#4755,.T.);
#6571 = ORIENTED_EDGE('',*,*,#4786,.T.);
#6572 = ORIENTED_EDGE('',*,*,#4817,.T.);
#6573 = ORIENTED_EDGE('',*,*,#4848,.T.);
#6574 = ORIENTED_EDGE('',*,*,#4879,.T.);
#6575 = ORIENTED_EDGE('',*,*,#4910,.T.);
#6576 = ORIENTED_EDGE('',*,*,#4941,.T.);
#6577 = ORIENTED_EDGE('',*,*,#4972,.T.);
#6578 = ORIENTED_EDGE('',*,*,#5003,.T.);
#6579 = ORIENTED_EDGE('',*,*,#5034,.T.);
#6580 = ORIENTED_EDGE('',*,*,#5065,.T.);
#6581 = ORIENTED_EDGE('',*,*,#5096,.T.);
#6582 = ORIENTED_EDGE('',*,*,#5127,.T.);
#6583 = ORIENTED_EDGE('',*,*,#5158,.T.);
#6584 = ORIENTED_EDGE('',*,*,#5189,.T.);
#6585 = ORIENTED_EDGE('',*,*,#5220,.T.);
#6586 = ORIENTED_EDGE('',*,*,#5251,.T.);
#6587 = ORIENTED_EDGE('',*,*,#5282,.T.);
#6588 = ORIENTED_EDGE('',*,*,#5313,.T.);
#6589 = ORIENTED_EDGE('',*,*,#5344,.T.);
#6590 = ORIENTED_EDGE('',*,*,#5375,.T.);
#6591 = ORIENTED_EDGE('',*,*,#5406,.T.);
#6592 = ORIENTED_EDGE('',*,*,#5437,.T.);
#6593 = ORIENTED_EDGE('',*,*,#5468,.T.);
#6594 = ORIENTED_EDGE('',*,*,#5499,.T.);
#6595 = ORIENTED_EDGE('',*,*,#5530,.T.);
#6596 = ORIENTED_EDGE('',*,*,#5561,.T.);
#6597 = ORIENTED_EDGE('',*,*,#5592,.T.);
#6598 = ORIENTED_EDGE('',*,*,#5623,.T.);
#6599 = ORIENTED_EDGE('',*,*,#5654,.T.);
#6600 = ORIENTED_EDGE('',*,*,#5685,.T.);
#6601 = ORIENTED_EDGE('',*,*,#5716,.T.);
#6602 = ORIENTED_EDGE('',*,*,#5747,.T.);
#6603 = ORIENTED_EDGE('',*,*,#5778,.T.);
#6604 = ORIENTED_EDGE('',*,*,#5809,.T.);
#6605 = ORIENTED_EDGE('',*,*,#5840,.T.);
#6606 = ORIENTED_EDGE('',*,*,#5871,.T.);
#6607 = ORIENTED_EDGE('',*,*,#5902,.T.);
#6608 = ORIENTED_EDGE('',*,*,#5933,.T.);
#6609 = ORIENTED_EDGE('',*,*,#5964,.T.);
#6610 = ORIENTED_EDGE('',*,*,#5995,.T.);
#6611 = ORIENTED_EDGE('',*,*,#6026,.T.);
#6612 = ORIENTED_EDGE('',*,*,#6057,.T.);
#6613 = ORIENTED_EDGE('',*,*,#6088,.T.);
#6614 = ORIENTED_EDGE('',*,*,#6119,.T.);
#6615 = ORIENTED_EDGE('',*,*,#6150,.T.);
#6616 = ORIENTED_EDGE('',*,*,#6181,.T.);
#6617 = ORIENTED_EDGE('',*,*,#6212,.T.);
#6618 = ORIENTED_EDGE('',*,*,#6243,.T.);
#6619 = ORIENTED_EDGE('',*,*,#6274,.T.);
#6620 = ORIENTED_EDGE('',*,*,#6305,.T.);
#6621 = ORIENTED_EDGE('',*,*,#6336,.T.);
#6622 = ORIENTED_EDGE('',*,*,#6367,.T.);
#6623 = ORIENTED_EDGE('',*,*,#6398,.T.);
#6624 = PLANE('',#6625);
#6625 = AXIS2_PLACEMENT_3D('',#6626,#6627,#6628);
#6626 = CARTESIAN_POINT('',(0.,0.,1.51));
#6627 = DIRECTION('',(0.,0.,1.));
#6628 = DIRECTION('',(1.,0.,-0.));
#6629 = ( GEOMETRIC_REPRESENTATION_CONTEXT(3) 
GLOBAL_UNCERTAINTY_ASSIGNED_CONTEXT((#6633)) 
GLOBAL_UNIT_ASSIGNED_CONTEXT((#6630,#6631,#6632)) REPRESENTATION_CONTEXT
('Context #1','3D Context with UNIT and UNCERTAINTY') );
#6630 = ( LENGTH_UNIT() NAMED_UNIT(*) SI_UNIT(.MILLI.,.METRE.) );
#6631 = ( NAMED_UNIT(*) PLANE_ANGLE_UNIT() SI_UNIT($,.RADIAN.) );
#6632 = ( NAMED_UNIT(*) SI_UNIT($,.STERADIAN.) SOLID_ANGLE_UNIT() );
#6633 = UNCERTAINTY_MEASURE_WITH_UNIT(LENGTH_MEASURE(1.E-07),#6630,
  'distance_accuracy_value','confusion accuracy');
#6634 = CONTEXT_DEPENDENT_SHAPE_REPRESENTATION(#6635,#6637);
#6635 = ( REPRESENTATION_RELATIONSHIP('','',#3343,#10) 
REPRESENTATION_RELATIONSHIP_WITH_TRANSFORMATION(#6636) 
SHAPE_REPRESENTATION_RELATIONSHIP() );
#6636 = ITEM_DEFINED_TRANSFORMATION('','',#11,#87);
#6637 = PRODUCT_DEFINITION_SHAPE('Placement','Placement of an item',
  #6638);
#6638 = NEXT_ASSEMBLY_USAGE_OCCURRENCE('19','=>[0:1:1:4]','',#5,#3338,$
  );
#6639 = PRODUCT_RELATED_PRODUCT_CATEGORY('part',$,(#3340));
#6640 = MECHANICAL_DESIGN_GEOMETRIC_PRESENTATION_REPRESENTATION('',(
    #6641,#6649,#6656,#6663,#6670,#6677,#6684,#6691,#6698,#6705,#6712,
    #6720,#6727,#6734,#6741,#6748,#6755,#6762,#6769,#6776,#6783,#6790,
    #6797,#6804,#6811,#6818,#6825,#6832),#959);
#6641 = STYLED_ITEM('color',(#6642),#107);
#6642 = PRESENTATION_STYLE_ASSIGNMENT((#6643));
#6643 = SURFACE_STYLE_USAGE(.BOTH.,#6644);
#6644 = SURFACE_SIDE_STYLE('',(#6645));
#6645 = SURFACE_STYLE_FILL_AREA(#6646);
#6646 = FILL_AREA_STYLE('',(#6647));
#6647 = FILL_AREA_STYLE_COLOUR('',#6648);
#6648 = COLOUR_RGB('',0.823999987314,0.819999987296,0.781000009244);
#6649 = STYLED_ITEM('color',(#6650),#183);
#6650 = PRESENTATION_STYLE_ASSIGNMENT((#6651));
#6651 = SURFACE_STYLE_USAGE(.BOTH.,#6652);
#6652 = SURFACE_SIDE_STYLE('',(#6653));
#6653 = SURFACE_STYLE_FILL_AREA(#6654);
#6654 = FILL_AREA_STYLE('',(#6655));
#6655 = FILL_AREA_STYLE_COLOUR('',#6648);
#6656 = STYLED_ITEM('color',(#6657),#214);
#6657 = PRESENTATION_STYLE_ASSIGNMENT((#6658));
#6658 = SURFACE_STYLE_USAGE(.BOTH.,#6659);
#6659 = SURFACE_SIDE_STYLE('',(#6660));
#6660 = SURFACE_STYLE_FILL_AREA(#6661);
#6661 = FILL_AREA_STYLE('',(#6662));
#6662 = FILL_AREA_STYLE_COLOUR('',#6648);
#6663 = STYLED_ITEM('color',(#6664),#239);
#6664 = PRESENTATION_STYLE_ASSIGNMENT((#6665));
#6665 = SURFACE_STYLE_USAGE(.BOTH.,#6666);
#6666 = SURFACE_SIDE_STYLE('',(#6667));
#6667 = SURFACE_STYLE_FILL_AREA(#6668);
#6668 = FILL_AREA_STYLE('',(#6669));
#6669 = FILL_AREA_STYLE_COLOUR('',#6648);
#6670 = STYLED_ITEM('color',(#6671),#264);
#6671 = PRESENTATION_STYLE_ASSIGNMENT((#6672));
#6672 = SURFACE_STYLE_USAGE(.BOTH.,#6673);
#6673 = SURFACE_SIDE_STYLE('',(#6674));
#6674 = SURFACE_STYLE_FILL_AREA(#6675);
#6675 = FILL_AREA_STYLE('',(#6676));
#6676 = FILL_AREA_STYLE_COLOUR('',#6648);
#6677 = STYLED_ITEM('color',(#6678),#288);
#6678 = PRESENTATION_STYLE_ASSIGNMENT((#6679));
#6679 = SURFACE_STYLE_USAGE(.BOTH.,#6680);
#6680 = SURFACE_SIDE_STYLE('',(#6681));
#6681 = SURFACE_STYLE_FILL_AREA(#6682);
#6682 = FILL_AREA_STYLE('',(#6683));
#6683 = FILL_AREA_STYLE_COLOUR('',#6648);
#6684 = STYLED_ITEM('color',(#6685),#312);
#6685 = PRESENTATION_STYLE_ASSIGNMENT((#6686));
#6686 = SURFACE_STYLE_USAGE(.BOTH.,#6687);
#6687 = SURFACE_SIDE_STYLE('',(#6688));
#6688 = SURFACE_STYLE_FILL_AREA(#6689);
#6689 = FILL_AREA_STYLE('',(#6690));
#6690 = FILL_AREA_STYLE_COLOUR('',#6648);
#6691 = STYLED_ITEM('color',(#6692),#337);
#6692 = PRESENTATION_STYLE_ASSIGNMENT((#6693));
#6693 = SURFACE_STYLE_USAGE(.BOTH.,#6694);
#6694 = SURFACE_SIDE_STYLE('',(#6695));
#6695 = SURFACE_STYLE_FILL_AREA(#6696);
#6696 = FILL_AREA_STYLE('',(#6697));
#6697 = FILL_AREA_STYLE_COLOUR('',#6648);
#6698 = STYLED_ITEM('color',(#6699),#362);
#6699 = PRESENTATION_STYLE_ASSIGNMENT((#6700));
#6700 = SURFACE_STYLE_USAGE(.BOTH.,#6701);
#6701 = SURFACE_SIDE_STYLE('',(#6702));
#6702 = SURFACE_STYLE_FILL_AREA(#6703);
#6703 = FILL_AREA_STYLE('',(#6704));
#6704 = FILL_AREA_STYLE_COLOUR('',#6648);
#6705 = STYLED_ITEM('color',(#6706),#379);
#6706 = PRESENTATION_STYLE_ASSIGNMENT((#6707));
#6707 = SURFACE_STYLE_USAGE(.BOTH.,#6708);
#6708 = SURFACE_SIDE_STYLE('',(#6709));
#6709 = SURFACE_STYLE_FILL_AREA(#6710);
#6710 = FILL_AREA_STYLE('',(#6711));
#6711 = FILL_AREA_STYLE_COLOUR('',#6648);
#6712 = STYLED_ITEM('color',(#6713),#465);
#6713 = PRESENTATION_STYLE_ASSIGNMENT((#6714));
#6714 = SURFACE_STYLE_USAGE(.BOTH.,#6715);
#6715 = SURFACE_SIDE_STYLE('',(#6716));
#6716 = SURFACE_STYLE_FILL_AREA(#6717);
#6717 = FILL_AREA_STYLE('',(#6718));
#6718 = FILL_AREA_STYLE_COLOUR('',#6719);
#6719 = COLOUR_RGB('',0.379000005575,0.270000008848,0.214999999939);
#6720 = STYLED_ITEM('color',(#6721),#497);
#6721 = PRESENTATION_STYLE_ASSIGNMENT((#6722));
#6722 = SURFACE_STYLE_USAGE(.BOTH.,#6723);
#6723 = SURFACE_SIDE_STYLE('',(#6724));
#6724 = SURFACE_STYLE_FILL_AREA(#6725);
#6725 = FILL_AREA_STYLE('',(#6726));
#6726 = FILL_AREA_STYLE_COLOUR('',#6719);
#6727 = STYLED_ITEM('color',(#6728),#521);
#6728 = PRESENTATION_STYLE_ASSIGNMENT((#6729));
#6729 = SURFACE_STYLE_USAGE(.BOTH.,#6730);
#6730 = SURFACE_SIDE_STYLE('',(#6731));
#6731 = SURFACE_STYLE_FILL_AREA(#6732);
#6732 = FILL_AREA_STYLE('',(#6733));
#6733 = FILL_AREA_STYLE_COLOUR('',#6719);
#6734 = STYLED_ITEM('color',(#6735),#546);
#6735 = PRESENTATION_STYLE_ASSIGNMENT((#6736));
#6736 = SURFACE_STYLE_USAGE(.BOTH.,#6737);
#6737 = SURFACE_SIDE_STYLE('',(#6738));
#6738 = SURFACE_STYLE_FILL_AREA(#6739);
#6739 = FILL_AREA_STYLE('',(#6740));
#6740 = FILL_AREA_STYLE_COLOUR('',#6719);
#6741 = STYLED_ITEM('color',(#6742),#570);
#6742 = PRESENTATION_STYLE_ASSIGNMENT((#6743));
#6743 = SURFACE_STYLE_USAGE(.BOTH.,#6744);
#6744 = SURFACE_SIDE_STYLE('',(#6745));
#6745 = SURFACE_STYLE_FILL_AREA(#6746);
#6746 = FILL_AREA_STYLE('',(#6747));
#6747 = FILL_AREA_STYLE_COLOUR('',#6719);
#6748 = STYLED_ITEM('color',(#6749),#595);
#6749 = PRESENTATION_STYLE_ASSIGNMENT((#6750));
#6750 = SURFACE_STYLE_USAGE(.BOTH.,#6751);
#6751 = SURFACE_SIDE_STYLE('',(#6752));
#6752 = SURFACE_STYLE_FILL_AREA(#6753);
#6753 = FILL_AREA_STYLE('',(#6754));
#6754 = FILL_AREA_STYLE_COLOUR('',#6719);
#6755 = STYLED_ITEM('color',(#6756),#619);
#6756 = PRESENTATION_STYLE_ASSIGNMENT((#6757));
#6757 = SURFACE_STYLE_USAGE(.BOTH.,#6758);
#6758 = SURFACE_SIDE_STYLE('',(#6759));
#6759 = SURFACE_STYLE_FILL_AREA(#6760);
#6760 = FILL_AREA_STYLE('',(#6761));
#6761 = FILL_AREA_STYLE_COLOUR('',#6719);
#6762 = STYLED_ITEM('color',(#6763),#644);
#6763 = PRESENTATION_STYLE_ASSIGNMENT((#6764));
#6764 = SURFACE_STYLE_USAGE(.BOTH.,#6765);
#6765 = SURFACE_SIDE_STYLE('',(#6766));
#6766 = SURFACE_STYLE_FILL_AREA(#6767);
#6767 = FILL_AREA_STYLE('',(#6768));
#6768 = FILL_AREA_STYLE_COLOUR('',#6719);
#6769 = STYLED_ITEM('color',(#6770),#661);
#6770 = PRESENTATION_STYLE_ASSIGNMENT((#6771));
#6771 = SURFACE_STYLE_USAGE(.BOTH.,#6772);
#6772 = SURFACE_SIDE_STYLE('',(#6773));
#6773 = SURFACE_STYLE_FILL_AREA(#6774);
#6774 = FILL_AREA_STYLE('',(#6775));
#6775 = FILL_AREA_STYLE_COLOUR('',#6648);
#6776 = STYLED_ITEM('color',(#6777),#747);
#6777 = PRESENTATION_STYLE_ASSIGNMENT((#6778));
#6778 = SURFACE_STYLE_USAGE(.BOTH.,#6779);
#6779 = SURFACE_SIDE_STYLE('',(#6780));
#6780 = SURFACE_STYLE_FILL_AREA(#6781);
#6781 = FILL_AREA_STYLE('',(#6782));
#6782 = FILL_AREA_STYLE_COLOUR('',#6648);
#6783 = STYLED_ITEM('color',(#6784),#778);
#6784 = PRESENTATION_STYLE_ASSIGNMENT((#6785));
#6785 = SURFACE_STYLE_USAGE(.BOTH.,#6786);
#6786 = SURFACE_SIDE_STYLE('',(#6787));
#6787 = SURFACE_STYLE_FILL_AREA(#6788);
#6788 = FILL_AREA_STYLE('',(#6789));
#6789 = FILL_AREA_STYLE_COLOUR('',#6648);
#6790 = STYLED_ITEM('color',(#6791),#803);
#6791 = PRESENTATION_STYLE_ASSIGNMENT((#6792));
#6792 = SURFACE_STYLE_USAGE(.BOTH.,#6793);
#6793 = SURFACE_SIDE_STYLE('',(#6794));
#6794 = SURFACE_STYLE_FILL_AREA(#6795);
#6795 = FILL_AREA_STYLE('',(#6796));
#6796 = FILL_AREA_STYLE_COLOUR('',#6648);
#6797 = STYLED_ITEM('color',(#6798),#828);
#6798 = PRESENTATION_STYLE_ASSIGNMENT((#6799));
#6799 = SURFACE_STYLE_USAGE(.BOTH.,#6800);
#6800 = SURFACE_SIDE_STYLE('',(#6801));
#6801 = SURFACE_STYLE_FILL_AREA(#6802);
#6802 = FILL_AREA_STYLE('',(#6803));
#6803 = FILL_AREA_STYLE_COLOUR('',#6648);
#6804 = STYLED_ITEM('color',(#6805),#852);
#6805 = PRESENTATION_STYLE_ASSIGNMENT((#6806));
#6806 = SURFACE_STYLE_USAGE(.BOTH.,#6807);
#6807 = SURFACE_SIDE_STYLE('',(#6808));
#6808 = SURFACE_STYLE_FILL_AREA(#6809);
#6809 = FILL_AREA_STYLE('',(#6810));
#6810 = FILL_AREA_STYLE_COLOUR('',#6648);
#6811 = STYLED_ITEM('color',(#6812),#876);
#6812 = PRESENTATION_STYLE_ASSIGNMENT((#6813));
#6813 = SURFACE_STYLE_USAGE(.BOTH.,#6814);
#6814 = SURFACE_SIDE_STYLE('',(#6815));
#6815 = SURFACE_STYLE_FILL_AREA(#6816);
#6816 = FILL_AREA_STYLE('',(#6817));
#6817 = FILL_AREA_STYLE_COLOUR('',#6648);
#6818 = STYLED_ITEM('color',(#6819),#901);
#6819 = PRESENTATION_STYLE_ASSIGNMENT((#6820));
#6820 = SURFACE_STYLE_USAGE(.BOTH.,#6821);
#6821 = SURFACE_SIDE_STYLE('',(#6822));
#6822 = SURFACE_STYLE_FILL_AREA(#6823);
#6823 = FILL_AREA_STYLE('',(#6824));
#6824 = FILL_AREA_STYLE_COLOUR('',#6648);
#6825 = STYLED_ITEM('color',(#6826),#926);
#6826 = PRESENTATION_STYLE_ASSIGNMENT((#6827));
#6827 = SURFACE_STYLE_USAGE(.BOTH.,#6828);
#6828 = SURFACE_SIDE_STYLE('',(#6829));
#6829 = SURFACE_STYLE_FILL_AREA(#6830);
#6830 = FILL_AREA_STYLE('',(#6831));
#6831 = FILL_AREA_STYLE_COLOUR('',#6648);
#6832 = STYLED_ITEM('color',(#6833),#943);
#6833 = PRESENTATION_STYLE_ASSIGNMENT((#6834));
#6834 = SURFACE_STYLE_USAGE(.BOTH.,#6835);
#6835 = SURFACE_SIDE_STYLE('',(#6836));
#6836 = SURFACE_STYLE_FILL_AREA(#6837);
#6837 = FILL_AREA_STYLE('',(#6838));
#6838 = FILL_AREA_STYLE_COLOUR('',#6648);
#6839 = MECHANICAL_DESIGN_GEOMETRIC_PRESENTATION_REPRESENTATION('',(
    #6840),#6629);
#6840 = STYLED_ITEM('color',(#6841),#3344);
#6841 = PRESENTATION_STYLE_ASSIGNMENT((#6842));
#6842 = SURFACE_STYLE_USAGE(.BOTH.,#6843);
#6843 = SURFACE_SIDE_STYLE('',(#6844));
#6844 = SURFACE_STYLE_FILL_AREA(#6845);
#6845 = FILL_AREA_STYLE('',(#6846));
#6846 = FILL_AREA_STYLE_COLOUR('',#6847);
#6847 = COLOUR_RGB('',0.313304153717,0.484529207832,0.410020903123);
#6848 = MECHANICAL_DESIGN_GEOMETRIC_PRESENTATION_REPRESENTATION('',(
    #6849,#6857,#6864,#6871,#6878,#6885,#6892,#6899,#6906,#6913,#6920,
    #6927,#6934,#6941,#6949,#6956,#6963,#6970,#6977,#6984,#6991,#6998,
    #7005,#7012,#7019,#7026,#7033,#7040,#7047,#7054,#7061,#7068,#7075,
    #7082,#7089,#7096,#7103,#7110,#7117,#7124,#7131,#7138,#7145,#7152,
    #7159,#7166,#7173,#7180,#7187,#7194,#7201,#7208,#7215,#7222,#7229,
    #7236,#7243,#7250,#7257,#7264,#7271,#7278,#7285,#7292,#7299,#7306,
    #7313,#7320),#3250);
#6849 = STYLED_ITEM('color',(#6850),#985);
#6850 = PRESENTATION_STYLE_ASSIGNMENT((#6851));
#6851 = SURFACE_STYLE_USAGE(.BOTH.,#6852);
#6852 = SURFACE_SIDE_STYLE('',(#6853));
#6853 = SURFACE_STYLE_FILL_AREA(#6854);
#6854 = FILL_AREA_STYLE('',(#6855));
#6855 = FILL_AREA_STYLE_COLOUR('',#6856);
#6856 = COLOUR_RGB('',0.893999996942,0.890999961016,0.813000030345);
#6857 = STYLED_ITEM('color',(#6858),#1044);
#6858 = PRESENTATION_STYLE_ASSIGNMENT((#6859));
#6859 = SURFACE_STYLE_USAGE(.BOTH.,#6860);
#6860 = SURFACE_SIDE_STYLE('',(#6861));
#6861 = SURFACE_STYLE_FILL_AREA(#6862);
#6862 = FILL_AREA_STYLE('',(#6863));
#6863 = FILL_AREA_STYLE_COLOUR('',#6856);
#6864 = STYLED_ITEM('color',(#6865),#1069);
#6865 = PRESENTATION_STYLE_ASSIGNMENT((#6866));
#6866 = SURFACE_STYLE_USAGE(.BOTH.,#6867);
#6867 = SURFACE_SIDE_STYLE('',(#6868));
#6868 = SURFACE_STYLE_FILL_AREA(#6869);
#6869 = FILL_AREA_STYLE('',(#6870));
#6870 = FILL_AREA_STYLE_COLOUR('',#6856);
#6871 = STYLED_ITEM('color',(#6872),#1102);
#6872 = PRESENTATION_STYLE_ASSIGNMENT((#6873));
#6873 = SURFACE_STYLE_USAGE(.BOTH.,#6874);
#6874 = SURFACE_SIDE_STYLE('',(#6875));
#6875 = SURFACE_STYLE_FILL_AREA(#6876);
#6876 = FILL_AREA_STYLE('',(#6877));
#6877 = FILL_AREA_STYLE_COLOUR('',#6856);
#6878 = STYLED_ITEM('color',(#6879),#1127);
#6879 = PRESENTATION_STYLE_ASSIGNMENT((#6880));
#6880 = SURFACE_STYLE_USAGE(.BOTH.,#6881);
#6881 = SURFACE_SIDE_STYLE('',(#6882));
#6882 = SURFACE_STYLE_FILL_AREA(#6883);
#6883 = FILL_AREA_STYLE('',(#6884));
#6884 = FILL_AREA_STYLE_COLOUR('',#6856);
#6885 = STYLED_ITEM('color',(#6886),#1152);
#6886 = PRESENTATION_STYLE_ASSIGNMENT((#6887));
#6887 = SURFACE_STYLE_USAGE(.BOTH.,#6888);
#6888 = SURFACE_SIDE_STYLE('',(#6889));
#6889 = SURFACE_STYLE_FILL_AREA(#6890);
#6890 = FILL_AREA_STYLE('',(#6891));
#6891 = FILL_AREA_STYLE_COLOUR('',#6856);
#6892 = STYLED_ITEM('color',(#6893),#1177);
#6893 = PRESENTATION_STYLE_ASSIGNMENT((#6894));
#6894 = SURFACE_STYLE_USAGE(.BOTH.,#6895);
#6895 = SURFACE_SIDE_STYLE('',(#6896));
#6896 = SURFACE_STYLE_FILL_AREA(#6897);
#6897 = FILL_AREA_STYLE('',(#6898));
#6898 = FILL_AREA_STYLE_COLOUR('',#6856);
#6899 = STYLED_ITEM('color',(#6900),#1194);
#6900 = PRESENTATION_STYLE_ASSIGNMENT((#6901));
#6901 = SURFACE_STYLE_USAGE(.BOTH.,#6902);
#6902 = SURFACE_SIDE_STYLE('',(#6903));
#6903 = SURFACE_STYLE_FILL_AREA(#6904);
#6904 = FILL_AREA_STYLE('',(#6905));
#6905 = FILL_AREA_STYLE_COLOUR('',#6856);
#6906 = STYLED_ITEM('color',(#6907),#1219);
#6907 = PRESENTATION_STYLE_ASSIGNMENT((#6908));
#6908 = SURFACE_STYLE_USAGE(.BOTH.,#6909);
#6909 = SURFACE_SIDE_STYLE('',(#6910));
#6910 = SURFACE_STYLE_FILL_AREA(#6911);
#6911 = FILL_AREA_STYLE('',(#6912));
#6912 = FILL_AREA_STYLE_COLOUR('',#6856);
#6913 = STYLED_ITEM('color',(#6914),#1250);
#6914 = PRESENTATION_STYLE_ASSIGNMENT((#6915));
#6915 = SURFACE_STYLE_USAGE(.BOTH.,#6916);
#6916 = SURFACE_SIDE_STYLE('',(#6917));
#6917 = SURFACE_STYLE_FILL_AREA(#6918);
#6918 = FILL_AREA_STYLE('',(#6919));
#6919 = FILL_AREA_STYLE_COLOUR('',#6856);
#6920 = STYLED_ITEM('color',(#6921),#1290);
#6921 = PRESENTATION_STYLE_ASSIGNMENT((#6922));
#6922 = SURFACE_STYLE_USAGE(.BOTH.,#6923);
#6923 = SURFACE_SIDE_STYLE('',(#6924));
#6924 = SURFACE_STYLE_FILL_AREA(#6925);
#6925 = FILL_AREA_STYLE('',(#6926));
#6926 = FILL_AREA_STYLE_COLOUR('',#6856);
#6927 = STYLED_ITEM('color',(#6928),#1421);
#6928 = PRESENTATION_STYLE_ASSIGNMENT((#6929));
#6929 = SURFACE_STYLE_USAGE(.BOTH.,#6930);
#6930 = SURFACE_SIDE_STYLE('',(#6931));
#6931 = SURFACE_STYLE_FILL_AREA(#6932);
#6932 = FILL_AREA_STYLE('',(#6933));
#6933 = FILL_AREA_STYLE_COLOUR('',#6856);
#6934 = STYLED_ITEM('color',(#6935),#1545);
#6935 = PRESENTATION_STYLE_ASSIGNMENT((#6936));
#6936 = SURFACE_STYLE_USAGE(.BOTH.,#6937);
#6937 = SURFACE_SIDE_STYLE('',(#6938));
#6938 = SURFACE_STYLE_FILL_AREA(#6939);
#6939 = FILL_AREA_STYLE('',(#6940));
#6940 = FILL_AREA_STYLE_COLOUR('',#6856);
#6941 = STYLED_ITEM('color',(#6942),#1562);
#6942 = PRESENTATION_STYLE_ASSIGNMENT((#6943));
#6943 = SURFACE_STYLE_USAGE(.BOTH.,#6944);
#6944 = SURFACE_SIDE_STYLE('',(#6945));
#6945 = SURFACE_STYLE_FILL_AREA(#6946);
#6946 = FILL_AREA_STYLE('',(#6947));
#6947 = FILL_AREA_STYLE_COLOUR('',#6948);
#6948 = COLOUR_RGB('',0.136999991899,0.40200001271,0.726999997272);
#6949 = STYLED_ITEM('color',(#6950),#1571);
#6950 = PRESENTATION_STYLE_ASSIGNMENT((#6951));
#6951 = SURFACE_STYLE_USAGE(.BOTH.,#6952);
#6952 = SURFACE_SIDE_STYLE('',(#6953));
#6953 = SURFACE_STYLE_FILL_AREA(#6954);
#6954 = FILL_AREA_STYLE('',(#6955));
#6955 = FILL_AREA_STYLE_COLOUR('',#6856);
#6956 = STYLED_ITEM('color',(#6957),#1582);
#6957 = PRESENTATION_STYLE_ASSIGNMENT((#6958));
#6958 = SURFACE_STYLE_USAGE(.BOTH.,#6959);
#6959 = SURFACE_SIDE_STYLE('',(#6960));
#6960 = SURFACE_STYLE_FILL_AREA(#6961);
#6961 = FILL_AREA_STYLE('',(#6962));
#6962 = FILL_AREA_STYLE_COLOUR('',#6856);
#6963 = STYLED_ITEM('color',(#6964),#1750);
#6964 = PRESENTATION_STYLE_ASSIGNMENT((#6965));
#6965 = SURFACE_STYLE_USAGE(.BOTH.,#6966);
#6966 = SURFACE_SIDE_STYLE('',(#6967));
#6967 = SURFACE_STYLE_FILL_AREA(#6968);
#6968 = FILL_AREA_STYLE('',(#6969));
#6969 = FILL_AREA_STYLE_COLOUR('',#6648);
#6970 = STYLED_ITEM('color',(#6971),#1781);
#6971 = PRESENTATION_STYLE_ASSIGNMENT((#6972));
#6972 = SURFACE_STYLE_USAGE(.BOTH.,#6973);
#6973 = SURFACE_SIDE_STYLE('',(#6974));
#6974 = SURFACE_STYLE_FILL_AREA(#6975);
#6975 = FILL_AREA_STYLE('',(#6976));
#6976 = FILL_AREA_STYLE_COLOUR('',#6648);
#6977 = STYLED_ITEM('color',(#6978),#1812);
#6978 = PRESENTATION_STYLE_ASSIGNMENT((#6979));
#6979 = SURFACE_STYLE_USAGE(.BOTH.,#6980);
#6980 = SURFACE_SIDE_STYLE('',(#6981));
#6981 = SURFACE_STYLE_FILL_AREA(#6982);
#6982 = FILL_AREA_STYLE('',(#6983));
#6983 = FILL_AREA_STYLE_COLOUR('',#6648);
#6984 = STYLED_ITEM('color',(#6985),#1843);
#6985 = PRESENTATION_STYLE_ASSIGNMENT((#6986));
#6986 = SURFACE_STYLE_USAGE(.BOTH.,#6987);
#6987 = SURFACE_SIDE_STYLE('',(#6988));
#6988 = SURFACE_STYLE_FILL_AREA(#6989);
#6989 = FILL_AREA_STYLE('',(#6990));
#6990 = FILL_AREA_STYLE_COLOUR('',#6648);
#6991 = STYLED_ITEM('color',(#6992),#1928);
#6992 = PRESENTATION_STYLE_ASSIGNMENT((#6993));
#6993 = SURFACE_STYLE_USAGE(.BOTH.,#6994);
#6994 = SURFACE_SIDE_STYLE('',(#6995));
#6995 = SURFACE_STYLE_FILL_AREA(#6996);
#6996 = FILL_AREA_STYLE('',(#6997));
#6997 = FILL_AREA_STYLE_COLOUR('',#6648);
#6998 = STYLED_ITEM('color',(#6999),#1952);
#6999 = PRESENTATION_STYLE_ASSIGNMENT((#7000));
#7000 = SURFACE_STYLE_USAGE(.BOTH.,#7001);
#7001 = SURFACE_SIDE_STYLE('',(#7002));
#7002 = SURFACE_STYLE_FILL_AREA(#7003);
#7003 = FILL_AREA_STYLE('',(#7004));
#7004 = FILL_AREA_STYLE_COLOUR('',#6648);
#7005 = STYLED_ITEM('color',(#7006),#2030);
#7006 = PRESENTATION_STYLE_ASSIGNMENT((#7007));
#7007 = SURFACE_STYLE_USAGE(.BOTH.,#7008);
#7008 = SURFACE_SIDE_STYLE('',(#7009));
#7009 = SURFACE_STYLE_FILL_AREA(#7010);
#7010 = FILL_AREA_STYLE('',(#7011));
#7011 = FILL_AREA_STYLE_COLOUR('',#6648);
#7012 = STYLED_ITEM('color',(#7013),#2061);
#7013 = PRESENTATION_STYLE_ASSIGNMENT((#7014));
#7014 = SURFACE_STYLE_USAGE(.BOTH.,#7015);
#7015 = SURFACE_SIDE_STYLE('',(#7016));
#7016 = SURFACE_STYLE_FILL_AREA(#7017);
#7017 = FILL_AREA_STYLE('',(#7018));
#7018 = FILL_AREA_STYLE_COLOUR('',#6648);
#7019 = STYLED_ITEM('color',(#7020),#2146);
#7020 = PRESENTATION_STYLE_ASSIGNMENT((#7021));
#7021 = SURFACE_STYLE_USAGE(.BOTH.,#7022);
#7022 = SURFACE_SIDE_STYLE('',(#7023));
#7023 = SURFACE_STYLE_FILL_AREA(#7024);
#7024 = FILL_AREA_STYLE('',(#7025));
#7025 = FILL_AREA_STYLE_COLOUR('',#6648);
#7026 = STYLED_ITEM('color',(#7027),#2170);
#7027 = PRESENTATION_STYLE_ASSIGNMENT((#7028));
#7028 = SURFACE_STYLE_USAGE(.BOTH.,#7029);
#7029 = SURFACE_SIDE_STYLE('',(#7030));
#7030 = SURFACE_STYLE_FILL_AREA(#7031);
#7031 = FILL_AREA_STYLE('',(#7032));
#7032 = FILL_AREA_STYLE_COLOUR('',#6648);
#7033 = STYLED_ITEM('color',(#7034),#2248);
#7034 = PRESENTATION_STYLE_ASSIGNMENT((#7035));
#7035 = SURFACE_STYLE_USAGE(.BOTH.,#7036);
#7036 = SURFACE_SIDE_STYLE('',(#7037));
#7037 = SURFACE_STYLE_FILL_AREA(#7038);
#7038 = FILL_AREA_STYLE('',(#7039));
#7039 = FILL_AREA_STYLE_COLOUR('',#6648);
#7040 = STYLED_ITEM('color',(#7041),#2279);
#7041 = PRESENTATION_STYLE_ASSIGNMENT((#7042));
#7042 = SURFACE_STYLE_USAGE(.BOTH.,#7043);
#7043 = SURFACE_SIDE_STYLE('',(#7044));
#7044 = SURFACE_STYLE_FILL_AREA(#7045);
#7045 = FILL_AREA_STYLE('',(#7046));
#7046 = FILL_AREA_STYLE_COLOUR('',#6648);
#7047 = STYLED_ITEM('color',(#7048),#2310);
#7048 = PRESENTATION_STYLE_ASSIGNMENT((#7049));
#7049 = SURFACE_STYLE_USAGE(.BOTH.,#7050);
#7050 = SURFACE_SIDE_STYLE('',(#7051));
#7051 = SURFACE_STYLE_FILL_AREA(#7052);
#7052 = FILL_AREA_STYLE('',(#7053));
#7053 = FILL_AREA_STYLE_COLOUR('',#6648);
#7054 = STYLED_ITEM('color',(#7055),#2341);
#7055 = PRESENTATION_STYLE_ASSIGNMENT((#7056));
#7056 = SURFACE_STYLE_USAGE(.BOTH.,#7057);
#7057 = SURFACE_SIDE_STYLE('',(#7058));
#7058 = SURFACE_STYLE_FILL_AREA(#7059);
#7059 = FILL_AREA_STYLE('',(#7060));
#7060 = FILL_AREA_STYLE_COLOUR('',#6648);
#7061 = STYLED_ITEM('color',(#7062),#2426);
#7062 = PRESENTATION_STYLE_ASSIGNMENT((#7063));
#7063 = SURFACE_STYLE_USAGE(.BOTH.,#7064);
#7064 = SURFACE_SIDE_STYLE('',(#7065));
#7065 = SURFACE_STYLE_FILL_AREA(#7066);
#7066 = FILL_AREA_STYLE('',(#7067));
#7067 = FILL_AREA_STYLE_COLOUR('',#6648);
#7068 = STYLED_ITEM('color',(#7069),#2450);
#7069 = PRESENTATION_STYLE_ASSIGNMENT((#7070));
#7070 = SURFACE_STYLE_USAGE(.BOTH.,#7071);
#7071 = SURFACE_SIDE_STYLE('',(#7072));
#7072 = SURFACE_STYLE_FILL_AREA(#7073);
#7073 = FILL_AREA_STYLE('',(#7074));
#7074 = FILL_AREA_STYLE_COLOUR('',#6648);
#7075 = STYLED_ITEM('color',(#7076),#2528);
#7076 = PRESENTATION_STYLE_ASSIGNMENT((#7077));
#7077 = SURFACE_STYLE_USAGE(.BOTH.,#7078);
#7078 = SURFACE_SIDE_STYLE('',(#7079));
#7079 = SURFACE_STYLE_FILL_AREA(#7080);
#7080 = FILL_AREA_STYLE('',(#7081));
#7081 = FILL_AREA_STYLE_COLOUR('',#6648);
#7082 = STYLED_ITEM('color',(#7083),#2559);
#7083 = PRESENTATION_STYLE_ASSIGNMENT((#7084));
#7084 = SURFACE_STYLE_USAGE(.BOTH.,#7085);
#7085 = SURFACE_SIDE_STYLE('',(#7086));
#7086 = SURFACE_STYLE_FILL_AREA(#7087);
#7087 = FILL_AREA_STYLE('',(#7088));
#7088 = FILL_AREA_STYLE_COLOUR('',#6648);
#7089 = STYLED_ITEM('color',(#7090),#2644);
#7090 = PRESENTATION_STYLE_ASSIGNMENT((#7091));
#7091 = SURFACE_STYLE_USAGE(.BOTH.,#7092);
#7092 = SURFACE_SIDE_STYLE('',(#7093));
#7093 = SURFACE_STYLE_FILL_AREA(#7094);
#7094 = FILL_AREA_STYLE('',(#7095));
#7095 = FILL_AREA_STYLE_COLOUR('',#6648);
#7096 = STYLED_ITEM('color',(#7097),#2668);
#7097 = PRESENTATION_STYLE_ASSIGNMENT((#7098));
#7098 = SURFACE_STYLE_USAGE(.BOTH.,#7099);
#7099 = SURFACE_SIDE_STYLE('',(#7100));
#7100 = SURFACE_STYLE_FILL_AREA(#7101);
#7101 = FILL_AREA_STYLE('',(#7102));
#7102 = FILL_AREA_STYLE_COLOUR('',#6648);
#7103 = STYLED_ITEM('color',(#7104),#2746);
#7104 = PRESENTATION_STYLE_ASSIGNMENT((#7105));
#7105 = SURFACE_STYLE_USAGE(.BOTH.,#7106);
#7106 = SURFACE_SIDE_STYLE('',(#7107));
#7107 = SURFACE_STYLE_FILL_AREA(#7108);
#7108 = FILL_AREA_STYLE('',(#7109));
#7109 = FILL_AREA_STYLE_COLOUR('',#6648);
#7110 = STYLED_ITEM('color',(#7111),#2763);
#7111 = PRESENTATION_STYLE_ASSIGNMENT((#7112));
#7112 = SURFACE_STYLE_USAGE(.BOTH.,#7113);
#7113 = SURFACE_SIDE_STYLE('',(#7114));
#7114 = SURFACE_STYLE_FILL_AREA(#7115);
#7115 = FILL_AREA_STYLE('',(#7116));
#7116 = FILL_AREA_STYLE_COLOUR('',#6648);
#7117 = STYLED_ITEM('color',(#7118),#2780);
#7118 = PRESENTATION_STYLE_ASSIGNMENT((#7119));
#7119 = SURFACE_STYLE_USAGE(.BOTH.,#7120);
#7120 = SURFACE_SIDE_STYLE('',(#7121));
#7121 = SURFACE_STYLE_FILL_AREA(#7122);
#7122 = FILL_AREA_STYLE('',(#7123));
#7123 = FILL_AREA_STYLE_COLOUR('',#6648);
#7124 = STYLED_ITEM('color',(#7125),#2797);
#7125 = PRESENTATION_STYLE_ASSIGNMENT((#7126));
#7126 = SURFACE_STYLE_USAGE(.BOTH.,#7127);
#7127 = SURFACE_SIDE_STYLE('',(#7128));
#7128 = SURFACE_STYLE_FILL_AREA(#7129);
#7129 = FILL_AREA_STYLE('',(#7130));
#7130 = FILL_AREA_STYLE_COLOUR('',#6648);
#7131 = STYLED_ITEM('color',(#7132),#2814);
#7132 = PRESENTATION_STYLE_ASSIGNMENT((#7133));
#7133 = SURFACE_STYLE_USAGE(.BOTH.,#7134);
#7134 = SURFACE_SIDE_STYLE('',(#7135));
#7135 = SURFACE_STYLE_FILL_AREA(#7136);
#7136 = FILL_AREA_STYLE('',(#7137));
#7137 = FILL_AREA_STYLE_COLOUR('',#6648);
#7138 = STYLED_ITEM('color',(#7139),#2831);
#7139 = PRESENTATION_STYLE_ASSIGNMENT((#7140));
#7140 = SURFACE_STYLE_USAGE(.BOTH.,#7141);
#7141 = SURFACE_SIDE_STYLE('',(#7142));
#7142 = SURFACE_STYLE_FILL_AREA(#7143);
#7143 = FILL_AREA_STYLE('',(#7144));
#7144 = FILL_AREA_STYLE_COLOUR('',#6648);
#7145 = STYLED_ITEM('color',(#7146),#2848);
#7146 = PRESENTATION_STYLE_ASSIGNMENT((#7147));
#7147 = SURFACE_STYLE_USAGE(.BOTH.,#7148);
#7148 = SURFACE_SIDE_STYLE('',(#7149));
#7149 = SURFACE_STYLE_FILL_AREA(#7150);
#7150 = FILL_AREA_STYLE('',(#7151));
#7151 = FILL_AREA_STYLE_COLOUR('',#6648);
#7152 = STYLED_ITEM('color',(#7153),#2865);
#7153 = PRESENTATION_STYLE_ASSIGNMENT((#7154));
#7154 = SURFACE_STYLE_USAGE(.BOTH.,#7155);
#7155 = SURFACE_SIDE_STYLE('',(#7156));
#7156 = SURFACE_STYLE_FILL_AREA(#7157);
#7157 = FILL_AREA_STYLE('',(#7158));
#7158 = FILL_AREA_STYLE_COLOUR('',#6648);
#7159 = STYLED_ITEM('color',(#7160),#2887);
#7160 = PRESENTATION_STYLE_ASSIGNMENT((#7161));
#7161 = SURFACE_STYLE_USAGE(.BOTH.,#7162);
#7162 = SURFACE_SIDE_STYLE('',(#7163));
#7163 = SURFACE_STYLE_FILL_AREA(#7164);
#7164 = FILL_AREA_STYLE('',(#7165));
#7165 = FILL_AREA_STYLE_COLOUR('',#6648);
#7166 = STYLED_ITEM('color',(#7167),#2899);
#7167 = PRESENTATION_STYLE_ASSIGNMENT((#7168));
#7168 = SURFACE_STYLE_USAGE(.BOTH.,#7169);
#7169 = SURFACE_SIDE_STYLE('',(#7170));
#7170 = SURFACE_STYLE_FILL_AREA(#7171);
#7171 = FILL_AREA_STYLE('',(#7172));
#7172 = FILL_AREA_STYLE_COLOUR('',#6648);
#7173 = STYLED_ITEM('color',(#7174),#2911);
#7174 = PRESENTATION_STYLE_ASSIGNMENT((#7175));
#7175 = SURFACE_STYLE_USAGE(.BOTH.,#7176);
#7176 = SURFACE_SIDE_STYLE('',(#7177));
#7177 = SURFACE_STYLE_FILL_AREA(#7178);
#7178 = FILL_AREA_STYLE('',(#7179));
#7179 = FILL_AREA_STYLE_COLOUR('',#6648);
#7180 = STYLED_ITEM('color',(#7181),#2928);
#7181 = PRESENTATION_STYLE_ASSIGNMENT((#7182));
#7182 = SURFACE_STYLE_USAGE(.BOTH.,#7183);
#7183 = SURFACE_SIDE_STYLE('',(#7184));
#7184 = SURFACE_STYLE_FILL_AREA(#7185);
#7185 = FILL_AREA_STYLE('',(#7186));
#7186 = FILL_AREA_STYLE_COLOUR('',#6648);
#7187 = STYLED_ITEM('color',(#7188),#2940);
#7188 = PRESENTATION_STYLE_ASSIGNMENT((#7189));
#7189 = SURFACE_STYLE_USAGE(.BOTH.,#7190);
#7190 = SURFACE_SIDE_STYLE('',(#7191));
#7191 = SURFACE_STYLE_FILL_AREA(#7192);
#7192 = FILL_AREA_STYLE('',(#7193));
#7193 = FILL_AREA_STYLE_COLOUR('',#6648);
#7194 = STYLED_ITEM('color',(#7195),#2957);
#7195 = PRESENTATION_STYLE_ASSIGNMENT((#7196));
#7196 = SURFACE_STYLE_USAGE(.BOTH.,#7197);
#7197 = SURFACE_SIDE_STYLE('',(#7198));
#7198 = SURFACE_STYLE_FILL_AREA(#7199);
#7199 = FILL_AREA_STYLE('',(#7200));
#7200 = FILL_AREA_STYLE_COLOUR('',#6648);
#7201 = STYLED_ITEM('color',(#7202),#2979);
#7202 = PRESENTATION_STYLE_ASSIGNMENT((#7203));
#7203 = SURFACE_STYLE_USAGE(.BOTH.,#7204);
#7204 = SURFACE_SIDE_STYLE('',(#7205));
#7205 = SURFACE_STYLE_FILL_AREA(#7206);
#7206 = FILL_AREA_STYLE('',(#7207));
#7207 = FILL_AREA_STYLE_COLOUR('',#6648);
#7208 = STYLED_ITEM('color',(#7209),#2991);
#7209 = PRESENTATION_STYLE_ASSIGNMENT((#7210));
#7210 = SURFACE_STYLE_USAGE(.BOTH.,#7211);
#7211 = SURFACE_SIDE_STYLE('',(#7212));
#7212 = SURFACE_STYLE_FILL_AREA(#7213);
#7213 = FILL_AREA_STYLE('',(#7214));
#7214 = FILL_AREA_STYLE_COLOUR('',#6648);
#7215 = STYLED_ITEM('color',(#7216),#3008);
#7216 = PRESENTATION_STYLE_ASSIGNMENT((#7217));
#7217 = SURFACE_STYLE_USAGE(.BOTH.,#7218);
#7218 = SURFACE_SIDE_STYLE('',(#7219));
#7219 = SURFACE_STYLE_FILL_AREA(#7220);
#7220 = FILL_AREA_STYLE('',(#7221));
#7221 = FILL_AREA_STYLE_COLOUR('',#6648);
#7222 = STYLED_ITEM('color',(#7223),#3020);
#7223 = PRESENTATION_STYLE_ASSIGNMENT((#7224));
#7224 = SURFACE_STYLE_USAGE(.BOTH.,#7225);
#7225 = SURFACE_SIDE_STYLE('',(#7226));
#7226 = SURFACE_STYLE_FILL_AREA(#7227);
#7227 = FILL_AREA_STYLE('',(#7228));
#7228 = FILL_AREA_STYLE_COLOUR('',#6648);
#7229 = STYLED_ITEM('color',(#7230),#3032);
#7230 = PRESENTATION_STYLE_ASSIGNMENT((#7231));
#7231 = SURFACE_STYLE_USAGE(.BOTH.,#7232);
#7232 = SURFACE_SIDE_STYLE('',(#7233));
#7233 = SURFACE_STYLE_FILL_AREA(#7234);
#7234 = FILL_AREA_STYLE('',(#7235));
#7235 = FILL_AREA_STYLE_COLOUR('',#6648);
#7236 = STYLED_ITEM('color',(#7237),#3049);
#7237 = PRESENTATION_STYLE_ASSIGNMENT((#7238));
#7238 = SURFACE_STYLE_USAGE(.BOTH.,#7239);
#7239 = SURFACE_SIDE_STYLE('',(#7240));
#7240 = SURFACE_STYLE_FILL_AREA(#7241);
#7241 = FILL_AREA_STYLE('',(#7242));
#7242 = FILL_AREA_STYLE_COLOUR('',#6648);
#7243 = STYLED_ITEM('color',(#7244),#3066);
#7244 = PRESENTATION_STYLE_ASSIGNMENT((#7245));
#7245 = SURFACE_STYLE_USAGE(.BOTH.,#7246);
#7246 = SURFACE_SIDE_STYLE('',(#7247));
#7247 = SURFACE_STYLE_FILL_AREA(#7248);
#7248 = FILL_AREA_STYLE('',(#7249));
#7249 = FILL_AREA_STYLE_COLOUR('',#6648);
#7250 = STYLED_ITEM('color',(#7251),#3083);
#7251 = PRESENTATION_STYLE_ASSIGNMENT((#7252));
#7252 = SURFACE_STYLE_USAGE(.BOTH.,#7253);
#7253 = SURFACE_SIDE_STYLE('',(#7254));
#7254 = SURFACE_STYLE_FILL_AREA(#7255);
#7255 = FILL_AREA_STYLE('',(#7256));
#7256 = FILL_AREA_STYLE_COLOUR('',#6648);
#7257 = STYLED_ITEM('color',(#7258),#3105);
#7258 = PRESENTATION_STYLE_ASSIGNMENT((#7259));
#7259 = SURFACE_STYLE_USAGE(.BOTH.,#7260);
#7260 = SURFACE_SIDE_STYLE('',(#7261));
#7261 = SURFACE_STYLE_FILL_AREA(#7262);
#7262 = FILL_AREA_STYLE('',(#7263));
#7263 = FILL_AREA_STYLE_COLOUR('',#6648);
#7264 = STYLED_ITEM('color',(#7265),#3117);
#7265 = PRESENTATION_STYLE_ASSIGNMENT((#7266));
#7266 = SURFACE_STYLE_USAGE(.BOTH.,#7267);
#7267 = SURFACE_SIDE_STYLE('',(#7268));
#7268 = SURFACE_STYLE_FILL_AREA(#7269);
#7269 = FILL_AREA_STYLE('',(#7270));
#7270 = FILL_AREA_STYLE_COLOUR('',#6648);
#7271 = STYLED_ITEM('color',(#7272),#3134);
#7272 = PRESENTATION_STYLE_ASSIGNMENT((#7273));
#7273 = SURFACE_STYLE_USAGE(.BOTH.,#7274);
#7274 = SURFACE_SIDE_STYLE('',(#7275));
#7275 = SURFACE_STYLE_FILL_AREA(#7276);
#7276 = FILL_AREA_STYLE('',(#7277));
#7277 = FILL_AREA_STYLE_COLOUR('',#6648);
#7278 = STYLED_ITEM('color',(#7279),#3146);
#7279 = PRESENTATION_STYLE_ASSIGNMENT((#7280));
#7280 = SURFACE_STYLE_USAGE(.BOTH.,#7281);
#7281 = SURFACE_SIDE_STYLE('',(#7282));
#7282 = SURFACE_STYLE_FILL_AREA(#7283);
#7283 = FILL_AREA_STYLE('',(#7284));
#7284 = FILL_AREA_STYLE_COLOUR('',#6648);
#7285 = STYLED_ITEM('color',(#7286),#3158);
#7286 = PRESENTATION_STYLE_ASSIGNMENT((#7287));
#7287 = SURFACE_STYLE_USAGE(.BOTH.,#7288);
#7288 = SURFACE_SIDE_STYLE('',(#7289));
#7289 = SURFACE_STYLE_FILL_AREA(#7290);
#7290 = FILL_AREA_STYLE('',(#7291));
#7291 = FILL_AREA_STYLE_COLOUR('',#6648);
#7292 = STYLED_ITEM('color',(#7293),#3175);
#7293 = PRESENTATION_STYLE_ASSIGNMENT((#7294));
#7294 = SURFACE_STYLE_USAGE(.BOTH.,#7295);
#7295 = SURFACE_SIDE_STYLE('',(#7296));
#7296 = SURFACE_STYLE_FILL_AREA(#7297);
#7297 = FILL_AREA_STYLE('',(#7298));
#7298 = FILL_AREA_STYLE_COLOUR('',#6648);
#7299 = STYLED_ITEM('color',(#7300),#3197);
#7300 = PRESENTATION_STYLE_ASSIGNMENT((#7301));
#7301 = SURFACE_STYLE_USAGE(.BOTH.,#7302);
#7302 = SURFACE_SIDE_STYLE('',(#7303));
#7303 = SURFACE_STYLE_FILL_AREA(#7304);
#7304 = FILL_AREA_STYLE('',(#7305));
#7305 = FILL_AREA_STYLE_COLOUR('',#6648);
#7306 = STYLED_ITEM('color',(#7307),#3209);
#7307 = PRESENTATION_STYLE_ASSIGNMENT((#7308));
#7308 = SURFACE_STYLE_USAGE(.BOTH.,#7309);
#7309 = SURFACE_SIDE_STYLE('',(#7310));
#7310 = SURFACE_STYLE_FILL_AREA(#7311);
#7311 = FILL_AREA_STYLE('',(#7312));
#7312 = FILL_AREA_STYLE_COLOUR('',#6648);
#7313 = STYLED_ITEM('color',(#7314),#3226);
#7314 = PRESENTATION_STYLE_ASSIGNMENT((#7315));
#7315 = SURFACE_STYLE_USAGE(.BOTH.,#7316);
#7316 = SURFACE_SIDE_STYLE('',(#7317));
#7317 = SURFACE_STYLE_FILL_AREA(#7318);
#7318 = FILL_AREA_STYLE('',(#7319));
#7319 = FILL_AREA_STYLE_COLOUR('',#6648);
#7320 = STYLED_ITEM('color',(#7321),#3238);
#7321 = PRESENTATION_STYLE_ASSIGNMENT((#7322));
#7322 = SURFACE_STYLE_USAGE(.BOTH.,#7323);
#7323 = SURFACE_SIDE_STYLE('',(#7324));
#7324 = SURFACE_STYLE_FILL_AREA(#7325);
#7325 = FILL_AREA_STYLE('',(#7326));
#7326 = FILL_AREA_STYLE_COLOUR('',#6648);
ENDSEC;
END-ISO-10303-21;
