ISO-10303-21;
HEADER;
FILE_DESCRIPTION(('KiCad electronic assembly'),'2;1');
FILE_NAME('K_rper_Seite1.step','2026-01-12T14:13:44',('Pcbnew'),('Kicad'
    ),'Open CASCADE STEP processor 7.9','KiCad to STEP converter',
  'Unknown');
FILE_SCHEMA(('AUTOMOTIVE_DESIGN { 1 0 10303 214 1 1 1 1 }'));
ENDSEC;
DATA;
#1 = APPLICATION_PROTOCOL_DEFINITION('international standard',
  'automotive_design',2000,#2);
#2 = APPLICATION_CONTEXT(
  'core data for automotive mechanical design processes');
#3 = SHAPE_DEFINITION_REPRESENTATION(#4,#10);
#4 = PRODUCT_DEFINITION_SHAPE('','',#5);
#5 = PRODUCT_DEFINITION('design','',#6,#9);
#6 = PRODUCT_DEFINITION_FORMATION('','',#7);
#7 = PRODUCT('K_rper_Seite1 1','K_rper_Seite1 1','',(#8));
#8 = PRODUCT_CONTEXT('',#2,'mechanical');
#9 = PRODUCT_DEFINITION_CONTEXT('part definition',#2,'design');
#10 = SHAPE_REPRESENTATION('',(#11,#15,#19,#23,#27,#31,#35,#39,#43,#47,
    #51,#55,#59,#63,#67,#71,#75,#79,#83,#87),#91);
#11 = AXIS2_PLACEMENT_3D('',#12,#13,#14);
#12 = CARTESIAN_POINT('',(0.,0.,0.));
#13 = DIRECTION('',(0.,0.,1.));
#14 = DIRECTION('',(1.,0.,-0.));
#15 = AXIS2_PLACEMENT_3D('',#16,#17,#18);
#16 = CARTESIAN_POINT('',(92.68,-128.5,1.595));
#17 = DIRECTION('',(0.,0.,1.));
#18 = DIRECTION('',(1.,0.,0.));
#19 = AXIS2_PLACEMENT_3D('',#20,#21,#22);
#20 = CARTESIAN_POINT('',(106.,-112.,1.595));
#21 = DIRECTION('',(-0.,0.,1.));
#22 = DIRECTION('',(1.110223024625E-16,-1.,0.));
#23 = AXIS2_PLACEMENT_3D('',#24,#25,#26);
#24 = CARTESIAN_POINT('',(138.,-123.,1.595));
#25 = DIRECTION('',(0.,0.,1.));
#26 = DIRECTION('',(1.,0.,0.));
#27 = AXIS2_PLACEMENT_3D('',#28,#29,#30);
#28 = CARTESIAN_POINT('',(85.998021,-80.648972,1.595));
#29 = DIRECTION('',(-0.,0.,1.));
#30 = DIRECTION('',(0.484809620246,-0.874619707139,0.));
#31 = AXIS2_PLACEMENT_3D('',#32,#33,#34);
#32 = CARTESIAN_POINT('',(106.5,-72.,1.595));
#33 = DIRECTION('',(-0.,0.,1.));
#34 = DIRECTION('',(0.707106781187,-0.707106781187,0.));
#35 = AXIS2_PLACEMENT_3D('',#36,#37,#38);
#36 = CARTESIAN_POINT('',(77.75,-100.43,1.595));
#37 = DIRECTION('',(0.,0.,1.));
#38 = DIRECTION('',(-0.325568154457,-0.945518575599,0.));
#39 = AXIS2_PLACEMENT_3D('',#40,#41,#42);
#40 = CARTESIAN_POINT('',(112.5,-97.5,1.595));
#41 = DIRECTION('',(-0.,0.,1.));
#42 = DIRECTION('',(1.110223024625E-16,-1.,0.));
#43 = AXIS2_PLACEMENT_3D('',#44,#45,#46);
#44 = CARTESIAN_POINT('',(141.5,-133.5,1.595));
#45 = DIRECTION('',(-0.,0.,1.));
#46 = DIRECTION('',(1.110223024625E-16,-1.,0.));
#47 = AXIS2_PLACEMENT_3D('',#48,#49,#50);
#48 = CARTESIAN_POINT('',(113.155,-92.,1.595));
#49 = DIRECTION('',(0.,0.,1.));
#50 = DIRECTION('',(-1.,1.224646799147E-16,0.));
#51 = AXIS2_PLACEMENT_3D('',#52,#53,#54);
#52 = CARTESIAN_POINT('',(177.5,-104.5,1.595));
#53 = DIRECTION('',(0.,0.,1.));
#54 = DIRECTION('',(-0.898794046299,-0.438371146789,0.));
#55 = AXIS2_PLACEMENT_3D('',#56,#57,#58);
#56 = CARTESIAN_POINT('',(102.845,-68.,1.595));
#57 = DIRECTION('',(0.,0.,1.));
#58 = DIRECTION('',(-0.707106781187,-0.707106781187,0.));
#59 = AXIS2_PLACEMENT_3D('',#60,#61,#62);
#60 = CARTESIAN_POINT('',(92.7,-122.8,1.595));
#61 = DIRECTION('',(0.,0.,1.));
#62 = DIRECTION('',(-0.121869343405,0.992546151641,0.));
#63 = AXIS2_PLACEMENT_3D('',#64,#65,#66);
#64 = CARTESIAN_POINT('',(132.5,-122.5,1.595));
#65 = DIRECTION('',(-0.,0.,1.));
#66 = DIRECTION('',(1.110223024625E-16,-1.,0.));
#67 = AXIS2_PLACEMENT_3D('',#68,#69,#70);
#68 = CARTESIAN_POINT('',(82.25,-102.,1.595));
#69 = DIRECTION('',(-0.,0.,1.));
#70 = DIRECTION('',(0.951056516295,-0.309016994375,0.));
#71 = AXIS2_PLACEMENT_3D('',#72,#73,#74);
#72 = CARTESIAN_POINT('',(183.,-102.5,1.595));
#73 = DIRECTION('',(0.,0.,1.));
#74 = DIRECTION('',(-0.422618261741,0.906307787037,0.));
#75 = AXIS2_PLACEMENT_3D('',#76,#77,#78);
#76 = CARTESIAN_POINT('',(90.842882,-78.369094,1.595));
#77 = DIRECTION('',(0.,-0.,1.));
#78 = DIRECTION('',(0.874619707139,0.484809620246,0.));
#79 = AXIS2_PLACEMENT_3D('',#80,#81,#82);
#80 = CARTESIAN_POINT('',(111.5,-112.5,1.595));
#81 = DIRECTION('',(0.,0.,1.));
#82 = DIRECTION('',(1.,0.,0.));
#83 = AXIS2_PLACEMENT_3D('',#84,#85,#86);
#84 = CARTESIAN_POINT('',(147.,-134.,1.595));
#85 = DIRECTION('',(0.,0.,1.));
#86 = DIRECTION('',(1.,0.,0.));
#87 = AXIS2_PLACEMENT_3D('',#88,#89,#90);
#88 = CARTESIAN_POINT('',(0.,0.,0.));
#89 = DIRECTION('',(0.,0.,1.));
#90 = DIRECTION('',(1.,0.,-0.));
#91 = ( GEOMETRIC_REPRESENTATION_CONTEXT(3) 
GLOBAL_UNCERTAINTY_ASSIGNED_CONTEXT((#95)) GLOBAL_UNIT_ASSIGNED_CONTEXT(
(#92,#93,#94)) REPRESENTATION_CONTEXT('Context #1',
  '3D Context with UNIT and UNCERTAINTY') );
#92 = ( LENGTH_UNIT() NAMED_UNIT(*) SI_UNIT(.MILLI.,.METRE.) );
#93 = ( NAMED_UNIT(*) PLANE_ANGLE_UNIT() SI_UNIT($,.RADIAN.) );
#94 = ( NAMED_UNIT(*) SI_UNIT($,.STERADIAN.) SOLID_ANGLE_UNIT() );
#95 = UNCERTAINTY_MEASURE_WITH_UNIT(LENGTH_MEASURE(1.E-07),#92,
  'distance_accuracy_value','confusion accuracy');
#96 = PRODUCT_RELATED_PRODUCT_CATEGORY('part',$,(#7));
#97 = SHAPE_DEFINITION_REPRESENTATION(#98,#104);
#98 = PRODUCT_DEFINITION_SHAPE('','',#99);
#99 = PRODUCT_DEFINITION('design','',#100,#103);
#100 = PRODUCT_DEFINITION_FORMATION('','',#101);
#101 = PRODUCT('C_0201_0603Metric','C_0201_0603Metric','',(#102));
#102 = PRODUCT_CONTEXT('',#2,'mechanical');
#103 = PRODUCT_DEFINITION_CONTEXT('part definition',#2,'design');
#104 = ADVANCED_BREP_SHAPE_REPRESENTATION('',(#11,#105),#959);
#105 = MANIFOLD_SOLID_BREP('',#106);
#106 = CLOSED_SHELL('',(#107,#183,#214,#239,#264,#288,#312,#337,#362,
    #379,#465,#497,#521,#546,#570,#595,#619,#644,#661,#747,#778,#803,
    #828,#852,#876,#901,#926,#943));
#107 = ADVANCED_FACE('',(#108),#178,.F.);
#108 = FACE_BOUND('',#109,.F.);
#109 = EDGE_LOOP('',(#110,#120,#129,#137,#146,#154,#163,#171));
#110 = ORIENTED_EDGE('',*,*,#111,.F.);
#111 = EDGE_CURVE('',#112,#114,#116,.T.);
#112 = VERTEX_POINT('',#113);
#113 = CARTESIAN_POINT('',(-0.3,-0.15,1.5E-02));
#114 = VERTEX_POINT('',#115);
#115 = CARTESIAN_POINT('',(-0.3,-0.15,0.285));
#116 = LINE('',#117,#118);
#117 = CARTESIAN_POINT('',(-0.3,-0.15,0.));
#118 = VECTOR('',#119,1.);
#119 = DIRECTION('',(0.,0.,1.));
#120 = ORIENTED_EDGE('',*,*,#121,.T.);
#121 = EDGE_CURVE('',#112,#122,#124,.T.);
#122 = VERTEX_POINT('',#123);
#123 = CARTESIAN_POINT('',(-0.3,-0.135,-2.775557561563E-17));
#124 = CIRCLE('',#125,1.5E-02);
#125 = AXIS2_PLACEMENT_3D('',#126,#127,#128);
#126 = CARTESIAN_POINT('',(-0.3,-0.135,1.5E-02));
#127 = DIRECTION('',(1.,0.,-0.));
#128 = DIRECTION('',(0.,0.,1.));
#129 = ORIENTED_EDGE('',*,*,#130,.T.);
#130 = EDGE_CURVE('',#122,#131,#133,.T.);
#131 = VERTEX_POINT('',#132);
#132 = CARTESIAN_POINT('',(-0.3,0.135,-2.775557561563E-17));
#133 = LINE('',#134,#135);
#134 = CARTESIAN_POINT('',(-0.3,-0.15,0.));
#135 = VECTOR('',#136,1.);
#136 = DIRECTION('',(0.,1.,0.));
#137 = ORIENTED_EDGE('',*,*,#138,.F.);
#138 = EDGE_CURVE('',#139,#131,#141,.T.);
#139 = VERTEX_POINT('',#140);
#140 = CARTESIAN_POINT('',(-0.3,0.15,1.5E-02));
#141 = CIRCLE('',#142,1.5E-02);
#142 = AXIS2_PLACEMENT_3D('',#143,#144,#145);
#143 = CARTESIAN_POINT('',(-0.3,0.135,1.5E-02));
#144 = DIRECTION('',(-1.,0.,0.));
#145 = DIRECTION('',(0.,0.,1.));
#146 = ORIENTED_EDGE('',*,*,#147,.T.);
#147 = EDGE_CURVE('',#139,#148,#150,.T.);
#148 = VERTEX_POINT('',#149);
#149 = CARTESIAN_POINT('',(-0.3,0.15,0.285));
#150 = LINE('',#151,#152);
#151 = CARTESIAN_POINT('',(-0.3,0.15,0.));
#152 = VECTOR('',#153,1.);
#153 = DIRECTION('',(0.,0.,1.));
#154 = ORIENTED_EDGE('',*,*,#155,.T.);
#155 = EDGE_CURVE('',#148,#156,#158,.T.);
#156 = VERTEX_POINT('',#157);
#157 = CARTESIAN_POINT('',(-0.3,0.135,0.3));
#158 = CIRCLE('',#159,1.5E-02);
#159 = AXIS2_PLACEMENT_3D('',#160,#161,#162);
#160 = CARTESIAN_POINT('',(-0.3,0.135,0.285));
#161 = DIRECTION('',(1.,0.,-0.));
#162 = DIRECTION('',(0.,0.,1.));
#163 = ORIENTED_EDGE('',*,*,#164,.F.);
#164 = EDGE_CURVE('',#165,#156,#167,.T.);
#165 = VERTEX_POINT('',#166);
#166 = CARTESIAN_POINT('',(-0.3,-0.135,0.3));
#167 = LINE('',#168,#169);
#168 = CARTESIAN_POINT('',(-0.3,-0.15,0.3));
#169 = VECTOR('',#170,1.);
#170 = DIRECTION('',(0.,1.,0.));
#171 = ORIENTED_EDGE('',*,*,#172,.F.);
#172 = EDGE_CURVE('',#114,#165,#173,.T.);
#173 = CIRCLE('',#174,1.5E-02);
#174 = AXIS2_PLACEMENT_3D('',#175,#176,#177);
#175 = CARTESIAN_POINT('',(-0.3,-0.135,0.285));
#176 = DIRECTION('',(-1.,0.,0.));
#177 = DIRECTION('',(0.,0.,1.));
#178 = PLANE('',#179);
#179 = AXIS2_PLACEMENT_3D('',#180,#181,#182);
#180 = CARTESIAN_POINT('',(-0.3,-0.15,0.));
#181 = DIRECTION('',(1.,0.,0.));
#182 = DIRECTION('',(0.,0.,1.));
#183 = ADVANCED_FACE('',(#184),#209,.F.);
#184 = FACE_BOUND('',#185,.F.);
#185 = EDGE_LOOP('',(#186,#196,#202,#203));
#186 = ORIENTED_EDGE('',*,*,#187,.F.);
#187 = EDGE_CURVE('',#188,#190,#192,.T.);
#188 = VERTEX_POINT('',#189);
#189 = CARTESIAN_POINT('',(-0.15,-0.15,1.5E-02));
#190 = VERTEX_POINT('',#191);
#191 = CARTESIAN_POINT('',(-0.15,-0.15,0.285));
#192 = LINE('',#193,#194);
#193 = CARTESIAN_POINT('',(-0.15,-0.15,0.));
#194 = VECTOR('',#195,1.);
#195 = DIRECTION('',(0.,0.,1.));
#196 = ORIENTED_EDGE('',*,*,#197,.F.);
#197 = EDGE_CURVE('',#112,#188,#198,.T.);
#198 = LINE('',#199,#200);
#199 = CARTESIAN_POINT('',(-0.3,-0.15,1.5E-02));
#200 = VECTOR('',#201,1.);
#201 = DIRECTION('',(1.,0.,0.));
#202 = ORIENTED_EDGE('',*,*,#111,.T.);
#203 = ORIENTED_EDGE('',*,*,#204,.T.);
#204 = EDGE_CURVE('',#114,#190,#205,.T.);
#205 = LINE('',#206,#207);
#206 = CARTESIAN_POINT('',(-0.3,-0.15,0.285));
#207 = VECTOR('',#208,1.);
#208 = DIRECTION('',(1.,0.,0.));
#209 = PLANE('',#210);
#210 = AXIS2_PLACEMENT_3D('',#211,#212,#213);
#211 = CARTESIAN_POINT('',(-0.3,-0.15,0.));
#212 = DIRECTION('',(0.,1.,0.));
#213 = DIRECTION('',(0.,-0.,1.));
#214 = ADVANCED_FACE('',(#215),#234,.T.);
#215 = FACE_BOUND('',#216,.T.);
#216 = EDGE_LOOP('',(#217,#218,#226,#233));
#217 = ORIENTED_EDGE('',*,*,#121,.T.);
#218 = ORIENTED_EDGE('',*,*,#219,.T.);
#219 = EDGE_CURVE('',#122,#220,#222,.T.);
#220 = VERTEX_POINT('',#221);
#221 = CARTESIAN_POINT('',(-0.15,-0.135,-2.775557561563E-17));
#222 = LINE('',#223,#224);
#223 = CARTESIAN_POINT('',(-0.3,-0.135,-2.775557561563E-17));
#224 = VECTOR('',#225,1.);
#225 = DIRECTION('',(1.,0.,0.));
#226 = ORIENTED_EDGE('',*,*,#227,.F.);
#227 = EDGE_CURVE('',#188,#220,#228,.T.);
#228 = CIRCLE('',#229,1.5E-02);
#229 = AXIS2_PLACEMENT_3D('',#230,#231,#232);
#230 = CARTESIAN_POINT('',(-0.15,-0.135,1.5E-02));
#231 = DIRECTION('',(1.,0.,-0.));
#232 = DIRECTION('',(0.,0.,1.));
#233 = ORIENTED_EDGE('',*,*,#197,.F.);
#234 = CYLINDRICAL_SURFACE('',#235,1.5E-02);
#235 = AXIS2_PLACEMENT_3D('',#236,#237,#238);
#236 = CARTESIAN_POINT('',(-0.3,-0.135,1.5E-02));
#237 = DIRECTION('',(1.,0.,0.));
#238 = DIRECTION('',(0.,-1.,0.));
#239 = ADVANCED_FACE('',(#240),#259,.T.);
#240 = FACE_BOUND('',#241,.T.);
#241 = EDGE_LOOP('',(#242,#243,#252,#258));
#242 = ORIENTED_EDGE('',*,*,#204,.T.);
#243 = ORIENTED_EDGE('',*,*,#244,.T.);
#244 = EDGE_CURVE('',#190,#245,#247,.T.);
#245 = VERTEX_POINT('',#246);
#246 = CARTESIAN_POINT('',(-0.15,-0.135,0.3));
#247 = CIRCLE('',#248,1.5E-02);
#248 = AXIS2_PLACEMENT_3D('',#249,#250,#251);
#249 = CARTESIAN_POINT('',(-0.15,-0.135,0.285));
#250 = DIRECTION('',(-1.,0.,0.));
#251 = DIRECTION('',(0.,0.,1.));
#252 = ORIENTED_EDGE('',*,*,#253,.F.);
#253 = EDGE_CURVE('',#165,#245,#254,.T.);
#254 = LINE('',#255,#256);
#255 = CARTESIAN_POINT('',(-0.3,-0.135,0.3));
#256 = VECTOR('',#257,1.);
#257 = DIRECTION('',(1.,0.,0.));
#258 = ORIENTED_EDGE('',*,*,#172,.F.);
#259 = CYLINDRICAL_SURFACE('',#260,1.5E-02);
#260 = AXIS2_PLACEMENT_3D('',#261,#262,#263);
#261 = CARTESIAN_POINT('',(-0.3,-0.135,0.285));
#262 = DIRECTION('',(1.,0.,0.));
#263 = DIRECTION('',(0.,-1.,0.));
#264 = ADVANCED_FACE('',(#265),#283,.F.);
#265 = FACE_BOUND('',#266,.F.);
#266 = EDGE_LOOP('',(#267,#268,#269,#277));
#267 = ORIENTED_EDGE('',*,*,#130,.F.);
#268 = ORIENTED_EDGE('',*,*,#219,.T.);
#269 = ORIENTED_EDGE('',*,*,#270,.T.);
#270 = EDGE_CURVE('',#220,#271,#273,.T.);
#271 = VERTEX_POINT('',#272);
#272 = CARTESIAN_POINT('',(-0.15,0.135,-2.775557561563E-17));
#273 = LINE('',#274,#275);
#274 = CARTESIAN_POINT('',(-0.15,-0.15,0.));
#275 = VECTOR('',#276,1.);
#276 = DIRECTION('',(0.,1.,0.));
#277 = ORIENTED_EDGE('',*,*,#278,.F.);
#278 = EDGE_CURVE('',#131,#271,#279,.T.);
#279 = LINE('',#280,#281);
#280 = CARTESIAN_POINT('',(-0.3,0.135,-2.775557561563E-17));
#281 = VECTOR('',#282,1.);
#282 = DIRECTION('',(1.,0.,0.));
#283 = PLANE('',#284);
#284 = AXIS2_PLACEMENT_3D('',#285,#286,#287);
#285 = CARTESIAN_POINT('',(-0.3,-0.15,0.));
#286 = DIRECTION('',(0.,0.,1.));
#287 = DIRECTION('',(1.,0.,-0.));
#288 = ADVANCED_FACE('',(#289),#307,.T.);
#289 = FACE_BOUND('',#290,.T.);
#290 = EDGE_LOOP('',(#291,#292,#293,#301));
#291 = ORIENTED_EDGE('',*,*,#164,.F.);
#292 = ORIENTED_EDGE('',*,*,#253,.T.);
#293 = ORIENTED_EDGE('',*,*,#294,.T.);
#294 = EDGE_CURVE('',#245,#295,#297,.T.);
#295 = VERTEX_POINT('',#296);
#296 = CARTESIAN_POINT('',(-0.15,0.135,0.3));
#297 = LINE('',#298,#299);
#298 = CARTESIAN_POINT('',(-0.15,-0.15,0.3));
#299 = VECTOR('',#300,1.);
#300 = DIRECTION('',(0.,1.,0.));
#301 = ORIENTED_EDGE('',*,*,#302,.F.);
#302 = EDGE_CURVE('',#156,#295,#303,.T.);
#303 = LINE('',#304,#305);
#304 = CARTESIAN_POINT('',(-0.3,0.135,0.3));
#305 = VECTOR('',#306,1.);
#306 = DIRECTION('',(1.,0.,0.));
#307 = PLANE('',#308);
#308 = AXIS2_PLACEMENT_3D('',#309,#310,#311);
#309 = CARTESIAN_POINT('',(-0.3,-0.15,0.3));
#310 = DIRECTION('',(0.,0.,1.));
#311 = DIRECTION('',(1.,0.,-0.));
#312 = ADVANCED_FACE('',(#313),#332,.T.);
#313 = FACE_BOUND('',#314,.T.);
#314 = EDGE_LOOP('',(#315,#323,#330,#331));
#315 = ORIENTED_EDGE('',*,*,#316,.T.);
#316 = EDGE_CURVE('',#139,#317,#319,.T.);
#317 = VERTEX_POINT('',#318);
#318 = CARTESIAN_POINT('',(-0.15,0.15,1.5E-02));
#319 = LINE('',#320,#321);
#320 = CARTESIAN_POINT('',(-0.3,0.15,1.5E-02));
#321 = VECTOR('',#322,1.);
#322 = DIRECTION('',(1.,0.,0.));
#323 = ORIENTED_EDGE('',*,*,#324,.T.);
#324 = EDGE_CURVE('',#317,#271,#325,.T.);
#325 = CIRCLE('',#326,1.5E-02);
#326 = AXIS2_PLACEMENT_3D('',#327,#328,#329);
#327 = CARTESIAN_POINT('',(-0.15,0.135,1.5E-02));
#328 = DIRECTION('',(-1.,0.,0.));
#329 = DIRECTION('',(0.,0.,1.));
#330 = ORIENTED_EDGE('',*,*,#278,.F.);
#331 = ORIENTED_EDGE('',*,*,#138,.F.);
#332 = CYLINDRICAL_SURFACE('',#333,1.5E-02);
#333 = AXIS2_PLACEMENT_3D('',#334,#335,#336);
#334 = CARTESIAN_POINT('',(-0.3,0.135,1.5E-02));
#335 = DIRECTION('',(1.,0.,0.));
#336 = DIRECTION('',(-0.,1.,0.));
#337 = ADVANCED_FACE('',(#338),#357,.T.);
#338 = FACE_BOUND('',#339,.T.);
#339 = EDGE_LOOP('',(#340,#341,#342,#351));
#340 = ORIENTED_EDGE('',*,*,#155,.T.);
#341 = ORIENTED_EDGE('',*,*,#302,.T.);
#342 = ORIENTED_EDGE('',*,*,#343,.F.);
#343 = EDGE_CURVE('',#344,#295,#346,.T.);
#344 = VERTEX_POINT('',#345);
#345 = CARTESIAN_POINT('',(-0.15,0.15,0.285));
#346 = CIRCLE('',#347,1.5E-02);
#347 = AXIS2_PLACEMENT_3D('',#348,#349,#350);
#348 = CARTESIAN_POINT('',(-0.15,0.135,0.285));
#349 = DIRECTION('',(1.,0.,-0.));
#350 = DIRECTION('',(0.,0.,1.));
#351 = ORIENTED_EDGE('',*,*,#352,.F.);
#352 = EDGE_CURVE('',#148,#344,#353,.T.);
#353 = LINE('',#354,#355);
#354 = CARTESIAN_POINT('',(-0.3,0.15,0.285));
#355 = VECTOR('',#356,1.);
#356 = DIRECTION('',(1.,0.,0.));
#357 = CYLINDRICAL_SURFACE('',#358,1.5E-02);
#358 = AXIS2_PLACEMENT_3D('',#359,#360,#361);
#359 = CARTESIAN_POINT('',(-0.3,0.135,0.285));
#360 = DIRECTION('',(1.,0.,0.));
#361 = DIRECTION('',(-0.,1.,0.));
#362 = ADVANCED_FACE('',(#363),#374,.T.);
#363 = FACE_BOUND('',#364,.T.);
#364 = EDGE_LOOP('',(#365,#371,#372,#373));
#365 = ORIENTED_EDGE('',*,*,#366,.F.);
#366 = EDGE_CURVE('',#317,#344,#367,.T.);
#367 = LINE('',#368,#369);
#368 = CARTESIAN_POINT('',(-0.15,0.15,0.));
#369 = VECTOR('',#370,1.);
#370 = DIRECTION('',(0.,0.,1.));
#371 = ORIENTED_EDGE('',*,*,#316,.F.);
#372 = ORIENTED_EDGE('',*,*,#147,.T.);
#373 = ORIENTED_EDGE('',*,*,#352,.T.);
#374 = PLANE('',#375);
#375 = AXIS2_PLACEMENT_3D('',#376,#377,#378);
#376 = CARTESIAN_POINT('',(-0.3,0.15,0.));
#377 = DIRECTION('',(0.,1.,0.));
#378 = DIRECTION('',(0.,-0.,1.));
#379 = ADVANCED_FACE('',(#380,#390),#460,.T.);
#380 = FACE_BOUND('',#381,.T.);
#381 = EDGE_LOOP('',(#382,#383,#384,#385,#386,#387,#388,#389));
#382 = ORIENTED_EDGE('',*,*,#187,.F.);
#383 = ORIENTED_EDGE('',*,*,#227,.T.);
#384 = ORIENTED_EDGE('',*,*,#270,.T.);
#385 = ORIENTED_EDGE('',*,*,#324,.F.);
#386 = ORIENTED_EDGE('',*,*,#366,.T.);
#387 = ORIENTED_EDGE('',*,*,#343,.T.);
#388 = ORIENTED_EDGE('',*,*,#294,.F.);
#389 = ORIENTED_EDGE('',*,*,#244,.F.);
#390 = FACE_BOUND('',#391,.T.);
#391 = EDGE_LOOP('',(#392,#403,#411,#420,#428,#437,#445,#454));
#392 = ORIENTED_EDGE('',*,*,#393,.F.);
#393 = EDGE_CURVE('',#394,#396,#398,.T.);
#394 = VERTEX_POINT('',#395);
#395 = CARTESIAN_POINT('',(-0.15,-0.135,3.E-02));
#396 = VERTEX_POINT('',#397);
#397 = CARTESIAN_POINT('',(-0.15,-0.12,1.5E-02));
#398 = CIRCLE('',#399,1.5E-02);
#399 = AXIS2_PLACEMENT_3D('',#400,#401,#402);
#400 = CARTESIAN_POINT('',(-0.15,-0.12,3.E-02));
#401 = DIRECTION('',(1.,0.,-0.));
#402 = DIRECTION('',(0.,0.,1.));
#403 = ORIENTED_EDGE('',*,*,#404,.T.);
#404 = EDGE_CURVE('',#394,#405,#407,.T.);
#405 = VERTEX_POINT('',#406);
#406 = CARTESIAN_POINT('',(-0.15,-0.135,0.27));
#407 = LINE('',#408,#409);
#408 = CARTESIAN_POINT('',(-0.15,-0.135,1.5E-02));
#409 = VECTOR('',#410,1.);
#410 = DIRECTION('',(0.,0.,1.));
#411 = ORIENTED_EDGE('',*,*,#412,.T.);
#412 = EDGE_CURVE('',#405,#413,#415,.T.);
#413 = VERTEX_POINT('',#414);
#414 = CARTESIAN_POINT('',(-0.15,-0.12,0.285));
#415 = CIRCLE('',#416,1.5E-02);
#416 = AXIS2_PLACEMENT_3D('',#417,#418,#419);
#417 = CARTESIAN_POINT('',(-0.15,-0.12,0.27));
#418 = DIRECTION('',(-1.,0.,0.));
#419 = DIRECTION('',(0.,0.,1.));
#420 = ORIENTED_EDGE('',*,*,#421,.T.);
#421 = EDGE_CURVE('',#413,#422,#424,.T.);
#422 = VERTEX_POINT('',#423);
#423 = CARTESIAN_POINT('',(-0.15,0.12,0.285));
#424 = LINE('',#425,#426);
#425 = CARTESIAN_POINT('',(-0.15,-0.135,0.285));
#426 = VECTOR('',#427,1.);
#427 = DIRECTION('',(0.,1.,0.));
#428 = ORIENTED_EDGE('',*,*,#429,.F.);
#429 = EDGE_CURVE('',#430,#422,#432,.T.);
#430 = VERTEX_POINT('',#431);
#431 = CARTESIAN_POINT('',(-0.15,0.135,0.27));
#432 = CIRCLE('',#433,1.5E-02);
#433 = AXIS2_PLACEMENT_3D('',#434,#435,#436);
#434 = CARTESIAN_POINT('',(-0.15,0.12,0.27));
#435 = DIRECTION('',(1.,0.,-0.));
#436 = DIRECTION('',(0.,0.,1.));
#437 = ORIENTED_EDGE('',*,*,#438,.F.);
#438 = EDGE_CURVE('',#439,#430,#441,.T.);
#439 = VERTEX_POINT('',#440);
#440 = CARTESIAN_POINT('',(-0.15,0.135,3.E-02));
#441 = LINE('',#442,#443);
#442 = CARTESIAN_POINT('',(-0.15,0.135,1.5E-02));
#443 = VECTOR('',#444,1.);
#444 = DIRECTION('',(0.,0.,1.));
#445 = ORIENTED_EDGE('',*,*,#446,.T.);
#446 = EDGE_CURVE('',#439,#447,#449,.T.);
#447 = VERTEX_POINT('',#448);
#448 = CARTESIAN_POINT('',(-0.15,0.12,1.5E-02));
#449 = CIRCLE('',#450,1.5E-02);
#450 = AXIS2_PLACEMENT_3D('',#451,#452,#453);
#451 = CARTESIAN_POINT('',(-0.15,0.12,3.E-02));
#452 = DIRECTION('',(-1.,0.,0.));
#453 = DIRECTION('',(0.,0.,1.));
#454 = ORIENTED_EDGE('',*,*,#455,.F.);
#455 = EDGE_CURVE('',#396,#447,#456,.T.);
#456 = LINE('',#457,#458);
#457 = CARTESIAN_POINT('',(-0.15,-0.135,1.5E-02));
#458 = VECTOR('',#459,1.);
#459 = DIRECTION('',(0.,1.,0.));
#460 = PLANE('',#461);
#461 = AXIS2_PLACEMENT_3D('',#462,#463,#464);
#462 = CARTESIAN_POINT('',(-0.15,-0.15,0.));
#463 = DIRECTION('',(1.,0.,0.));
#464 = DIRECTION('',(0.,0.,1.));
#465 = ADVANCED_FACE('',(#466),#492,.T.);
#466 = FACE_BOUND('',#467,.T.);
#467 = EDGE_LOOP('',(#468,#469,#477,#486));
#468 = ORIENTED_EDGE('',*,*,#393,.T.);
#469 = ORIENTED_EDGE('',*,*,#470,.T.);
#470 = EDGE_CURVE('',#396,#471,#473,.T.);
#471 = VERTEX_POINT('',#472);
#472 = CARTESIAN_POINT('',(0.15,-0.12,1.5E-02));
#473 = LINE('',#474,#475);
#474 = CARTESIAN_POINT('',(-0.15,-0.12,1.5E-02));
#475 = VECTOR('',#476,1.);
#476 = DIRECTION('',(1.,0.,0.));
#477 = ORIENTED_EDGE('',*,*,#478,.F.);
#478 = EDGE_CURVE('',#479,#471,#481,.T.);
#479 = VERTEX_POINT('',#480);
#480 = CARTESIAN_POINT('',(0.15,-0.135,3.E-02));
#481 = CIRCLE('',#482,1.5E-02);
#482 = AXIS2_PLACEMENT_3D('',#483,#484,#485);
#483 = CARTESIAN_POINT('',(0.15,-0.12,3.E-02));
#484 = DIRECTION('',(1.,0.,-0.));
#485 = DIRECTION('',(0.,0.,1.));
#486 = ORIENTED_EDGE('',*,*,#487,.F.);
#487 = EDGE_CURVE('',#394,#479,#488,.T.);
#488 = LINE('',#489,#490);
#489 = CARTESIAN_POINT('',(-0.15,-0.135,3.E-02));
#490 = VECTOR('',#491,1.);
#491 = DIRECTION('',(1.,0.,0.));
#492 = CYLINDRICAL_SURFACE('',#493,1.5E-02);
#493 = AXIS2_PLACEMENT_3D('',#494,#495,#496);
#494 = CARTESIAN_POINT('',(-0.15,-0.12,3.E-02));
#495 = DIRECTION('',(1.,0.,0.));
#496 = DIRECTION('',(0.,-1.,0.));
#497 = ADVANCED_FACE('',(#498),#516,.F.);
#498 = FACE_BOUND('',#499,.F.);
#499 = EDGE_LOOP('',(#500,#501,#502,#510));
#500 = ORIENTED_EDGE('',*,*,#455,.F.);
#501 = ORIENTED_EDGE('',*,*,#470,.T.);
#502 = ORIENTED_EDGE('',*,*,#503,.T.);
#503 = EDGE_CURVE('',#471,#504,#506,.T.);
#504 = VERTEX_POINT('',#505);
#505 = CARTESIAN_POINT('',(0.15,0.12,1.5E-02));
#506 = LINE('',#507,#508);
#507 = CARTESIAN_POINT('',(0.15,-0.135,1.5E-02));
#508 = VECTOR('',#509,1.);
#509 = DIRECTION('',(0.,1.,0.));
#510 = ORIENTED_EDGE('',*,*,#511,.F.);
#511 = EDGE_CURVE('',#447,#504,#512,.T.);
#512 = LINE('',#513,#514);
#513 = CARTESIAN_POINT('',(-0.15,0.12,1.5E-02));
#514 = VECTOR('',#515,1.);
#515 = DIRECTION('',(1.,0.,0.));
#516 = PLANE('',#517);
#517 = AXIS2_PLACEMENT_3D('',#518,#519,#520);
#518 = CARTESIAN_POINT('',(-0.15,-0.135,1.5E-02));
#519 = DIRECTION('',(0.,0.,1.));
#520 = DIRECTION('',(1.,0.,-0.));
#521 = ADVANCED_FACE('',(#522),#541,.T.);
#522 = FACE_BOUND('',#523,.T.);
#523 = EDGE_LOOP('',(#524,#532,#539,#540));
#524 = ORIENTED_EDGE('',*,*,#525,.T.);
#525 = EDGE_CURVE('',#439,#526,#528,.T.);
#526 = VERTEX_POINT('',#527);
#527 = CARTESIAN_POINT('',(0.15,0.135,3.E-02));
#528 = LINE('',#529,#530);
#529 = CARTESIAN_POINT('',(-0.15,0.135,3.E-02));
#530 = VECTOR('',#531,1.);
#531 = DIRECTION('',(1.,0.,0.));
#532 = ORIENTED_EDGE('',*,*,#533,.T.);
#533 = EDGE_CURVE('',#526,#504,#534,.T.);
#534 = CIRCLE('',#535,1.5E-02);
#535 = AXIS2_PLACEMENT_3D('',#536,#537,#538);
#536 = CARTESIAN_POINT('',(0.15,0.12,3.E-02));
#537 = DIRECTION('',(-1.,0.,0.));
#538 = DIRECTION('',(0.,0.,1.));
#539 = ORIENTED_EDGE('',*,*,#511,.F.);
#540 = ORIENTED_EDGE('',*,*,#446,.F.);
#541 = CYLINDRICAL_SURFACE('',#542,1.5E-02);
#542 = AXIS2_PLACEMENT_3D('',#543,#544,#545);
#543 = CARTESIAN_POINT('',(-0.15,0.12,3.E-02));
#544 = DIRECTION('',(1.,0.,0.));
#545 = DIRECTION('',(-0.,1.,0.));
#546 = ADVANCED_FACE('',(#547),#565,.T.);
#547 = FACE_BOUND('',#548,.T.);
#548 = EDGE_LOOP('',(#549,#557,#558,#559));
#549 = ORIENTED_EDGE('',*,*,#550,.F.);
#550 = EDGE_CURVE('',#526,#551,#553,.T.);
#551 = VERTEX_POINT('',#552);
#552 = CARTESIAN_POINT('',(0.15,0.135,0.27));
#553 = LINE('',#554,#555);
#554 = CARTESIAN_POINT('',(0.15,0.135,1.5E-02));
#555 = VECTOR('',#556,1.);
#556 = DIRECTION('',(0.,0.,1.));
#557 = ORIENTED_EDGE('',*,*,#525,.F.);
#558 = ORIENTED_EDGE('',*,*,#438,.T.);
#559 = ORIENTED_EDGE('',*,*,#560,.T.);
#560 = EDGE_CURVE('',#430,#551,#561,.T.);
#561 = LINE('',#562,#563);
#562 = CARTESIAN_POINT('',(-0.15,0.135,0.27));
#563 = VECTOR('',#564,1.);
#564 = DIRECTION('',(1.,0.,0.));
#565 = PLANE('',#566);
#566 = AXIS2_PLACEMENT_3D('',#567,#568,#569);
#567 = CARTESIAN_POINT('',(-0.15,0.135,1.5E-02));
#568 = DIRECTION('',(0.,1.,0.));
#569 = DIRECTION('',(0.,-0.,1.));
#570 = ADVANCED_FACE('',(#571),#590,.T.);
#571 = FACE_BOUND('',#572,.T.);
#572 = EDGE_LOOP('',(#573,#574,#582,#589));
#573 = ORIENTED_EDGE('',*,*,#429,.T.);
#574 = ORIENTED_EDGE('',*,*,#575,.T.);
#575 = EDGE_CURVE('',#422,#576,#578,.T.);
#576 = VERTEX_POINT('',#577);
#577 = CARTESIAN_POINT('',(0.15,0.12,0.285));
#578 = LINE('',#579,#580);
#579 = CARTESIAN_POINT('',(-0.15,0.12,0.285));
#580 = VECTOR('',#581,1.);
#581 = DIRECTION('',(1.,0.,0.));
#582 = ORIENTED_EDGE('',*,*,#583,.F.);
#583 = EDGE_CURVE('',#551,#576,#584,.T.);
#584 = CIRCLE('',#585,1.5E-02);
#585 = AXIS2_PLACEMENT_3D('',#586,#587,#588);
#586 = CARTESIAN_POINT('',(0.15,0.12,0.27));
#587 = DIRECTION('',(1.,0.,-0.));
#588 = DIRECTION('',(0.,0.,1.));
#589 = ORIENTED_EDGE('',*,*,#560,.F.);
#590 = CYLINDRICAL_SURFACE('',#591,1.5E-02);
#591 = AXIS2_PLACEMENT_3D('',#592,#593,#594);
#592 = CARTESIAN_POINT('',(-0.15,0.12,0.27));
#593 = DIRECTION('',(1.,0.,0.));
#594 = DIRECTION('',(-0.,1.,0.));
#595 = ADVANCED_FACE('',(#596),#614,.T.);
#596 = FACE_BOUND('',#597,.T.);
#597 = EDGE_LOOP('',(#598,#599,#607,#613));
#598 = ORIENTED_EDGE('',*,*,#421,.F.);
#599 = ORIENTED_EDGE('',*,*,#600,.T.);
#600 = EDGE_CURVE('',#413,#601,#603,.T.);
#601 = VERTEX_POINT('',#602);
#602 = CARTESIAN_POINT('',(0.15,-0.12,0.285));
#603 = LINE('',#604,#605);
#604 = CARTESIAN_POINT('',(-0.15,-0.12,0.285));
#605 = VECTOR('',#606,1.);
#606 = DIRECTION('',(1.,0.,0.));
#607 = ORIENTED_EDGE('',*,*,#608,.T.);
#608 = EDGE_CURVE('',#601,#576,#609,.T.);
#609 = LINE('',#610,#611);
#610 = CARTESIAN_POINT('',(0.15,-0.135,0.285));
#611 = VECTOR('',#612,1.);
#612 = DIRECTION('',(0.,1.,0.));
#613 = ORIENTED_EDGE('',*,*,#575,.F.);
#614 = PLANE('',#615);
#615 = AXIS2_PLACEMENT_3D('',#616,#617,#618);
#616 = CARTESIAN_POINT('',(-0.15,-0.135,0.285));
#617 = DIRECTION('',(0.,0.,1.));
#618 = DIRECTION('',(1.,0.,-0.));
#619 = ADVANCED_FACE('',(#620),#639,.T.);
#620 = FACE_BOUND('',#621,.T.);
#621 = EDGE_LOOP('',(#622,#630,#637,#638));
#622 = ORIENTED_EDGE('',*,*,#623,.T.);
#623 = EDGE_CURVE('',#405,#624,#626,.T.);
#624 = VERTEX_POINT('',#625);
#625 = CARTESIAN_POINT('',(0.15,-0.135,0.27));
#626 = LINE('',#627,#628);
#627 = CARTESIAN_POINT('',(-0.15,-0.135,0.27));
#628 = VECTOR('',#629,1.);
#629 = DIRECTION('',(1.,0.,0.));
#630 = ORIENTED_EDGE('',*,*,#631,.T.);
#631 = EDGE_CURVE('',#624,#601,#632,.T.);
#632 = CIRCLE('',#633,1.5E-02);
#633 = AXIS2_PLACEMENT_3D('',#634,#635,#636);
#634 = CARTESIAN_POINT('',(0.15,-0.12,0.27));
#635 = DIRECTION('',(-1.,0.,0.));
#636 = DIRECTION('',(0.,0.,1.));
#637 = ORIENTED_EDGE('',*,*,#600,.F.);
#638 = ORIENTED_EDGE('',*,*,#412,.F.);
#639 = CYLINDRICAL_SURFACE('',#640,1.5E-02);
#640 = AXIS2_PLACEMENT_3D('',#641,#642,#643);
#641 = CARTESIAN_POINT('',(-0.15,-0.12,0.27));
#642 = DIRECTION('',(1.,0.,0.));
#643 = DIRECTION('',(0.,-1.,0.));
#644 = ADVANCED_FACE('',(#645),#656,.F.);
#645 = FACE_BOUND('',#646,.F.);
#646 = EDGE_LOOP('',(#647,#653,#654,#655));
#647 = ORIENTED_EDGE('',*,*,#648,.F.);
#648 = EDGE_CURVE('',#479,#624,#649,.T.);
#649 = LINE('',#650,#651);
#650 = CARTESIAN_POINT('',(0.15,-0.135,1.5E-02));
#651 = VECTOR('',#652,1.);
#652 = DIRECTION('',(0.,0.,1.));
#653 = ORIENTED_EDGE('',*,*,#487,.F.);
#654 = ORIENTED_EDGE('',*,*,#404,.T.);
#655 = ORIENTED_EDGE('',*,*,#623,.T.);
#656 = PLANE('',#657);
#657 = AXIS2_PLACEMENT_3D('',#658,#659,#660);
#658 = CARTESIAN_POINT('',(-0.15,-0.135,1.5E-02));
#659 = DIRECTION('',(0.,1.,0.));
#660 = DIRECTION('',(0.,-0.,1.));
#661 = ADVANCED_FACE('',(#662,#732),#742,.F.);
#662 = FACE_BOUND('',#663,.F.);
#663 = EDGE_LOOP('',(#664,#674,#683,#691,#700,#708,#717,#725));
#664 = ORIENTED_EDGE('',*,*,#665,.F.);
#665 = EDGE_CURVE('',#666,#668,#670,.T.);
#666 = VERTEX_POINT('',#667);
#667 = CARTESIAN_POINT('',(0.15,-0.15,1.5E-02));
#668 = VERTEX_POINT('',#669);
#669 = CARTESIAN_POINT('',(0.15,-0.15,0.285));
#670 = LINE('',#671,#672);
#671 = CARTESIAN_POINT('',(0.15,-0.15,0.));
#672 = VECTOR('',#673,1.);
#673 = DIRECTION('',(0.,0.,1.));
#674 = ORIENTED_EDGE('',*,*,#675,.T.);
#675 = EDGE_CURVE('',#666,#676,#678,.T.);
#676 = VERTEX_POINT('',#677);
#677 = CARTESIAN_POINT('',(0.15,-0.135,-2.775557561563E-17));
#678 = CIRCLE('',#679,1.5E-02);
#679 = AXIS2_PLACEMENT_3D('',#680,#681,#682);
#680 = CARTESIAN_POINT('',(0.15,-0.135,1.5E-02));
#681 = DIRECTION('',(1.,0.,-0.));
#682 = DIRECTION('',(0.,0.,1.));
#683 = ORIENTED_EDGE('',*,*,#684,.T.);
#684 = EDGE_CURVE('',#676,#685,#687,.T.);
#685 = VERTEX_POINT('',#686);
#686 = CARTESIAN_POINT('',(0.15,0.135,-2.775557561563E-17));
#687 = LINE('',#688,#689);
#688 = CARTESIAN_POINT('',(0.15,-0.15,0.));
#689 = VECTOR('',#690,1.);
#690 = DIRECTION('',(0.,1.,0.));
#691 = ORIENTED_EDGE('',*,*,#692,.F.);
#692 = EDGE_CURVE('',#693,#685,#695,.T.);
#693 = VERTEX_POINT('',#694);
#694 = CARTESIAN_POINT('',(0.15,0.15,1.5E-02));
#695 = CIRCLE('',#696,1.5E-02);
#696 = AXIS2_PLACEMENT_3D('',#697,#698,#699);
#697 = CARTESIAN_POINT('',(0.15,0.135,1.5E-02));
#698 = DIRECTION('',(-1.,0.,0.));
#699 = DIRECTION('',(0.,0.,1.));
#700 = ORIENTED_EDGE('',*,*,#701,.T.);
#701 = EDGE_CURVE('',#693,#702,#704,.T.);
#702 = VERTEX_POINT('',#703);
#703 = CARTESIAN_POINT('',(0.15,0.15,0.285));
#704 = LINE('',#705,#706);
#705 = CARTESIAN_POINT('',(0.15,0.15,0.));
#706 = VECTOR('',#707,1.);
#707 = DIRECTION('',(0.,0.,1.));
#708 = ORIENTED_EDGE('',*,*,#709,.T.);
#709 = EDGE_CURVE('',#702,#710,#712,.T.);
#710 = VERTEX_POINT('',#711);
#711 = CARTESIAN_POINT('',(0.15,0.135,0.3));
#712 = CIRCLE('',#713,1.5E-02);
#713 = AXIS2_PLACEMENT_3D('',#714,#715,#716);
#714 = CARTESIAN_POINT('',(0.15,0.135,0.285));
#715 = DIRECTION('',(1.,0.,-0.));
#716 = DIRECTION('',(0.,0.,1.));
#717 = ORIENTED_EDGE('',*,*,#718,.F.);
#718 = EDGE_CURVE('',#719,#710,#721,.T.);
#719 = VERTEX_POINT('',#720);
#720 = CARTESIAN_POINT('',(0.15,-0.135,0.3));
#721 = LINE('',#722,#723);
#722 = CARTESIAN_POINT('',(0.15,-0.15,0.3));
#723 = VECTOR('',#724,1.);
#724 = DIRECTION('',(0.,1.,0.));
#725 = ORIENTED_EDGE('',*,*,#726,.F.);
#726 = EDGE_CURVE('',#668,#719,#727,.T.);
#727 = CIRCLE('',#728,1.5E-02);
#728 = AXIS2_PLACEMENT_3D('',#729,#730,#731);
#729 = CARTESIAN_POINT('',(0.15,-0.135,0.285));
#730 = DIRECTION('',(-1.,0.,0.));
#731 = DIRECTION('',(0.,0.,1.));
#732 = FACE_BOUND('',#733,.F.);
#733 = EDGE_LOOP('',(#734,#735,#736,#737,#738,#739,#740,#741));
#734 = ORIENTED_EDGE('',*,*,#478,.F.);
#735 = ORIENTED_EDGE('',*,*,#648,.T.);
#736 = ORIENTED_EDGE('',*,*,#631,.T.);
#737 = ORIENTED_EDGE('',*,*,#608,.T.);
#738 = ORIENTED_EDGE('',*,*,#583,.F.);
#739 = ORIENTED_EDGE('',*,*,#550,.F.);
#740 = ORIENTED_EDGE('',*,*,#533,.T.);
#741 = ORIENTED_EDGE('',*,*,#503,.F.);
#742 = PLANE('',#743);
#743 = AXIS2_PLACEMENT_3D('',#744,#745,#746);
#744 = CARTESIAN_POINT('',(0.15,-0.15,0.));
#745 = DIRECTION('',(1.,0.,0.));
#746 = DIRECTION('',(0.,0.,1.));
#747 = ADVANCED_FACE('',(#748),#773,.F.);
#748 = FACE_BOUND('',#749,.F.);
#749 = EDGE_LOOP('',(#750,#760,#766,#767));
#750 = ORIENTED_EDGE('',*,*,#751,.F.);
#751 = EDGE_CURVE('',#752,#754,#756,.T.);
#752 = VERTEX_POINT('',#753);
#753 = CARTESIAN_POINT('',(0.3,-0.15,1.5E-02));
#754 = VERTEX_POINT('',#755);
#755 = CARTESIAN_POINT('',(0.3,-0.15,0.285));
#756 = LINE('',#757,#758);
#757 = CARTESIAN_POINT('',(0.3,-0.15,0.));
#758 = VECTOR('',#759,1.);
#759 = DIRECTION('',(0.,0.,1.));
#760 = ORIENTED_EDGE('',*,*,#761,.F.);
#761 = EDGE_CURVE('',#666,#752,#762,.T.);
#762 = LINE('',#763,#764);
#763 = CARTESIAN_POINT('',(0.15,-0.15,1.5E-02));
#764 = VECTOR('',#765,1.);
#765 = DIRECTION('',(1.,0.,0.));
#766 = ORIENTED_EDGE('',*,*,#665,.T.);
#767 = ORIENTED_EDGE('',*,*,#768,.T.);
#768 = EDGE_CURVE('',#668,#754,#769,.T.);
#769 = LINE('',#770,#771);
#770 = CARTESIAN_POINT('',(0.15,-0.15,0.285));
#771 = VECTOR('',#772,1.);
#772 = DIRECTION('',(1.,0.,0.));
#773 = PLANE('',#774);
#774 = AXIS2_PLACEMENT_3D('',#775,#776,#777);
#775 = CARTESIAN_POINT('',(0.15,-0.15,0.));
#776 = DIRECTION('',(0.,1.,0.));
#777 = DIRECTION('',(0.,-0.,1.));
#778 = ADVANCED_FACE('',(#779),#798,.T.);
#779 = FACE_BOUND('',#780,.T.);
#780 = EDGE_LOOP('',(#781,#782,#790,#797));
#781 = ORIENTED_EDGE('',*,*,#675,.T.);
#782 = ORIENTED_EDGE('',*,*,#783,.T.);
#783 = EDGE_CURVE('',#676,#784,#786,.T.);
#784 = VERTEX_POINT('',#785);
#785 = CARTESIAN_POINT('',(0.3,-0.135,-2.775557561563E-17));
#786 = LINE('',#787,#788);
#787 = CARTESIAN_POINT('',(0.15,-0.135,-2.775557561563E-17));
#788 = VECTOR('',#789,1.);
#789 = DIRECTION('',(1.,0.,0.));
#790 = ORIENTED_EDGE('',*,*,#791,.F.);
#791 = EDGE_CURVE('',#752,#784,#792,.T.);
#792 = CIRCLE('',#793,1.5E-02);
#793 = AXIS2_PLACEMENT_3D('',#794,#795,#796);
#794 = CARTESIAN_POINT('',(0.3,-0.135,1.5E-02));
#795 = DIRECTION('',(1.,0.,-0.));
#796 = DIRECTION('',(0.,0.,1.));
#797 = ORIENTED_EDGE('',*,*,#761,.F.);
#798 = CYLINDRICAL_SURFACE('',#799,1.5E-02);
#799 = AXIS2_PLACEMENT_3D('',#800,#801,#802);
#800 = CARTESIAN_POINT('',(0.15,-0.135,1.5E-02));
#801 = DIRECTION('',(1.,0.,0.));
#802 = DIRECTION('',(0.,-1.,0.));
#803 = ADVANCED_FACE('',(#804),#823,.T.);
#804 = FACE_BOUND('',#805,.T.);
#805 = EDGE_LOOP('',(#806,#807,#816,#822));
#806 = ORIENTED_EDGE('',*,*,#768,.T.);
#807 = ORIENTED_EDGE('',*,*,#808,.T.);
#808 = EDGE_CURVE('',#754,#809,#811,.T.);
#809 = VERTEX_POINT('',#810);
#810 = CARTESIAN_POINT('',(0.3,-0.135,0.3));
#811 = CIRCLE('',#812,1.5E-02);
#812 = AXIS2_PLACEMENT_3D('',#813,#814,#815);
#813 = CARTESIAN_POINT('',(0.3,-0.135,0.285));
#814 = DIRECTION('',(-1.,0.,0.));
#815 = DIRECTION('',(0.,0.,1.));
#816 = ORIENTED_EDGE('',*,*,#817,.F.);
#817 = EDGE_CURVE('',#719,#809,#818,.T.);
#818 = LINE('',#819,#820);
#819 = CARTESIAN_POINT('',(0.15,-0.135,0.3));
#820 = VECTOR('',#821,1.);
#821 = DIRECTION('',(1.,0.,0.));
#822 = ORIENTED_EDGE('',*,*,#726,.F.);
#823 = CYLINDRICAL_SURFACE('',#824,1.5E-02);
#824 = AXIS2_PLACEMENT_3D('',#825,#826,#827);
#825 = CARTESIAN_POINT('',(0.15,-0.135,0.285));
#826 = DIRECTION('',(1.,0.,0.));
#827 = DIRECTION('',(0.,-1.,0.));
#828 = ADVANCED_FACE('',(#829),#847,.F.);
#829 = FACE_BOUND('',#830,.F.);
#830 = EDGE_LOOP('',(#831,#832,#833,#841));
#831 = ORIENTED_EDGE('',*,*,#684,.F.);
#832 = ORIENTED_EDGE('',*,*,#783,.T.);
#833 = ORIENTED_EDGE('',*,*,#834,.T.);
#834 = EDGE_CURVE('',#784,#835,#837,.T.);
#835 = VERTEX_POINT('',#836);
#836 = CARTESIAN_POINT('',(0.3,0.135,-2.775557561563E-17));
#837 = LINE('',#838,#839);
#838 = CARTESIAN_POINT('',(0.3,-0.15,0.));
#839 = VECTOR('',#840,1.);
#840 = DIRECTION('',(0.,1.,0.));
#841 = ORIENTED_EDGE('',*,*,#842,.F.);
#842 = EDGE_CURVE('',#685,#835,#843,.T.);
#843 = LINE('',#844,#845);
#844 = CARTESIAN_POINT('',(0.15,0.135,-2.775557561563E-17));
#845 = VECTOR('',#846,1.);
#846 = DIRECTION('',(1.,0.,0.));
#847 = PLANE('',#848);
#848 = AXIS2_PLACEMENT_3D('',#849,#850,#851);
#849 = CARTESIAN_POINT('',(0.15,-0.15,0.));
#850 = DIRECTION('',(0.,0.,1.));
#851 = DIRECTION('',(1.,0.,-0.));
#852 = ADVANCED_FACE('',(#853),#871,.T.);
#853 = FACE_BOUND('',#854,.T.);
#854 = EDGE_LOOP('',(#855,#856,#857,#865));
#855 = ORIENTED_EDGE('',*,*,#718,.F.);
#856 = ORIENTED_EDGE('',*,*,#817,.T.);
#857 = ORIENTED_EDGE('',*,*,#858,.T.);
#858 = EDGE_CURVE('',#809,#859,#861,.T.);
#859 = VERTEX_POINT('',#860);
#860 = CARTESIAN_POINT('',(0.3,0.135,0.3));
#861 = LINE('',#862,#863);
#862 = CARTESIAN_POINT('',(0.3,-0.15,0.3));
#863 = VECTOR('',#864,1.);
#864 = DIRECTION('',(0.,1.,0.));
#865 = ORIENTED_EDGE('',*,*,#866,.F.);
#866 = EDGE_CURVE('',#710,#859,#867,.T.);
#867 = LINE('',#868,#869);
#868 = CARTESIAN_POINT('',(0.15,0.135,0.3));
#869 = VECTOR('',#870,1.);
#870 = DIRECTION('',(1.,0.,0.));
#871 = PLANE('',#872);
#872 = AXIS2_PLACEMENT_3D('',#873,#874,#875);
#873 = CARTESIAN_POINT('',(0.15,-0.15,0.3));
#874 = DIRECTION('',(0.,0.,1.));
#875 = DIRECTION('',(1.,0.,-0.));
#876 = ADVANCED_FACE('',(#877),#896,.T.);
#877 = FACE_BOUND('',#878,.T.);
#878 = EDGE_LOOP('',(#879,#887,#894,#895));
#879 = ORIENTED_EDGE('',*,*,#880,.T.);
#880 = EDGE_CURVE('',#693,#881,#883,.T.);
#881 = VERTEX_POINT('',#882);
#882 = CARTESIAN_POINT('',(0.3,0.15,1.5E-02));
#883 = LINE('',#884,#885);
#884 = CARTESIAN_POINT('',(0.15,0.15,1.5E-02));
#885 = VECTOR('',#886,1.);
#886 = DIRECTION('',(1.,0.,0.));
#887 = ORIENTED_EDGE('',*,*,#888,.T.);
#888 = EDGE_CURVE('',#881,#835,#889,.T.);
#889 = CIRCLE('',#890,1.5E-02);
#890 = AXIS2_PLACEMENT_3D('',#891,#892,#893);
#891 = CARTESIAN_POINT('',(0.3,0.135,1.5E-02));
#892 = DIRECTION('',(-1.,0.,0.));
#893 = DIRECTION('',(0.,0.,1.));
#894 = ORIENTED_EDGE('',*,*,#842,.F.);
#895 = ORIENTED_EDGE('',*,*,#692,.F.);
#896 = CYLINDRICAL_SURFACE('',#897,1.5E-02);
#897 = AXIS2_PLACEMENT_3D('',#898,#899,#900);
#898 = CARTESIAN_POINT('',(0.15,0.135,1.5E-02));
#899 = DIRECTION('',(1.,0.,0.));
#900 = DIRECTION('',(-0.,1.,0.));
#901 = ADVANCED_FACE('',(#902),#921,.T.);
#902 = FACE_BOUND('',#903,.T.);
#903 = EDGE_LOOP('',(#904,#905,#906,#915));
#904 = ORIENTED_EDGE('',*,*,#709,.T.);
#905 = ORIENTED_EDGE('',*,*,#866,.T.);
#906 = ORIENTED_EDGE('',*,*,#907,.F.);
#907 = EDGE_CURVE('',#908,#859,#910,.T.);
#908 = VERTEX_POINT('',#909);
#909 = CARTESIAN_POINT('',(0.3,0.15,0.285));
#910 = CIRCLE('',#911,1.5E-02);
#911 = AXIS2_PLACEMENT_3D('',#912,#913,#914);
#912 = CARTESIAN_POINT('',(0.3,0.135,0.285));
#913 = DIRECTION('',(1.,0.,-0.));
#914 = DIRECTION('',(0.,0.,1.));
#915 = ORIENTED_EDGE('',*,*,#916,.F.);
#916 = EDGE_CURVE('',#702,#908,#917,.T.);
#917 = LINE('',#918,#919);
#918 = CARTESIAN_POINT('',(0.15,0.15,0.285));
#919 = VECTOR('',#920,1.);
#920 = DIRECTION('',(1.,0.,0.));
#921 = CYLINDRICAL_SURFACE('',#922,1.5E-02);
#922 = AXIS2_PLACEMENT_3D('',#923,#924,#925);
#923 = CARTESIAN_POINT('',(0.15,0.135,0.285));
#924 = DIRECTION('',(1.,0.,0.));
#925 = DIRECTION('',(-0.,1.,0.));
#926 = ADVANCED_FACE('',(#927),#938,.T.);
#927 = FACE_BOUND('',#928,.T.);
#928 = EDGE_LOOP('',(#929,#935,#936,#937));
#929 = ORIENTED_EDGE('',*,*,#930,.F.);
#930 = EDGE_CURVE('',#881,#908,#931,.T.);
#931 = LINE('',#932,#933);
#932 = CARTESIAN_POINT('',(0.3,0.15,0.));
#933 = VECTOR('',#934,1.);
#934 = DIRECTION('',(0.,0.,1.));
#935 = ORIENTED_EDGE('',*,*,#880,.F.);
#936 = ORIENTED_EDGE('',*,*,#701,.T.);
#937 = ORIENTED_EDGE('',*,*,#916,.T.);
#938 = PLANE('',#939);
#939 = AXIS2_PLACEMENT_3D('',#940,#941,#942);
#940 = CARTESIAN_POINT('',(0.15,0.15,0.));
#941 = DIRECTION('',(0.,1.,0.));
#942 = DIRECTION('',(0.,-0.,1.));
#943 = ADVANCED_FACE('',(#944),#954,.T.);
#944 = FACE_BOUND('',#945,.T.);
#945 = EDGE_LOOP('',(#946,#947,#948,#949,#950,#951,#952,#953));
#946 = ORIENTED_EDGE('',*,*,#751,.F.);
#947 = ORIENTED_EDGE('',*,*,#791,.T.);
#948 = ORIENTED_EDGE('',*,*,#834,.T.);
#949 = ORIENTED_EDGE('',*,*,#888,.F.);
#950 = ORIENTED_EDGE('',*,*,#930,.T.);
#951 = ORIENTED_EDGE('',*,*,#907,.T.);
#952 = ORIENTED_EDGE('',*,*,#858,.F.);
#953 = ORIENTED_EDGE('',*,*,#808,.F.);
#954 = PLANE('',#955);
#955 = AXIS2_PLACEMENT_3D('',#956,#957,#958);
#956 = CARTESIAN_POINT('',(0.3,-0.15,0.));
#957 = DIRECTION('',(1.,0.,0.));
#958 = DIRECTION('',(0.,0.,1.));
#959 = ( GEOMETRIC_REPRESENTATION_CONTEXT(3) 
GLOBAL_UNCERTAINTY_ASSIGNED_CONTEXT((#963)) GLOBAL_UNIT_ASSIGNED_CONTEXT
((#960,#961,#962)) REPRESENTATION_CONTEXT('Context #1',
  '3D Context with UNIT and UNCERTAINTY') );
#960 = ( LENGTH_UNIT() NAMED_UNIT(*) SI_UNIT(.MILLI.,.METRE.) );
#961 = ( NAMED_UNIT(*) PLANE_ANGLE_UNIT() SI_UNIT($,.RADIAN.) );
#962 = ( NAMED_UNIT(*) SI_UNIT($,.STERADIAN.) SOLID_ANGLE_UNIT() );
#963 = UNCERTAINTY_MEASURE_WITH_UNIT(LENGTH_MEASURE(1.E-07),#960,
  'distance_accuracy_value','confusion accuracy');
#964 = CONTEXT_DEPENDENT_SHAPE_REPRESENTATION(#965,#967);
#965 = ( REPRESENTATION_RELATIONSHIP('','',#104,#10) 
REPRESENTATION_RELATIONSHIP_WITH_TRANSFORMATION(#966) 
SHAPE_REPRESENTATION_RELATIONSHIP() );
#966 = ITEM_DEFINED_TRANSFORMATION('','',#11,#15);
#967 = PRODUCT_DEFINITION_SHAPE('Placement','Placement of an item',#968
  );
#968 = NEXT_ASSEMBLY_USAGE_OCCURRENCE('1','C4','',#5,#99,$);
#969 = PRODUCT_RELATED_PRODUCT_CATEGORY('part',$,(#101));
#970 = CONTEXT_DEPENDENT_SHAPE_REPRESENTATION(#971,#973);
#971 = ( REPRESENTATION_RELATIONSHIP('','',#104,#10) 
REPRESENTATION_RELATIONSHIP_WITH_TRANSFORMATION(#972) 
SHAPE_REPRESENTATION_RELATIONSHIP() );
#972 = ITEM_DEFINED_TRANSFORMATION('','',#11,#19);
#973 = PRODUCT_DEFINITION_SHAPE('Placement','Placement of an item',#974
  );
#974 = NEXT_ASSEMBLY_USAGE_OCCURRENCE('2','C3','',#5,#99,$);
#975 = SHAPE_DEFINITION_REPRESENTATION(#976,#982);
#976 = PRODUCT_DEFINITION_SHAPE('','',#977);
#977 = PRODUCT_DEFINITION('design','',#978,#981);
#978 = PRODUCT_DEFINITION_FORMATION('','',#979);
#979 = PRODUCT('LED_WS2812B_PLCC4_5.0x5.0mm_P3.2mm',
  'LED_WS2812B_PLCC4_5.0x5.0mm_P3.2mm','',(#980));
#980 = PRODUCT_CONTEXT('',#2,'mechanical');
#981 = PRODUCT_DEFINITION_CONTEXT('part definition',#2,'design');
#982 = ADVANCED_BREP_SHAPE_REPRESENTATION('',(#11,#983),#3250);
#983 = MANIFOLD_SOLID_BREP('',#984);
#984 = CLOSED_SHELL('',(#985,#1044,#1069,#1102,#1127,#1152,#1177,#1194,
    #1219,#1250,#1290,#1421,#1545,#1562,#1571,#1582,#1750,#1781,#1812,
    #1843,#1928,#1952,#2030,#2061,#2146,#2170,#2248,#2279,#2310,#2341,
    #2426,#2450,#2528,#2559,#2644,#2668,#2746,#2763,#2780,#2797,#2814,
    #2831,#2848,#2865,#2887,#2899,#2911,#2928,#2940,#2957,#2979,#2991,
    #3008,#3020,#3032,#3049,#3066,#3083,#3105,#3117,#3134,#3146,#3158,
    #3175,#3197,#3209,#3226,#3238));
#985 = ADVANCED_FACE('',(#986,#997),#1039,.T.);
#986 = FACE_BOUND('',#987,.T.);
#987 = EDGE_LOOP('',(#988));
#988 = ORIENTED_EDGE('',*,*,#989,.T.);
#989 = EDGE_CURVE('',#990,#990,#992,.T.);
#990 = VERTEX_POINT('',#991);
#991 = CARTESIAN_POINT('',(-1.966666666667,2.408472038323E-16,1.6));
#992 = CIRCLE('',#993,1.966666666667);
#993 = AXIS2_PLACEMENT_3D('',#994,#995,#996);
#994 = CARTESIAN_POINT('',(0.,0.,1.6));
#995 = DIRECTION('',(0.,0.,-1.));
#996 = DIRECTION('',(-1.,1.224646799147E-16,0.));
#997 = FACE_BOUND('',#998,.T.);
#998 = EDGE_LOOP('',(#999,#1009,#1017,#1025,#1033));
#999 = ORIENTED_EDGE('',*,*,#1000,.T.);
#1000 = EDGE_CURVE('',#1001,#1003,#1005,.T.);
#1001 = VERTEX_POINT('',#1002);
#1002 = CARTESIAN_POINT('',(1.433400076889,-2.425,1.6));
#1003 = VERTEX_POINT('',#1004);
#1004 = CARTESIAN_POINT('',(2.425,-1.433400076889,1.6));
#1005 = LINE('',#1006,#1007);
#1006 = CARTESIAN_POINT('',(1.411433085478,-2.446966991411,1.6));
#1007 = VECTOR('',#1008,1.);
#1008 = DIRECTION('',(0.707106781187,0.707106781187,0.));
#1009 = ORIENTED_EDGE('',*,*,#1010,.T.);
#1010 = EDGE_CURVE('',#1003,#1011,#1013,.T.);
#1011 = VERTEX_POINT('',#1012);
#1012 = CARTESIAN_POINT('',(2.425,2.425,1.6));
#1013 = LINE('',#1014,#1015);
#1014 = CARTESIAN_POINT('',(2.425,-1.464466094067,1.6));
#1015 = VECTOR('',#1016,1.);
#1016 = DIRECTION('',(1.224646799147E-16,1.,0.));
#1017 = ORIENTED_EDGE('',*,*,#1018,.T.);
#1018 = EDGE_CURVE('',#1011,#1019,#1021,.T.);
#1019 = VERTEX_POINT('',#1020);
#1020 = CARTESIAN_POINT('',(-2.425,2.425,1.6));
#1021 = LINE('',#1022,#1023);
#1022 = CARTESIAN_POINT('',(2.5,2.425,1.6));
#1023 = VECTOR('',#1024,1.);
#1024 = DIRECTION('',(-1.,1.224646799147E-16,0.));
#1025 = ORIENTED_EDGE('',*,*,#1026,.T.);
#1026 = EDGE_CURVE('',#1019,#1027,#1029,.T.);
#1027 = VERTEX_POINT('',#1028);
#1028 = CARTESIAN_POINT('',(-2.425,-2.425,1.6));
#1029 = LINE('',#1030,#1031);
#1030 = CARTESIAN_POINT('',(-2.425,2.5,1.6));
#1031 = VECTOR('',#1032,1.);
#1032 = DIRECTION('',(-1.224646799147E-16,-1.,0.));
#1033 = ORIENTED_EDGE('',*,*,#1034,.T.);
#1034 = EDGE_CURVE('',#1027,#1001,#1035,.T.);
#1035 = LINE('',#1036,#1037);
#1036 = CARTESIAN_POINT('',(-2.5,-2.425,1.6));
#1037 = VECTOR('',#1038,1.);
#1038 = DIRECTION('',(1.,-1.224646799147E-16,0.));
#1039 = PLANE('',#1040);
#1040 = AXIS2_PLACEMENT_3D('',#1041,#1042,#1043);
#1041 = CARTESIAN_POINT('',(0.,0.,1.6));
#1042 = DIRECTION('',(0.,0.,1.));
#1043 = DIRECTION('',(-1.,1.224646799147E-16,0.));
#1044 = ADVANCED_FACE('',(#1045),#1064,.F.);
#1045 = FACE_BOUND('',#1046,.F.);
#1046 = EDGE_LOOP('',(#1047,#1055,#1056,#1057));
#1047 = ORIENTED_EDGE('',*,*,#1048,.F.);
#1048 = EDGE_CURVE('',#990,#1049,#1051,.T.);
#1049 = VERTEX_POINT('',#1050);
#1050 = CARTESIAN_POINT('',(-1.666666666667,2.041077998579E-16,1.3));
#1051 = LINE('',#1052,#1053);
#1052 = CARTESIAN_POINT('',(-1.666666666667,2.041077998579E-16,1.3));
#1053 = VECTOR('',#1054,1.);
#1054 = DIRECTION('',(0.707106781187,-8.659560562349E-17,-0.707106781187
    ));
#1055 = ORIENTED_EDGE('',*,*,#989,.T.);
#1056 = ORIENTED_EDGE('',*,*,#1048,.T.);
#1057 = ORIENTED_EDGE('',*,*,#1058,.F.);
#1058 = EDGE_CURVE('',#1049,#1049,#1059,.T.);
#1059 = CIRCLE('',#1060,1.666666666667);
#1060 = AXIS2_PLACEMENT_3D('',#1061,#1062,#1063);
#1061 = CARTESIAN_POINT('',(0.,0.,1.3));
#1062 = DIRECTION('',(0.,0.,-1.));
#1063 = DIRECTION('',(-1.,1.224646799147E-16,0.));
#1064 = CONICAL_SURFACE('',#1065,1.666666666667,0.785398163397);
#1065 = AXIS2_PLACEMENT_3D('',#1066,#1067,#1068);
#1066 = CARTESIAN_POINT('',(0.,0.,1.3));
#1067 = DIRECTION('',(0.,0.,1.));
#1068 = DIRECTION('',(-1.,1.224646799147E-16,0.));
#1069 = ADVANCED_FACE('',(#1070),#1097,.T.);
#1070 = FACE_BOUND('',#1071,.T.);
#1071 = EDGE_LOOP('',(#1072,#1081,#1089,#1096));
#1072 = ORIENTED_EDGE('',*,*,#1073,.T.);
#1073 = EDGE_CURVE('',#1001,#1074,#1076,.T.);
#1074 = VERTEX_POINT('',#1075);
#1075 = CARTESIAN_POINT('',(1.464466094067,-2.5,1.525));
#1076 = ELLIPSE('',#1077,8.117941502193E-02,7.5E-02);
#1077 = AXIS2_PLACEMENT_3D('',#1078,#1079,#1080);
#1078 = CARTESIAN_POINT('',(1.433400076889,-2.425,1.525));
#1079 = DIRECTION('',(0.923879532511,0.382683432365,-0.));
#1080 = DIRECTION('',(-0.382683432365,0.923879532511,0.));
#1081 = ORIENTED_EDGE('',*,*,#1082,.T.);
#1082 = EDGE_CURVE('',#1074,#1083,#1085,.T.);
#1083 = VERTEX_POINT('',#1084);
#1084 = CARTESIAN_POINT('',(2.5,-1.464466094067,1.525));
#1085 = LINE('',#1086,#1087);
#1086 = CARTESIAN_POINT('',(1.464466094067,-2.5,1.525));
#1087 = VECTOR('',#1088,1.);
#1088 = DIRECTION('',(0.707106781187,0.707106781187,0.));
#1089 = ORIENTED_EDGE('',*,*,#1090,.F.);
#1090 = EDGE_CURVE('',#1003,#1083,#1091,.T.);
#1091 = ELLIPSE('',#1092,8.117941502193E-02,7.5E-02);
#1092 = AXIS2_PLACEMENT_3D('',#1093,#1094,#1095);
#1093 = CARTESIAN_POINT('',(2.425,-1.433400076889,1.525));
#1094 = DIRECTION('',(0.382683432365,0.923879532511,0.));
#1095 = DIRECTION('',(0.923879532511,-0.382683432365,0.));
#1096 = ORIENTED_EDGE('',*,*,#1000,.F.);
#1097 = CYLINDRICAL_SURFACE('',#1098,7.5E-02);
#1098 = AXIS2_PLACEMENT_3D('',#1099,#1100,#1101);
#1099 = CARTESIAN_POINT('',(1.411433085478,-2.446966991411,1.525));
#1100 = DIRECTION('',(0.707106781187,0.707106781187,0.));
#1101 = DIRECTION('',(0.,-0.,1.));
#1102 = ADVANCED_FACE('',(#1103),#1122,.T.);
#1103 = FACE_BOUND('',#1104,.T.);
#1104 = EDGE_LOOP('',(#1105,#1114,#1120,#1121));
#1105 = ORIENTED_EDGE('',*,*,#1106,.F.);
#1106 = EDGE_CURVE('',#1107,#1027,#1109,.T.);
#1107 = VERTEX_POINT('',#1108);
#1108 = CARTESIAN_POINT('',(-2.5,-2.5,1.525));
#1109 = ELLIPSE('',#1110,0.106066017178,7.5E-02);
#1110 = AXIS2_PLACEMENT_3D('',#1111,#1112,#1113);
#1111 = CARTESIAN_POINT('',(-2.425,-2.425,1.525));
#1112 = DIRECTION('',(-0.707106781187,0.707106781187,0.));
#1113 = DIRECTION('',(-0.707106781187,-0.707106781187,0.));
#1114 = ORIENTED_EDGE('',*,*,#1115,.T.);
#1115 = EDGE_CURVE('',#1107,#1074,#1116,.T.);
#1116 = LINE('',#1117,#1118);
#1117 = CARTESIAN_POINT('',(-2.5,-2.5,1.525));
#1118 = VECTOR('',#1119,1.);
#1119 = DIRECTION('',(1.,-1.224646799147E-16,0.));
#1120 = ORIENTED_EDGE('',*,*,#1073,.F.);
#1121 = ORIENTED_EDGE('',*,*,#1034,.F.);
#1122 = CYLINDRICAL_SURFACE('',#1123,7.5E-02);
#1123 = AXIS2_PLACEMENT_3D('',#1124,#1125,#1126);
#1124 = CARTESIAN_POINT('',(-2.5,-2.425,1.525));
#1125 = DIRECTION('',(1.,-1.224646799147E-16,0.));
#1126 = DIRECTION('',(0.,0.,1.));
#1127 = ADVANCED_FACE('',(#1128),#1147,.T.);
#1128 = FACE_BOUND('',#1129,.T.);
#1129 = EDGE_LOOP('',(#1130,#1138,#1145,#1146));
#1130 = ORIENTED_EDGE('',*,*,#1131,.T.);
#1131 = EDGE_CURVE('',#1083,#1132,#1134,.T.);
#1132 = VERTEX_POINT('',#1133);
#1133 = CARTESIAN_POINT('',(2.5,2.5,1.525));
#1134 = LINE('',#1135,#1136);
#1135 = CARTESIAN_POINT('',(2.5,-1.464466094067,1.525));
#1136 = VECTOR('',#1137,1.);
#1137 = DIRECTION('',(1.224646799147E-16,1.,0.));
#1138 = ORIENTED_EDGE('',*,*,#1139,.T.);
#1139 = EDGE_CURVE('',#1132,#1011,#1140,.T.);
#1140 = ELLIPSE('',#1141,0.106066017178,7.5E-02);
#1141 = AXIS2_PLACEMENT_3D('',#1142,#1143,#1144);
#1142 = CARTESIAN_POINT('',(2.425,2.425,1.525));
#1143 = DIRECTION('',(0.707106781187,-0.707106781187,-0.));
#1144 = DIRECTION('',(-0.707106781187,-0.707106781187,0.));
#1145 = ORIENTED_EDGE('',*,*,#1010,.F.);
#1146 = ORIENTED_EDGE('',*,*,#1090,.T.);
#1147 = CYLINDRICAL_SURFACE('',#1148,7.5E-02);
#1148 = AXIS2_PLACEMENT_3D('',#1149,#1150,#1151);
#1149 = CARTESIAN_POINT('',(2.425,-1.464466094067,1.525));
#1150 = DIRECTION('',(1.224646799147E-16,1.,0.));
#1151 = DIRECTION('',(1.,-1.224646799147E-16,0.));
#1152 = ADVANCED_FACE('',(#1153),#1172,.T.);
#1153 = FACE_BOUND('',#1154,.T.);
#1154 = EDGE_LOOP('',(#1155,#1163,#1164,#1165));
#1155 = ORIENTED_EDGE('',*,*,#1156,.T.);
#1156 = EDGE_CURVE('',#1157,#1107,#1159,.T.);
#1157 = VERTEX_POINT('',#1158);
#1158 = CARTESIAN_POINT('',(-2.5,2.5,1.525));
#1159 = LINE('',#1160,#1161);
#1160 = CARTESIAN_POINT('',(-2.5,2.5,1.525));
#1161 = VECTOR('',#1162,1.);
#1162 = DIRECTION('',(-1.224646799147E-16,-1.,0.));
#1163 = ORIENTED_EDGE('',*,*,#1106,.T.);
#1164 = ORIENTED_EDGE('',*,*,#1026,.F.);
#1165 = ORIENTED_EDGE('',*,*,#1166,.F.);
#1166 = EDGE_CURVE('',#1157,#1019,#1167,.T.);
#1167 = ELLIPSE('',#1168,0.106066017178,7.5E-02);
#1168 = AXIS2_PLACEMENT_3D('',#1169,#1170,#1171);
#1169 = CARTESIAN_POINT('',(-2.425,2.425,1.525));
#1170 = DIRECTION('',(0.707106781187,0.707106781187,-0.));
#1171 = DIRECTION('',(-0.707106781187,0.707106781187,0.));
#1172 = CYLINDRICAL_SURFACE('',#1173,7.5E-02);
#1173 = AXIS2_PLACEMENT_3D('',#1174,#1175,#1176);
#1174 = CARTESIAN_POINT('',(-2.425,2.5,1.525));
#1175 = DIRECTION('',(-1.224646799147E-16,-1.,0.));
#1176 = DIRECTION('',(-1.,1.224646799147E-16,0.));
#1177 = ADVANCED_FACE('',(#1178),#1189,.T.);
#1178 = FACE_BOUND('',#1179,.T.);
#1179 = EDGE_LOOP('',(#1180,#1186,#1187,#1188));
#1180 = ORIENTED_EDGE('',*,*,#1181,.T.);
#1181 = EDGE_CURVE('',#1132,#1157,#1182,.T.);
#1182 = LINE('',#1183,#1184);
#1183 = CARTESIAN_POINT('',(2.5,2.5,1.525));
#1184 = VECTOR('',#1185,1.);
#1185 = DIRECTION('',(-1.,1.224646799147E-16,0.));
#1186 = ORIENTED_EDGE('',*,*,#1166,.T.);
#1187 = ORIENTED_EDGE('',*,*,#1018,.F.);
#1188 = ORIENTED_EDGE('',*,*,#1139,.F.);
#1189 = CYLINDRICAL_SURFACE('',#1190,7.5E-02);
#1190 = AXIS2_PLACEMENT_3D('',#1191,#1192,#1193);
#1191 = CARTESIAN_POINT('',(2.5,2.425,1.525));
#1192 = DIRECTION('',(-1.,1.224646799147E-16,0.));
#1193 = DIRECTION('',(1.224646799147E-16,1.,0.));
#1194 = ADVANCED_FACE('',(#1195),#1214,.F.);
#1195 = FACE_BOUND('',#1196,.F.);
#1196 = EDGE_LOOP('',(#1197,#1205,#1206,#1207));
#1197 = ORIENTED_EDGE('',*,*,#1198,.T.);
#1198 = EDGE_CURVE('',#1199,#1049,#1201,.T.);
#1199 = VERTEX_POINT('',#1200);
#1200 = CARTESIAN_POINT('',(-1.666666666667,2.041077998579E-16,1.225));
#1201 = LINE('',#1202,#1203);
#1202 = CARTESIAN_POINT('',(-1.666666666667,2.041077998579E-16,0.85));
#1203 = VECTOR('',#1204,1.);
#1204 = DIRECTION('',(0.,0.,1.));
#1205 = ORIENTED_EDGE('',*,*,#1058,.T.);
#1206 = ORIENTED_EDGE('',*,*,#1198,.F.);
#1207 = ORIENTED_EDGE('',*,*,#1208,.T.);
#1208 = EDGE_CURVE('',#1199,#1199,#1209,.T.);
#1209 = CIRCLE('',#1210,1.666666666667);
#1210 = AXIS2_PLACEMENT_3D('',#1211,#1212,#1213);
#1211 = CARTESIAN_POINT('',(0.,0.,1.225));
#1212 = DIRECTION('',(0.,0.,1.));
#1213 = DIRECTION('',(-1.,1.224646799147E-16,0.));
#1214 = CYLINDRICAL_SURFACE('',#1215,1.666666666667);
#1215 = AXIS2_PLACEMENT_3D('',#1216,#1217,#1218);
#1216 = CARTESIAN_POINT('',(0.,0.,0.85));
#1217 = DIRECTION('',(0.,0.,-1.));
#1218 = DIRECTION('',(-1.,1.224646799147E-16,0.));
#1219 = ADVANCED_FACE('',(#1220),#1245,.T.);
#1220 = FACE_BOUND('',#1221,.T.);
#1221 = EDGE_LOOP('',(#1222,#1230,#1238,#1244));
#1222 = ORIENTED_EDGE('',*,*,#1223,.T.);
#1223 = EDGE_CURVE('',#1074,#1224,#1226,.T.);
#1224 = VERTEX_POINT('',#1225);
#1225 = CARTESIAN_POINT('',(1.464466094067,-2.5,1.3));
#1226 = LINE('',#1227,#1228);
#1227 = CARTESIAN_POINT('',(1.464466094067,-2.5,0.7));
#1228 = VECTOR('',#1229,1.);
#1229 = DIRECTION('',(0.,0.,-1.));
#1230 = ORIENTED_EDGE('',*,*,#1231,.F.);
#1231 = EDGE_CURVE('',#1232,#1224,#1234,.T.);
#1232 = VERTEX_POINT('',#1233);
#1233 = CARTESIAN_POINT('',(2.5,-1.464466094067,1.3));
#1234 = LINE('',#1235,#1236);
#1235 = CARTESIAN_POINT('',(3.75,-0.214466094067,1.3));
#1236 = VECTOR('',#1237,1.);
#1237 = DIRECTION('',(-0.707106781187,-0.707106781187,0.));
#1238 = ORIENTED_EDGE('',*,*,#1239,.T.);
#1239 = EDGE_CURVE('',#1232,#1083,#1240,.T.);
#1240 = LINE('',#1241,#1242);
#1241 = CARTESIAN_POINT('',(2.5,-1.464466094067,0.7));
#1242 = VECTOR('',#1243,1.);
#1243 = DIRECTION('',(0.,0.,1.));
#1244 = ORIENTED_EDGE('',*,*,#1082,.F.);
#1245 = PLANE('',#1246);
#1246 = AXIS2_PLACEMENT_3D('',#1247,#1248,#1249);
#1247 = CARTESIAN_POINT('',(3.75,-0.214466094067,1.3));
#1248 = DIRECTION('',(0.707106781187,-0.707106781187,0.));
#1249 = DIRECTION('',(-0.707106781187,-0.707106781187,0.));
#1250 = ADVANCED_FACE('',(#1251),#1285,.F.);
#1251 = FACE_BOUND('',#1252,.F.);
#1252 = EDGE_LOOP('',(#1253,#1254,#1262,#1270,#1278,#1284));
#1253 = ORIENTED_EDGE('',*,*,#1223,.T.);
#1254 = ORIENTED_EDGE('',*,*,#1255,.T.);
#1255 = EDGE_CURVE('',#1224,#1256,#1258,.T.);
#1256 = VERTEX_POINT('',#1257);
#1257 = CARTESIAN_POINT('',(2.5,-2.5,1.3));
#1258 = LINE('',#1259,#1260);
#1259 = CARTESIAN_POINT('',(0.625,-2.5,1.3));
#1260 = VECTOR('',#1261,1.);
#1261 = DIRECTION('',(1.,-1.224646799147E-16,0.));
#1262 = ORIENTED_EDGE('',*,*,#1263,.F.);
#1263 = EDGE_CURVE('',#1264,#1256,#1266,.T.);
#1264 = VERTEX_POINT('',#1265);
#1265 = CARTESIAN_POINT('',(2.5,-2.5,0.1));
#1266 = LINE('',#1267,#1268);
#1267 = CARTESIAN_POINT('',(2.5,-2.5,0.1));
#1268 = VECTOR('',#1269,1.);
#1269 = DIRECTION('',(0.,0.,1.));
#1270 = ORIENTED_EDGE('',*,*,#1271,.F.);
#1271 = EDGE_CURVE('',#1272,#1264,#1274,.T.);
#1272 = VERTEX_POINT('',#1273);
#1273 = CARTESIAN_POINT('',(-2.5,-2.5,0.1));
#1274 = LINE('',#1275,#1276);
#1275 = CARTESIAN_POINT('',(-2.5,-2.5,0.1));
#1276 = VECTOR('',#1277,1.);
#1277 = DIRECTION('',(1.,-1.224646799147E-16,0.));
#1278 = ORIENTED_EDGE('',*,*,#1279,.T.);
#1279 = EDGE_CURVE('',#1272,#1107,#1280,.T.);
#1280 = LINE('',#1281,#1282);
#1281 = CARTESIAN_POINT('',(-2.5,-2.5,0.1));
#1282 = VECTOR('',#1283,1.);
#1283 = DIRECTION('',(0.,0.,1.));
#1284 = ORIENTED_EDGE('',*,*,#1115,.T.);
#1285 = PLANE('',#1286);
#1286 = AXIS2_PLACEMENT_3D('',#1287,#1288,#1289);
#1287 = CARTESIAN_POINT('',(-2.5,-2.5,0.1));
#1288 = DIRECTION('',(1.224646799147E-16,1.,0.));
#1289 = DIRECTION('',(1.,-1.224646799147E-16,0.));
#1290 = ADVANCED_FACE('',(#1291,#1348,#1382),#1416,.F.);
#1291 = FACE_BOUND('',#1292,.F.);
#1292 = EDGE_LOOP('',(#1293,#1301,#1309,#1317,#1325,#1333,#1339,#1340,
    #1346,#1347));
#1293 = ORIENTED_EDGE('',*,*,#1294,.F.);
#1294 = EDGE_CURVE('',#1295,#1132,#1297,.T.);
#1295 = VERTEX_POINT('',#1296);
#1296 = CARTESIAN_POINT('',(2.5,2.5,0.1));
#1297 = LINE('',#1298,#1299);
#1298 = CARTESIAN_POINT('',(2.5,2.5,0.1));
#1299 = VECTOR('',#1300,1.);
#1300 = DIRECTION('',(0.,0.,1.));
#1301 = ORIENTED_EDGE('',*,*,#1302,.F.);
#1302 = EDGE_CURVE('',#1303,#1295,#1305,.T.);
#1303 = VERTEX_POINT('',#1304);
#1304 = CARTESIAN_POINT('',(2.5,2.1,0.1));
#1305 = LINE('',#1306,#1307);
#1306 = CARTESIAN_POINT('',(2.5,-2.5,0.1));
#1307 = VECTOR('',#1308,1.);
#1308 = DIRECTION('',(1.224646799147E-16,1.,0.));
#1309 = ORIENTED_EDGE('',*,*,#1310,.F.);
#1310 = EDGE_CURVE('',#1311,#1303,#1313,.T.);
#1311 = VERTEX_POINT('',#1312);
#1312 = CARTESIAN_POINT('',(2.5,1.2,0.1));
#1313 = LINE('',#1314,#1315);
#1314 = CARTESIAN_POINT('',(2.5,-2.5,0.1));
#1315 = VECTOR('',#1316,1.);
#1316 = DIRECTION('',(1.224646799147E-16,1.,0.));
#1317 = ORIENTED_EDGE('',*,*,#1318,.F.);
#1318 = EDGE_CURVE('',#1319,#1311,#1321,.T.);
#1319 = VERTEX_POINT('',#1320);
#1320 = CARTESIAN_POINT('',(2.5,-1.2,0.1));
#1321 = LINE('',#1322,#1323);
#1322 = CARTESIAN_POINT('',(2.5,-2.5,0.1));
#1323 = VECTOR('',#1324,1.);
#1324 = DIRECTION('',(1.224646799147E-16,1.,0.));
#1325 = ORIENTED_EDGE('',*,*,#1326,.F.);
#1326 = EDGE_CURVE('',#1327,#1319,#1329,.T.);
#1327 = VERTEX_POINT('',#1328);
#1328 = CARTESIAN_POINT('',(2.5,-2.1,0.1));
#1329 = LINE('',#1330,#1331);
#1330 = CARTESIAN_POINT('',(2.5,-2.5,0.1));
#1331 = VECTOR('',#1332,1.);
#1332 = DIRECTION('',(1.224646799147E-16,1.,0.));
#1333 = ORIENTED_EDGE('',*,*,#1334,.F.);
#1334 = EDGE_CURVE('',#1264,#1327,#1335,.T.);
#1335 = LINE('',#1336,#1337);
#1336 = CARTESIAN_POINT('',(2.5,-2.5,0.1));
#1337 = VECTOR('',#1338,1.);
#1338 = DIRECTION('',(1.224646799147E-16,1.,0.));
#1339 = ORIENTED_EDGE('',*,*,#1263,.T.);
#1340 = ORIENTED_EDGE('',*,*,#1341,.T.);
#1341 = EDGE_CURVE('',#1256,#1232,#1342,.T.);
#1342 = LINE('',#1343,#1344);
#1343 = CARTESIAN_POINT('',(2.5,-3.125,1.3));
#1344 = VECTOR('',#1345,1.);
#1345 = DIRECTION('',(1.224646799147E-16,1.,0.));
#1346 = ORIENTED_EDGE('',*,*,#1239,.T.);
#1347 = ORIENTED_EDGE('',*,*,#1131,.T.);
#1348 = FACE_BOUND('',#1349,.F.);
#1349 = EDGE_LOOP('',(#1350,#1360,#1368,#1376));
#1350 = ORIENTED_EDGE('',*,*,#1351,.T.);
#1351 = EDGE_CURVE('',#1352,#1354,#1356,.T.);
#1352 = VERTEX_POINT('',#1353);
#1353 = CARTESIAN_POINT('',(2.5,1.2,0.9));
#1354 = VERTEX_POINT('',#1355);
#1355 = CARTESIAN_POINT('',(2.5,2.1,0.9));
#1356 = LINE('',#1357,#1358);
#1357 = CARTESIAN_POINT('',(2.5,-0.425,0.9));
#1358 = VECTOR('',#1359,1.);
#1359 = DIRECTION('',(1.224646799147E-16,1.,-1.556307025767E-32));
#1360 = ORIENTED_EDGE('',*,*,#1361,.T.);
#1361 = EDGE_CURVE('',#1354,#1362,#1364,.T.);
#1362 = VERTEX_POINT('',#1363);
#1363 = CARTESIAN_POINT('',(2.5,2.1,1.));
#1364 = LINE('',#1365,#1366);
#1365 = CARTESIAN_POINT('',(2.5,2.1,5.E-02));
#1366 = VECTOR('',#1367,1.);
#1367 = DIRECTION('',(0.,0.,1.));
#1368 = ORIENTED_EDGE('',*,*,#1369,.F.);
#1369 = EDGE_CURVE('',#1370,#1362,#1372,.T.);
#1370 = VERTEX_POINT('',#1371);
#1371 = CARTESIAN_POINT('',(2.5,1.2,1.));
#1372 = LINE('',#1373,#1374);
#1373 = CARTESIAN_POINT('',(2.5,-0.425,1.));
#1374 = VECTOR('',#1375,1.);
#1375 = DIRECTION('',(1.224646799147E-16,1.,0.));
#1376 = ORIENTED_EDGE('',*,*,#1377,.T.);
#1377 = EDGE_CURVE('',#1370,#1352,#1378,.T.);
#1378 = LINE('',#1379,#1380);
#1379 = CARTESIAN_POINT('',(2.5,1.2,5.E-02));
#1380 = VECTOR('',#1381,1.);
#1381 = DIRECTION('',(-0.,0.,-1.));
#1382 = FACE_BOUND('',#1383,.F.);
#1383 = EDGE_LOOP('',(#1384,#1394,#1402,#1410));
#1384 = ORIENTED_EDGE('',*,*,#1385,.F.);
#1385 = EDGE_CURVE('',#1386,#1388,#1390,.T.);
#1386 = VERTEX_POINT('',#1387);
#1387 = CARTESIAN_POINT('',(2.5,-2.1,1.));
#1388 = VERTEX_POINT('',#1389);
#1389 = CARTESIAN_POINT('',(2.5,-1.2,1.));
#1390 = LINE('',#1391,#1392);
#1391 = CARTESIAN_POINT('',(2.5,-2.075,1.));
#1392 = VECTOR('',#1393,1.);
#1393 = DIRECTION('',(1.224646799147E-16,1.,0.));
#1394 = ORIENTED_EDGE('',*,*,#1395,.T.);
#1395 = EDGE_CURVE('',#1386,#1396,#1398,.T.);
#1396 = VERTEX_POINT('',#1397);
#1397 = CARTESIAN_POINT('',(2.5,-2.1,0.9));
#1398 = LINE('',#1399,#1400);
#1399 = CARTESIAN_POINT('',(2.5,-2.1,5.E-02));
#1400 = VECTOR('',#1401,1.);
#1401 = DIRECTION('',(-0.,0.,-1.));
#1402 = ORIENTED_EDGE('',*,*,#1403,.T.);
#1403 = EDGE_CURVE('',#1396,#1404,#1406,.T.);
#1404 = VERTEX_POINT('',#1405);
#1405 = CARTESIAN_POINT('',(2.5,-1.2,0.9));
#1406 = LINE('',#1407,#1408);
#1407 = CARTESIAN_POINT('',(2.5,-2.075,0.9));
#1408 = VECTOR('',#1409,1.);
#1409 = DIRECTION('',(1.224646799147E-16,1.,-3.890767564419E-33));
#1410 = ORIENTED_EDGE('',*,*,#1411,.T.);
#1411 = EDGE_CURVE('',#1404,#1388,#1412,.T.);
#1412 = LINE('',#1413,#1414);
#1413 = CARTESIAN_POINT('',(2.5,-1.2,5.E-02));
#1414 = VECTOR('',#1415,1.);
#1415 = DIRECTION('',(0.,0.,1.));
#1416 = PLANE('',#1417);
#1417 = AXIS2_PLACEMENT_3D('',#1418,#1419,#1420);
#1418 = CARTESIAN_POINT('',(2.5,-2.5,0.1));
#1419 = DIRECTION('',(-1.,1.224646799147E-16,0.));
#1420 = DIRECTION('',(1.224646799147E-16,1.,0.));
#1421 = ADVANCED_FACE('',(#1422,#1472,#1506),#1540,.F.);
#1422 = FACE_BOUND('',#1423,.F.);
#1423 = EDGE_LOOP('',(#1424,#1432,#1433,#1434,#1442,#1450,#1458,#1466));
#1424 = ORIENTED_EDGE('',*,*,#1425,.T.);
#1425 = EDGE_CURVE('',#1426,#1157,#1428,.T.);
#1426 = VERTEX_POINT('',#1427);
#1427 = CARTESIAN_POINT('',(-2.5,2.5,0.1));
#1428 = LINE('',#1429,#1430);
#1429 = CARTESIAN_POINT('',(-2.5,2.5,0.1));
#1430 = VECTOR('',#1431,1.);
#1431 = DIRECTION('',(0.,0.,1.));
#1432 = ORIENTED_EDGE('',*,*,#1156,.T.);
#1433 = ORIENTED_EDGE('',*,*,#1279,.F.);
#1434 = ORIENTED_EDGE('',*,*,#1435,.F.);
#1435 = EDGE_CURVE('',#1436,#1272,#1438,.T.);
#1436 = VERTEX_POINT('',#1437);
#1437 = CARTESIAN_POINT('',(-2.5,-2.1,0.1));
#1438 = LINE('',#1439,#1440);
#1439 = CARTESIAN_POINT('',(-2.5,2.5,0.1));
#1440 = VECTOR('',#1441,1.);
#1441 = DIRECTION('',(-1.224646799147E-16,-1.,0.));
#1442 = ORIENTED_EDGE('',*,*,#1443,.F.);
#1443 = EDGE_CURVE('',#1444,#1436,#1446,.T.);
#1444 = VERTEX_POINT('',#1445);
#1445 = CARTESIAN_POINT('',(-2.5,-1.2,0.1));
#1446 = LINE('',#1447,#1448);
#1447 = CARTESIAN_POINT('',(-2.5,2.5,0.1));
#1448 = VECTOR('',#1449,1.);
#1449 = DIRECTION('',(-1.224646799147E-16,-1.,0.));
#1450 = ORIENTED_EDGE('',*,*,#1451,.F.);
#1451 = EDGE_CURVE('',#1452,#1444,#1454,.T.);
#1452 = VERTEX_POINT('',#1453);
#1453 = CARTESIAN_POINT('',(-2.5,1.2,0.1));
#1454 = LINE('',#1455,#1456);
#1455 = CARTESIAN_POINT('',(-2.5,2.5,0.1));
#1456 = VECTOR('',#1457,1.);
#1457 = DIRECTION('',(-1.224646799147E-16,-1.,0.));
#1458 = ORIENTED_EDGE('',*,*,#1459,.F.);
#1459 = EDGE_CURVE('',#1460,#1452,#1462,.T.);
#1460 = VERTEX_POINT('',#1461);
#1461 = CARTESIAN_POINT('',(-2.5,2.1,0.1));
#1462 = LINE('',#1463,#1464);
#1463 = CARTESIAN_POINT('',(-2.5,2.5,0.1));
#1464 = VECTOR('',#1465,1.);
#1465 = DIRECTION('',(-1.224646799147E-16,-1.,0.));
#1466 = ORIENTED_EDGE('',*,*,#1467,.F.);
#1467 = EDGE_CURVE('',#1426,#1460,#1468,.T.);
#1468 = LINE('',#1469,#1470);
#1469 = CARTESIAN_POINT('',(-2.5,2.5,0.1));
#1470 = VECTOR('',#1471,1.);
#1471 = DIRECTION('',(-1.224646799147E-16,-1.,0.));
#1472 = FACE_BOUND('',#1473,.F.);
#1473 = EDGE_LOOP('',(#1474,#1484,#1492,#1500));
#1474 = ORIENTED_EDGE('',*,*,#1475,.F.);
#1475 = EDGE_CURVE('',#1476,#1478,#1480,.T.);
#1476 = VERTEX_POINT('',#1477);
#1477 = CARTESIAN_POINT('',(-2.5,-1.2,1.));
#1478 = VERTEX_POINT('',#1479);
#1479 = CARTESIAN_POINT('',(-2.5,-2.1,1.));
#1480 = LINE('',#1481,#1482);
#1481 = CARTESIAN_POINT('',(-2.5,0.425,1.));
#1482 = VECTOR('',#1483,1.);
#1483 = DIRECTION('',(-1.224646799147E-16,-1.,0.));
#1484 = ORIENTED_EDGE('',*,*,#1485,.T.);
#1485 = EDGE_CURVE('',#1476,#1486,#1488,.T.);
#1486 = VERTEX_POINT('',#1487);
#1487 = CARTESIAN_POINT('',(-2.5,-1.2,0.9));
#1488 = LINE('',#1489,#1490);
#1489 = CARTESIAN_POINT('',(-2.5,-1.2,5.E-02));
#1490 = VECTOR('',#1491,1.);
#1491 = DIRECTION('',(-0.,0.,-1.));
#1492 = ORIENTED_EDGE('',*,*,#1493,.T.);
#1493 = EDGE_CURVE('',#1486,#1494,#1496,.T.);
#1494 = VERTEX_POINT('',#1495);
#1495 = CARTESIAN_POINT('',(-2.5,-2.1,0.9));
#1496 = LINE('',#1497,#1498);
#1497 = CARTESIAN_POINT('',(-2.5,0.425,0.9));
#1498 = VECTOR('',#1499,1.);
#1499 = DIRECTION('',(-1.224646799147E-16,-1.,3.890767564419E-33));
#1500 = ORIENTED_EDGE('',*,*,#1501,.T.);
#1501 = EDGE_CURVE('',#1494,#1478,#1502,.T.);
#1502 = LINE('',#1503,#1504);
#1503 = CARTESIAN_POINT('',(-2.5,-2.1,5.E-02));
#1504 = VECTOR('',#1505,1.);
#1505 = DIRECTION('',(0.,0.,1.));
#1506 = FACE_BOUND('',#1507,.F.);
#1507 = EDGE_LOOP('',(#1508,#1518,#1526,#1534));
#1508 = ORIENTED_EDGE('',*,*,#1509,.F.);
#1509 = EDGE_CURVE('',#1510,#1512,#1514,.T.);
#1510 = VERTEX_POINT('',#1511);
#1511 = CARTESIAN_POINT('',(-2.5,2.1,1.));
#1512 = VERTEX_POINT('',#1513);
#1513 = CARTESIAN_POINT('',(-2.5,1.2,1.));
#1514 = LINE('',#1515,#1516);
#1515 = CARTESIAN_POINT('',(-2.5,2.075,1.));
#1516 = VECTOR('',#1517,1.);
#1517 = DIRECTION('',(-1.224646799147E-16,-1.,0.));
#1518 = ORIENTED_EDGE('',*,*,#1519,.T.);
#1519 = EDGE_CURVE('',#1510,#1520,#1522,.T.);
#1520 = VERTEX_POINT('',#1521);
#1521 = CARTESIAN_POINT('',(-2.5,2.1,0.9));
#1522 = LINE('',#1523,#1524);
#1523 = CARTESIAN_POINT('',(-2.5,2.1,5.E-02));
#1524 = VECTOR('',#1525,1.);
#1525 = DIRECTION('',(-0.,0.,-1.));
#1526 = ORIENTED_EDGE('',*,*,#1527,.T.);
#1527 = EDGE_CURVE('',#1520,#1528,#1530,.T.);
#1528 = VERTEX_POINT('',#1529);
#1529 = CARTESIAN_POINT('',(-2.5,1.2,0.9));
#1530 = LINE('',#1531,#1532);
#1531 = CARTESIAN_POINT('',(-2.5,2.075,0.9));
#1532 = VECTOR('',#1533,1.);
#1533 = DIRECTION('',(-1.224646799147E-16,-1.,1.556307025767E-32));
#1534 = ORIENTED_EDGE('',*,*,#1535,.T.);
#1535 = EDGE_CURVE('',#1528,#1512,#1536,.T.);
#1536 = LINE('',#1537,#1538);
#1537 = CARTESIAN_POINT('',(-2.5,1.2,5.E-02));
#1538 = VECTOR('',#1539,1.);
#1539 = DIRECTION('',(0.,0.,1.));
#1540 = PLANE('',#1541);
#1541 = AXIS2_PLACEMENT_3D('',#1542,#1543,#1544);
#1542 = CARTESIAN_POINT('',(-2.5,2.5,0.1));
#1543 = DIRECTION('',(1.,-1.224646799147E-16,0.));
#1544 = DIRECTION('',(-1.224646799147E-16,-1.,0.));
#1545 = ADVANCED_FACE('',(#1546),#1557,.F.);
#1546 = FACE_BOUND('',#1547,.F.);
#1547 = EDGE_LOOP('',(#1548,#1549,#1550,#1551));
#1548 = ORIENTED_EDGE('',*,*,#1294,.T.);
#1549 = ORIENTED_EDGE('',*,*,#1181,.T.);
#1550 = ORIENTED_EDGE('',*,*,#1425,.F.);
#1551 = ORIENTED_EDGE('',*,*,#1552,.F.);
#1552 = EDGE_CURVE('',#1295,#1426,#1553,.T.);
#1553 = LINE('',#1554,#1555);
#1554 = CARTESIAN_POINT('',(2.5,2.5,0.1));
#1555 = VECTOR('',#1556,1.);
#1556 = DIRECTION('',(-1.,1.224646799147E-16,0.));
#1557 = PLANE('',#1558);
#1558 = AXIS2_PLACEMENT_3D('',#1559,#1560,#1561);
#1559 = CARTESIAN_POINT('',(2.5,2.5,0.1));
#1560 = DIRECTION('',(-1.224646799147E-16,-1.,0.));
#1561 = DIRECTION('',(-1.,1.224646799147E-16,0.));
#1562 = ADVANCED_FACE('',(#1563),#1566,.T.);
#1563 = FACE_BOUND('',#1564,.T.);
#1564 = EDGE_LOOP('',(#1565));
#1565 = ORIENTED_EDGE('',*,*,#1208,.T.);
#1566 = PLANE('',#1567);
#1567 = AXIS2_PLACEMENT_3D('',#1568,#1569,#1570);
#1568 = CARTESIAN_POINT('',(1.538370149107E-16,-1.370800865949E-16,1.225
    ));
#1569 = DIRECTION('',(0.,0.,1.));
#1570 = DIRECTION('',(-1.,1.224646799147E-16,0.));
#1571 = ADVANCED_FACE('',(#1572),#1577,.T.);
#1572 = FACE_BOUND('',#1573,.T.);
#1573 = EDGE_LOOP('',(#1574,#1575,#1576));
#1574 = ORIENTED_EDGE('',*,*,#1341,.T.);
#1575 = ORIENTED_EDGE('',*,*,#1231,.T.);
#1576 = ORIENTED_EDGE('',*,*,#1255,.T.);
#1577 = PLANE('',#1578);
#1578 = AXIS2_PLACEMENT_3D('',#1579,#1580,#1581);
#1579 = CARTESIAN_POINT('',(3.75,-3.75,1.3));
#1580 = DIRECTION('',(0.,0.,1.));
#1581 = DIRECTION('',(-0.707106781187,-0.707106781187,0.));
#1582 = ADVANCED_FACE('',(#1583),#1745,.F.);
#1583 = FACE_BOUND('',#1584,.F.);
#1584 = EDGE_LOOP('',(#1585,#1586,#1587,#1588,#1596,#1604,#1612,#1620,
    #1626,#1627,#1635,#1643,#1651,#1659,#1665,#1666,#1667,#1668,#1676,
    #1684,#1692,#1700,#1706,#1707,#1715,#1723,#1731,#1739));
#1585 = ORIENTED_EDGE('',*,*,#1302,.T.);
#1586 = ORIENTED_EDGE('',*,*,#1552,.T.);
#1587 = ORIENTED_EDGE('',*,*,#1467,.T.);
#1588 = ORIENTED_EDGE('',*,*,#1589,.F.);
#1589 = EDGE_CURVE('',#1590,#1460,#1592,.T.);
#1590 = VERTEX_POINT('',#1591);
#1591 = CARTESIAN_POINT('',(-1.95,2.1,0.1));
#1592 = LINE('',#1593,#1594);
#1593 = CARTESIAN_POINT('',(-2.025,2.1,0.1));
#1594 = VECTOR('',#1595,1.);
#1595 = DIRECTION('',(-1.,1.224646799147E-16,-4.996063166392E-32));
#1596 = ORIENTED_EDGE('',*,*,#1597,.T.);
#1597 = EDGE_CURVE('',#1590,#1598,#1600,.T.);
#1598 = VERTEX_POINT('',#1599);
#1599 = CARTESIAN_POINT('',(-1.8,2.1,0.1));
#1600 = LINE('',#1601,#1602);
#1601 = CARTESIAN_POINT('',(-0.9,2.1,0.1));
#1602 = VECTOR('',#1603,1.);
#1603 = DIRECTION('',(1.,-1.224646799147E-16,0.));
#1604 = ORIENTED_EDGE('',*,*,#1605,.T.);
#1605 = EDGE_CURVE('',#1598,#1606,#1608,.T.);
#1606 = VERTEX_POINT('',#1607);
#1607 = CARTESIAN_POINT('',(-1.8,1.2,0.1));
#1608 = LINE('',#1609,#1610);
#1609 = CARTESIAN_POINT('',(-1.8,0.6,0.1));
#1610 = VECTOR('',#1611,1.);
#1611 = DIRECTION('',(-1.224646799147E-16,-1.,0.));
#1612 = ORIENTED_EDGE('',*,*,#1613,.T.);
#1613 = EDGE_CURVE('',#1606,#1614,#1616,.T.);
#1614 = VERTEX_POINT('',#1615);
#1615 = CARTESIAN_POINT('',(-1.95,1.2,0.1));
#1616 = LINE('',#1617,#1618);
#1617 = CARTESIAN_POINT('',(-1.35,1.2,0.1));
#1618 = VECTOR('',#1619,1.);
#1619 = DIRECTION('',(-1.,1.224646799147E-16,0.));
#1620 = ORIENTED_EDGE('',*,*,#1621,.F.);
#1621 = EDGE_CURVE('',#1452,#1614,#1622,.T.);
#1622 = LINE('',#1623,#1624);
#1623 = CARTESIAN_POINT('',(-2.475,1.2,0.1));
#1624 = VECTOR('',#1625,1.);
#1625 = DIRECTION('',(1.,-1.224646799147E-16,4.996063166392E-32));
#1626 = ORIENTED_EDGE('',*,*,#1451,.T.);
#1627 = ORIENTED_EDGE('',*,*,#1628,.F.);
#1628 = EDGE_CURVE('',#1629,#1444,#1631,.T.);
#1629 = VERTEX_POINT('',#1630);
#1630 = CARTESIAN_POINT('',(-1.95,-1.2,0.1));
#1631 = LINE('',#1632,#1633);
#1632 = CARTESIAN_POINT('',(-2.025,-1.2,0.1));
#1633 = VECTOR('',#1634,1.);
#1634 = DIRECTION('',(-1.,1.224646799147E-16,-4.996063166392E-32));
#1635 = ORIENTED_EDGE('',*,*,#1636,.T.);
#1636 = EDGE_CURVE('',#1629,#1637,#1639,.T.);
#1637 = VERTEX_POINT('',#1638);
#1638 = CARTESIAN_POINT('',(-1.8,-1.2,0.1));
#1639 = LINE('',#1640,#1641);
#1640 = CARTESIAN_POINT('',(-0.9,-1.2,0.1));
#1641 = VECTOR('',#1642,1.);
#1642 = DIRECTION('',(1.,-1.224646799147E-16,0.));
#1643 = ORIENTED_EDGE('',*,*,#1644,.T.);
#1644 = EDGE_CURVE('',#1637,#1645,#1647,.T.);
#1645 = VERTEX_POINT('',#1646);
#1646 = CARTESIAN_POINT('',(-1.8,-2.1,0.1));
#1647 = LINE('',#1648,#1649);
#1648 = CARTESIAN_POINT('',(-1.8,-1.05,0.1));
#1649 = VECTOR('',#1650,1.);
#1650 = DIRECTION('',(-1.224646799147E-16,-1.,0.));
#1651 = ORIENTED_EDGE('',*,*,#1652,.T.);
#1652 = EDGE_CURVE('',#1645,#1653,#1655,.T.);
#1653 = VERTEX_POINT('',#1654);
#1654 = CARTESIAN_POINT('',(-1.95,-2.1,0.1));
#1655 = LINE('',#1656,#1657);
#1656 = CARTESIAN_POINT('',(-1.35,-2.1,0.1));
#1657 = VECTOR('',#1658,1.);
#1658 = DIRECTION('',(-1.,1.224646799147E-16,0.));
#1659 = ORIENTED_EDGE('',*,*,#1660,.F.);
#1660 = EDGE_CURVE('',#1436,#1653,#1661,.T.);
#1661 = LINE('',#1662,#1663);
#1662 = CARTESIAN_POINT('',(-2.475,-2.1,0.1));
#1663 = VECTOR('',#1664,1.);
#1664 = DIRECTION('',(1.,-1.224646799147E-16,4.996063166392E-32));
#1665 = ORIENTED_EDGE('',*,*,#1435,.T.);
#1666 = ORIENTED_EDGE('',*,*,#1271,.T.);
#1667 = ORIENTED_EDGE('',*,*,#1334,.T.);
#1668 = ORIENTED_EDGE('',*,*,#1669,.F.);
#1669 = EDGE_CURVE('',#1670,#1327,#1672,.T.);
#1670 = VERTEX_POINT('',#1671);
#1671 = CARTESIAN_POINT('',(1.95,-2.1,0.1));
#1672 = LINE('',#1673,#1674);
#1673 = CARTESIAN_POINT('',(2.025,-2.1,0.1));
#1674 = VECTOR('',#1675,1.);
#1675 = DIRECTION('',(1.,-1.224646799147E-16,-4.996063166392E-32));
#1676 = ORIENTED_EDGE('',*,*,#1677,.T.);
#1677 = EDGE_CURVE('',#1670,#1678,#1680,.T.);
#1678 = VERTEX_POINT('',#1679);
#1679 = CARTESIAN_POINT('',(1.8,-2.1,0.1));
#1680 = LINE('',#1681,#1682);
#1681 = CARTESIAN_POINT('',(0.9,-2.1,0.1));
#1682 = VECTOR('',#1683,1.);
#1683 = DIRECTION('',(-1.,1.224646799147E-16,0.));
#1684 = ORIENTED_EDGE('',*,*,#1685,.T.);
#1685 = EDGE_CURVE('',#1678,#1686,#1688,.T.);
#1686 = VERTEX_POINT('',#1687);
#1687 = CARTESIAN_POINT('',(1.8,-1.2,0.1));
#1688 = LINE('',#1689,#1690);
#1689 = CARTESIAN_POINT('',(1.8,-0.6,0.1));
#1690 = VECTOR('',#1691,1.);
#1691 = DIRECTION('',(1.224646799147E-16,1.,0.));
#1692 = ORIENTED_EDGE('',*,*,#1693,.T.);
#1693 = EDGE_CURVE('',#1686,#1694,#1696,.T.);
#1694 = VERTEX_POINT('',#1695);
#1695 = CARTESIAN_POINT('',(1.95,-1.2,0.1));
#1696 = LINE('',#1697,#1698);
#1697 = CARTESIAN_POINT('',(1.35,-1.2,0.1));
#1698 = VECTOR('',#1699,1.);
#1699 = DIRECTION('',(1.,-1.224646799147E-16,0.));
#1700 = ORIENTED_EDGE('',*,*,#1701,.F.);
#1701 = EDGE_CURVE('',#1319,#1694,#1702,.T.);
#1702 = LINE('',#1703,#1704);
#1703 = CARTESIAN_POINT('',(2.475,-1.2,0.1));
#1704 = VECTOR('',#1705,1.);
#1705 = DIRECTION('',(-1.,1.224646799147E-16,4.996063166392E-32));
#1706 = ORIENTED_EDGE('',*,*,#1318,.T.);
#1707 = ORIENTED_EDGE('',*,*,#1708,.F.);
#1708 = EDGE_CURVE('',#1709,#1311,#1711,.T.);
#1709 = VERTEX_POINT('',#1710);
#1710 = CARTESIAN_POINT('',(1.95,1.2,0.1));
#1711 = LINE('',#1712,#1713);
#1712 = CARTESIAN_POINT('',(2.025,1.2,0.1));
#1713 = VECTOR('',#1714,1.);
#1714 = DIRECTION('',(1.,-1.224646799147E-16,-4.996063166392E-32));
#1715 = ORIENTED_EDGE('',*,*,#1716,.T.);
#1716 = EDGE_CURVE('',#1709,#1717,#1719,.T.);
#1717 = VERTEX_POINT('',#1718);
#1718 = CARTESIAN_POINT('',(1.8,1.2,0.1));
#1719 = LINE('',#1720,#1721);
#1720 = CARTESIAN_POINT('',(0.9,1.2,0.1));
#1721 = VECTOR('',#1722,1.);
#1722 = DIRECTION('',(-1.,1.224646799147E-16,0.));
#1723 = ORIENTED_EDGE('',*,*,#1724,.T.);
#1724 = EDGE_CURVE('',#1717,#1725,#1727,.T.);
#1725 = VERTEX_POINT('',#1726);
#1726 = CARTESIAN_POINT('',(1.8,2.1,0.1));
#1727 = LINE('',#1728,#1729);
#1728 = CARTESIAN_POINT('',(1.8,1.05,0.1));
#1729 = VECTOR('',#1730,1.);
#1730 = DIRECTION('',(1.224646799147E-16,1.,0.));
#1731 = ORIENTED_EDGE('',*,*,#1732,.T.);
#1732 = EDGE_CURVE('',#1725,#1733,#1735,.T.);
#1733 = VERTEX_POINT('',#1734);
#1734 = CARTESIAN_POINT('',(1.95,2.1,0.1));
#1735 = LINE('',#1736,#1737);
#1736 = CARTESIAN_POINT('',(1.35,2.1,0.1));
#1737 = VECTOR('',#1738,1.);
#1738 = DIRECTION('',(1.,-1.224646799147E-16,0.));
#1739 = ORIENTED_EDGE('',*,*,#1740,.F.);
#1740 = EDGE_CURVE('',#1303,#1733,#1741,.T.);
#1741 = LINE('',#1742,#1743);
#1742 = CARTESIAN_POINT('',(2.475,2.1,0.1));
#1743 = VECTOR('',#1744,1.);
#1744 = DIRECTION('',(-1.,1.224646799147E-16,4.996063166392E-32));
#1745 = PLANE('',#1746);
#1746 = AXIS2_PLACEMENT_3D('',#1747,#1748,#1749);
#1747 = CARTESIAN_POINT('',(0.,0.,0.1));
#1748 = DIRECTION('',(0.,0.,1.));
#1749 = DIRECTION('',(-1.,1.224646799147E-16,0.));
#1750 = ADVANCED_FACE('',(#1751),#1776,.T.);
#1751 = FACE_BOUND('',#1752,.T.);
#1752 = EDGE_LOOP('',(#1753,#1763,#1769,#1770));
#1753 = ORIENTED_EDGE('',*,*,#1754,.T.);
#1754 = EDGE_CURVE('',#1755,#1757,#1759,.T.);
#1755 = VERTEX_POINT('',#1756);
#1756 = CARTESIAN_POINT('',(2.55,1.2,0.1));
#1757 = VERTEX_POINT('',#1758);
#1758 = CARTESIAN_POINT('',(2.55,2.1,0.1));
#1759 = LINE('',#1760,#1761);
#1760 = CARTESIAN_POINT('',(2.55,1.1,0.1));
#1761 = VECTOR('',#1762,1.);
#1762 = DIRECTION('',(1.224646799147E-16,1.,0.));
#1763 = ORIENTED_EDGE('',*,*,#1764,.T.);
#1764 = EDGE_CURVE('',#1757,#1303,#1765,.T.);
#1765 = LINE('',#1766,#1767);
#1766 = CARTESIAN_POINT('',(2.475,2.1,0.1));
#1767 = VECTOR('',#1768,1.);
#1768 = DIRECTION('',(-1.,1.224646799147E-16,4.996063166392E-32));
#1769 = ORIENTED_EDGE('',*,*,#1310,.F.);
#1770 = ORIENTED_EDGE('',*,*,#1771,.T.);
#1771 = EDGE_CURVE('',#1311,#1755,#1772,.T.);
#1772 = LINE('',#1773,#1774);
#1773 = CARTESIAN_POINT('',(2.025,1.2,0.1));
#1774 = VECTOR('',#1775,1.);
#1775 = DIRECTION('',(1.,-1.224646799147E-16,-4.996063166392E-32));
#1776 = PLANE('',#1777);
#1777 = AXIS2_PLACEMENT_3D('',#1778,#1779,#1780);
#1778 = CARTESIAN_POINT('',(2.25,1.65,0.1));
#1779 = DIRECTION('',(4.996063166392E-32,1.556307025767E-32,1.));
#1780 = DIRECTION('',(-1.,1.224646799147E-16,4.996063166392E-32));
#1781 = ADVANCED_FACE('',(#1782),#1807,.T.);
#1782 = FACE_BOUND('',#1783,.T.);
#1783 = EDGE_LOOP('',(#1784,#1794,#1800,#1801));
#1784 = ORIENTED_EDGE('',*,*,#1785,.T.);
#1785 = EDGE_CURVE('',#1786,#1788,#1790,.T.);
#1786 = VERTEX_POINT('',#1787);
#1787 = CARTESIAN_POINT('',(2.55,-2.1,0.1));
#1788 = VERTEX_POINT('',#1789);
#1789 = CARTESIAN_POINT('',(2.55,-1.2,0.1));
#1790 = LINE('',#1791,#1792);
#1791 = CARTESIAN_POINT('',(2.55,-2.2,0.1));
#1792 = VECTOR('',#1793,1.);
#1793 = DIRECTION('',(1.224646799147E-16,1.,0.));
#1794 = ORIENTED_EDGE('',*,*,#1795,.T.);
#1795 = EDGE_CURVE('',#1788,#1319,#1796,.T.);
#1796 = LINE('',#1797,#1798);
#1797 = CARTESIAN_POINT('',(2.475,-1.2,0.1));
#1798 = VECTOR('',#1799,1.);
#1799 = DIRECTION('',(-1.,1.224646799147E-16,4.996063166392E-32));
#1800 = ORIENTED_EDGE('',*,*,#1326,.F.);
#1801 = ORIENTED_EDGE('',*,*,#1802,.T.);
#1802 = EDGE_CURVE('',#1327,#1786,#1803,.T.);
#1803 = LINE('',#1804,#1805);
#1804 = CARTESIAN_POINT('',(2.025,-2.1,0.1));
#1805 = VECTOR('',#1806,1.);
#1806 = DIRECTION('',(1.,-1.224646799147E-16,-4.996063166392E-32));
#1807 = PLANE('',#1808);
#1808 = AXIS2_PLACEMENT_3D('',#1809,#1810,#1811);
#1809 = CARTESIAN_POINT('',(2.25,-1.65,0.1));
#1810 = DIRECTION('',(4.996063166392E-32,3.890767564419E-33,1.));
#1811 = DIRECTION('',(-1.,1.224646799147E-16,4.996063166392E-32));
#1812 = ADVANCED_FACE('',(#1813),#1838,.F.);
#1813 = FACE_BOUND('',#1814,.F.);
#1814 = EDGE_LOOP('',(#1815,#1825,#1831,#1832));
#1815 = ORIENTED_EDGE('',*,*,#1816,.T.);
#1816 = EDGE_CURVE('',#1817,#1819,#1821,.T.);
#1817 = VERTEX_POINT('',#1818);
#1818 = CARTESIAN_POINT('',(2.55,1.2,0.9));
#1819 = VERTEX_POINT('',#1820);
#1820 = CARTESIAN_POINT('',(2.55,2.1,0.9));
#1821 = LINE('',#1822,#1823);
#1822 = CARTESIAN_POINT('',(2.55,1.1,0.9));
#1823 = VECTOR('',#1824,1.);
#1824 = DIRECTION('',(1.224646799147E-16,1.,0.));
#1825 = ORIENTED_EDGE('',*,*,#1826,.T.);
#1826 = EDGE_CURVE('',#1819,#1354,#1827,.T.);
#1827 = LINE('',#1828,#1829);
#1828 = CARTESIAN_POINT('',(2.475,2.1,0.9));
#1829 = VECTOR('',#1830,1.);
#1830 = DIRECTION('',(-1.,1.224646799147E-16,4.996063166392E-32));
#1831 = ORIENTED_EDGE('',*,*,#1351,.F.);
#1832 = ORIENTED_EDGE('',*,*,#1833,.T.);
#1833 = EDGE_CURVE('',#1352,#1817,#1834,.T.);
#1834 = LINE('',#1835,#1836);
#1835 = CARTESIAN_POINT('',(2.025,1.2,0.9));
#1836 = VECTOR('',#1837,1.);
#1837 = DIRECTION('',(1.,-1.224646799147E-16,-4.996063166392E-32));
#1838 = PLANE('',#1839);
#1839 = AXIS2_PLACEMENT_3D('',#1840,#1841,#1842);
#1840 = CARTESIAN_POINT('',(2.25,1.65,0.9));
#1841 = DIRECTION('',(4.996063166392E-32,1.556307025767E-32,1.));
#1842 = DIRECTION('',(-1.,1.224646799147E-16,4.996063166392E-32));
#1843 = ADVANCED_FACE('',(#1844),#1923,.F.);
#1844 = FACE_BOUND('',#1845,.F.);
#1845 = EDGE_LOOP('',(#1846,#1856,#1865,#1873,#1879,#1880,#1881,#1882,
    #1891,#1899,#1906,#1907,#1908,#1916));
#1846 = ORIENTED_EDGE('',*,*,#1847,.F.);
#1847 = EDGE_CURVE('',#1848,#1850,#1852,.T.);
#1848 = VERTEX_POINT('',#1849);
#1849 = CARTESIAN_POINT('',(2.7,1.2,5.E-02));
#1850 = VERTEX_POINT('',#1851);
#1851 = CARTESIAN_POINT('',(2.7,1.2,0.95));
#1852 = LINE('',#1853,#1854);
#1853 = CARTESIAN_POINT('',(2.7,1.2,0.));
#1854 = VECTOR('',#1855,1.);
#1855 = DIRECTION('',(0.,0.,1.));
#1856 = ORIENTED_EDGE('',*,*,#1857,.T.);
#1857 = EDGE_CURVE('',#1848,#1858,#1860,.T.);
#1858 = VERTEX_POINT('',#1859);
#1859 = CARTESIAN_POINT('',(2.65,1.2,-6.938893903907E-18));
#1860 = CIRCLE('',#1861,5.E-02);
#1861 = AXIS2_PLACEMENT_3D('',#1862,#1863,#1864);
#1862 = CARTESIAN_POINT('',(2.65,1.2,5.E-02));
#1863 = DIRECTION('',(1.224646799147E-16,1.,0.));
#1864 = DIRECTION('',(0.,0.,-1.));
#1865 = ORIENTED_EDGE('',*,*,#1866,.F.);
#1866 = EDGE_CURVE('',#1867,#1858,#1869,.T.);
#1867 = VERTEX_POINT('',#1868);
#1868 = CARTESIAN_POINT('',(1.8,1.2,0.));
#1869 = LINE('',#1870,#1871);
#1870 = CARTESIAN_POINT('',(1.8,1.2,0.));
#1871 = VECTOR('',#1872,1.);
#1872 = DIRECTION('',(1.,-1.224646799147E-16,0.));
#1873 = ORIENTED_EDGE('',*,*,#1874,.T.);
#1874 = EDGE_CURVE('',#1867,#1717,#1875,.T.);
#1875 = LINE('',#1876,#1877);
#1876 = CARTESIAN_POINT('',(1.8,1.2,0.));
#1877 = VECTOR('',#1878,1.);
#1878 = DIRECTION('',(0.,0.,1.));
#1879 = ORIENTED_EDGE('',*,*,#1716,.F.);
#1880 = ORIENTED_EDGE('',*,*,#1708,.T.);
#1881 = ORIENTED_EDGE('',*,*,#1771,.T.);
#1882 = ORIENTED_EDGE('',*,*,#1883,.F.);
#1883 = EDGE_CURVE('',#1884,#1755,#1886,.T.);
#1884 = VERTEX_POINT('',#1885);
#1885 = CARTESIAN_POINT('',(2.6,1.2,0.15));
#1886 = CIRCLE('',#1887,5.E-02);
#1887 = AXIS2_PLACEMENT_3D('',#1888,#1889,#1890);
#1888 = CARTESIAN_POINT('',(2.55,1.2,0.15));
#1889 = DIRECTION('',(1.224646799147E-16,1.,0.));
#1890 = DIRECTION('',(1.,-1.224646799147E-16,0.));
#1891 = ORIENTED_EDGE('',*,*,#1892,.T.);
#1892 = EDGE_CURVE('',#1884,#1893,#1895,.T.);
#1893 = VERTEX_POINT('',#1894);
#1894 = CARTESIAN_POINT('',(2.6,1.2,0.85));
#1895 = LINE('',#1896,#1897);
#1896 = CARTESIAN_POINT('',(2.6,1.2,5.E-02));
#1897 = VECTOR('',#1898,1.);
#1898 = DIRECTION('',(0.,0.,1.));
#1899 = ORIENTED_EDGE('',*,*,#1900,.F.);
#1900 = EDGE_CURVE('',#1817,#1893,#1901,.T.);
#1901 = CIRCLE('',#1902,5.E-02);
#1902 = AXIS2_PLACEMENT_3D('',#1903,#1904,#1905);
#1903 = CARTESIAN_POINT('',(2.55,1.2,0.85));
#1904 = DIRECTION('',(1.224646799147E-16,1.,0.));
#1905 = DIRECTION('',(1.,-1.224646799147E-16,0.));
#1906 = ORIENTED_EDGE('',*,*,#1833,.F.);
#1907 = ORIENTED_EDGE('',*,*,#1377,.F.);
#1908 = ORIENTED_EDGE('',*,*,#1909,.T.);
#1909 = EDGE_CURVE('',#1370,#1910,#1912,.T.);
#1910 = VERTEX_POINT('',#1911);
#1911 = CARTESIAN_POINT('',(2.65,1.2,1.));
#1912 = LINE('',#1913,#1914);
#1913 = CARTESIAN_POINT('',(1.8,1.2,1.));
#1914 = VECTOR('',#1915,1.);
#1915 = DIRECTION('',(1.,-1.224646799147E-16,0.));
#1916 = ORIENTED_EDGE('',*,*,#1917,.F.);
#1917 = EDGE_CURVE('',#1850,#1910,#1918,.T.);
#1918 = CIRCLE('',#1919,5.E-02);
#1919 = AXIS2_PLACEMENT_3D('',#1920,#1921,#1922);
#1920 = CARTESIAN_POINT('',(2.65,1.2,0.95));
#1921 = DIRECTION('',(-1.224646799147E-16,-1.,0.));
#1922 = DIRECTION('',(-0.,0.,-1.));
#1923 = PLANE('',#1924);
#1924 = AXIS2_PLACEMENT_3D('',#1925,#1926,#1927);
#1925 = CARTESIAN_POINT('',(1.8,1.2,0.));
#1926 = DIRECTION('',(1.224646799147E-16,1.,0.));
#1927 = DIRECTION('',(1.,-1.224646799147E-16,0.));
#1928 = ADVANCED_FACE('',(#1929),#1947,.T.);
#1929 = FACE_BOUND('',#1930,.T.);
#1930 = EDGE_LOOP('',(#1931,#1939,#1945,#1946));
#1931 = ORIENTED_EDGE('',*,*,#1932,.T.);
#1932 = EDGE_CURVE('',#1910,#1933,#1935,.T.);
#1933 = VERTEX_POINT('',#1934);
#1934 = CARTESIAN_POINT('',(2.65,2.1,1.));
#1935 = LINE('',#1936,#1937);
#1936 = CARTESIAN_POINT('',(2.65,1.2,1.));
#1937 = VECTOR('',#1938,1.);
#1938 = DIRECTION('',(1.224646799147E-16,1.,0.));
#1939 = ORIENTED_EDGE('',*,*,#1940,.T.);
#1940 = EDGE_CURVE('',#1933,#1362,#1941,.T.);
#1941 = LINE('',#1942,#1943);
#1942 = CARTESIAN_POINT('',(2.7,2.1,1.));
#1943 = VECTOR('',#1944,1.);
#1944 = DIRECTION('',(-1.,1.224646799147E-16,0.));
#1945 = ORIENTED_EDGE('',*,*,#1369,.F.);
#1946 = ORIENTED_EDGE('',*,*,#1909,.T.);
#1947 = PLANE('',#1948);
#1948 = AXIS2_PLACEMENT_3D('',#1949,#1950,#1951);
#1949 = CARTESIAN_POINT('',(2.25,1.65,1.));
#1950 = DIRECTION('',(0.,0.,1.));
#1951 = DIRECTION('',(-1.,1.224646799147E-16,0.));
#1952 = ADVANCED_FACE('',(#1953),#2025,.F.);
#1953 = FACE_BOUND('',#1954,.F.);
#1954 = EDGE_LOOP('',(#1955,#1966,#1974,#1981,#1982,#1983,#1984,#1993,
    #2001,#2008,#2009,#2010,#2011,#2019));
#1955 = ORIENTED_EDGE('',*,*,#1956,.F.);
#1956 = EDGE_CURVE('',#1957,#1959,#1961,.T.);
#1957 = VERTEX_POINT('',#1958);
#1958 = CARTESIAN_POINT('',(2.7,2.1,5.E-02));
#1959 = VERTEX_POINT('',#1960);
#1960 = CARTESIAN_POINT('',(2.65,2.1,-6.938893903907E-18));
#1961 = CIRCLE('',#1962,5.E-02);
#1962 = AXIS2_PLACEMENT_3D('',#1963,#1964,#1965);
#1963 = CARTESIAN_POINT('',(2.65,2.1,5.E-02));
#1964 = DIRECTION('',(1.224646799147E-16,1.,0.));
#1965 = DIRECTION('',(0.,0.,-1.));
#1966 = ORIENTED_EDGE('',*,*,#1967,.T.);
#1967 = EDGE_CURVE('',#1957,#1968,#1970,.T.);
#1968 = VERTEX_POINT('',#1969);
#1969 = CARTESIAN_POINT('',(2.7,2.1,0.95));
#1970 = LINE('',#1971,#1972);
#1971 = CARTESIAN_POINT('',(2.7,2.1,0.));
#1972 = VECTOR('',#1973,1.);
#1973 = DIRECTION('',(0.,0.,1.));
#1974 = ORIENTED_EDGE('',*,*,#1975,.T.);
#1975 = EDGE_CURVE('',#1968,#1933,#1976,.T.);
#1976 = CIRCLE('',#1977,5.E-02);
#1977 = AXIS2_PLACEMENT_3D('',#1978,#1979,#1980);
#1978 = CARTESIAN_POINT('',(2.65,2.1,0.95));
#1979 = DIRECTION('',(-1.224646799147E-16,-1.,0.));
#1980 = DIRECTION('',(-0.,0.,-1.));
#1981 = ORIENTED_EDGE('',*,*,#1940,.T.);
#1982 = ORIENTED_EDGE('',*,*,#1361,.F.);
#1983 = ORIENTED_EDGE('',*,*,#1826,.F.);
#1984 = ORIENTED_EDGE('',*,*,#1985,.T.);
#1985 = EDGE_CURVE('',#1819,#1986,#1988,.T.);
#1986 = VERTEX_POINT('',#1987);
#1987 = CARTESIAN_POINT('',(2.6,2.1,0.85));
#1988 = CIRCLE('',#1989,5.E-02);
#1989 = AXIS2_PLACEMENT_3D('',#1990,#1991,#1992);
#1990 = CARTESIAN_POINT('',(2.55,2.1,0.85));
#1991 = DIRECTION('',(1.224646799147E-16,1.,0.));
#1992 = DIRECTION('',(1.,-1.224646799147E-16,0.));
#1993 = ORIENTED_EDGE('',*,*,#1994,.T.);
#1994 = EDGE_CURVE('',#1986,#1995,#1997,.T.);
#1995 = VERTEX_POINT('',#1996);
#1996 = CARTESIAN_POINT('',(2.6,2.1,0.15));
#1997 = LINE('',#1998,#1999);
#1998 = CARTESIAN_POINT('',(2.6,2.1,5.E-02));
#1999 = VECTOR('',#2000,1.);
#2000 = DIRECTION('',(0.,-0.,-1.));
#2001 = ORIENTED_EDGE('',*,*,#2002,.T.);
#2002 = EDGE_CURVE('',#1995,#1757,#2003,.T.);
#2003 = CIRCLE('',#2004,5.E-02);
#2004 = AXIS2_PLACEMENT_3D('',#2005,#2006,#2007);
#2005 = CARTESIAN_POINT('',(2.55,2.1,0.15));
#2006 = DIRECTION('',(1.224646799147E-16,1.,0.));
#2007 = DIRECTION('',(1.,-1.224646799147E-16,0.));
#2008 = ORIENTED_EDGE('',*,*,#1764,.T.);
#2009 = ORIENTED_EDGE('',*,*,#1740,.T.);
#2010 = ORIENTED_EDGE('',*,*,#1732,.F.);
#2011 = ORIENTED_EDGE('',*,*,#2012,.F.);
#2012 = EDGE_CURVE('',#2013,#1725,#2015,.T.);
#2013 = VERTEX_POINT('',#2014);
#2014 = CARTESIAN_POINT('',(1.8,2.1,0.));
#2015 = LINE('',#2016,#2017);
#2016 = CARTESIAN_POINT('',(1.8,2.1,0.));
#2017 = VECTOR('',#2018,1.);
#2018 = DIRECTION('',(0.,0.,1.));
#2019 = ORIENTED_EDGE('',*,*,#2020,.F.);
#2020 = EDGE_CURVE('',#1959,#2013,#2021,.T.);
#2021 = LINE('',#2022,#2023);
#2022 = CARTESIAN_POINT('',(2.7,2.1,0.));
#2023 = VECTOR('',#2024,1.);
#2024 = DIRECTION('',(-1.,1.224646799147E-16,0.));
#2025 = PLANE('',#2026);
#2026 = AXIS2_PLACEMENT_3D('',#2027,#2028,#2029);
#2027 = CARTESIAN_POINT('',(2.7,2.1,0.));
#2028 = DIRECTION('',(-1.224646799147E-16,-1.,0.));
#2029 = DIRECTION('',(-1.,1.224646799147E-16,0.));
#2030 = ADVANCED_FACE('',(#2031),#2056,.T.);
#2031 = FACE_BOUND('',#2032,.T.);
#2032 = EDGE_LOOP('',(#2033,#2043,#2049,#2050));
#2033 = ORIENTED_EDGE('',*,*,#2034,.T.);
#2034 = EDGE_CURVE('',#2035,#2037,#2039,.T.);
#2035 = VERTEX_POINT('',#2036);
#2036 = CARTESIAN_POINT('',(2.65,-2.1,1.));
#2037 = VERTEX_POINT('',#2038);
#2038 = CARTESIAN_POINT('',(2.65,-1.2,1.));
#2039 = LINE('',#2040,#2041);
#2040 = CARTESIAN_POINT('',(2.65,-2.1,1.));
#2041 = VECTOR('',#2042,1.);
#2042 = DIRECTION('',(1.224646799147E-16,1.,0.));
#2043 = ORIENTED_EDGE('',*,*,#2044,.T.);
#2044 = EDGE_CURVE('',#2037,#1388,#2045,.T.);
#2045 = LINE('',#2046,#2047);
#2046 = CARTESIAN_POINT('',(2.7,-1.2,1.));
#2047 = VECTOR('',#2048,1.);
#2048 = DIRECTION('',(-1.,1.224646799147E-16,0.));
#2049 = ORIENTED_EDGE('',*,*,#1385,.F.);
#2050 = ORIENTED_EDGE('',*,*,#2051,.T.);
#2051 = EDGE_CURVE('',#1386,#2035,#2052,.T.);
#2052 = LINE('',#2053,#2054);
#2053 = CARTESIAN_POINT('',(1.8,-2.1,1.));
#2054 = VECTOR('',#2055,1.);
#2055 = DIRECTION('',(1.,-1.224646799147E-16,0.));
#2056 = PLANE('',#2057);
#2057 = AXIS2_PLACEMENT_3D('',#2058,#2059,#2060);
#2058 = CARTESIAN_POINT('',(2.25,-1.65,1.));
#2059 = DIRECTION('',(0.,0.,1.));
#2060 = DIRECTION('',(-1.,1.224646799147E-16,0.));
#2061 = ADVANCED_FACE('',(#2062),#2141,.F.);
#2062 = FACE_BOUND('',#2063,.F.);
#2063 = EDGE_LOOP('',(#2064,#2075,#2083,#2090,#2091,#2092,#2100,#2109,
    #2117,#2124,#2125,#2126,#2127,#2135));
#2064 = ORIENTED_EDGE('',*,*,#2065,.F.);
#2065 = EDGE_CURVE('',#2066,#2068,#2070,.T.);
#2066 = VERTEX_POINT('',#2067);
#2067 = CARTESIAN_POINT('',(2.7,-1.2,5.E-02));
#2068 = VERTEX_POINT('',#2069);
#2069 = CARTESIAN_POINT('',(2.65,-1.2,-6.938893903907E-18));
#2070 = CIRCLE('',#2071,5.E-02);
#2071 = AXIS2_PLACEMENT_3D('',#2072,#2073,#2074);
#2072 = CARTESIAN_POINT('',(2.65,-1.2,5.E-02));
#2073 = DIRECTION('',(1.224646799147E-16,1.,0.));
#2074 = DIRECTION('',(0.,0.,-1.));
#2075 = ORIENTED_EDGE('',*,*,#2076,.T.);
#2076 = EDGE_CURVE('',#2066,#2077,#2079,.T.);
#2077 = VERTEX_POINT('',#2078);
#2078 = CARTESIAN_POINT('',(2.7,-1.2,0.95));
#2079 = LINE('',#2080,#2081);
#2080 = CARTESIAN_POINT('',(2.7,-1.2,0.));
#2081 = VECTOR('',#2082,1.);
#2082 = DIRECTION('',(0.,0.,1.));
#2083 = ORIENTED_EDGE('',*,*,#2084,.T.);
#2084 = EDGE_CURVE('',#2077,#2037,#2085,.T.);
#2085 = CIRCLE('',#2086,5.E-02);
#2086 = AXIS2_PLACEMENT_3D('',#2087,#2088,#2089);
#2087 = CARTESIAN_POINT('',(2.65,-1.2,0.95));
#2088 = DIRECTION('',(-1.224646799147E-16,-1.,0.));
#2089 = DIRECTION('',(-0.,0.,-1.));
#2090 = ORIENTED_EDGE('',*,*,#2044,.T.);
#2091 = ORIENTED_EDGE('',*,*,#1411,.F.);
#2092 = ORIENTED_EDGE('',*,*,#2093,.F.);
#2093 = EDGE_CURVE('',#2094,#1404,#2096,.T.);
#2094 = VERTEX_POINT('',#2095);
#2095 = CARTESIAN_POINT('',(2.55,-1.2,0.9));
#2096 = LINE('',#2097,#2098);
#2097 = CARTESIAN_POINT('',(2.475,-1.2,0.9));
#2098 = VECTOR('',#2099,1.);
#2099 = DIRECTION('',(-1.,1.224646799147E-16,4.996063166392E-32));
#2100 = ORIENTED_EDGE('',*,*,#2101,.T.);
#2101 = EDGE_CURVE('',#2094,#2102,#2104,.T.);
#2102 = VERTEX_POINT('',#2103);
#2103 = CARTESIAN_POINT('',(2.6,-1.2,0.85));
#2104 = CIRCLE('',#2105,5.E-02);
#2105 = AXIS2_PLACEMENT_3D('',#2106,#2107,#2108);
#2106 = CARTESIAN_POINT('',(2.55,-1.2,0.85));
#2107 = DIRECTION('',(1.224646799147E-16,1.,0.));
#2108 = DIRECTION('',(1.,-1.224646799147E-16,0.));
#2109 = ORIENTED_EDGE('',*,*,#2110,.T.);
#2110 = EDGE_CURVE('',#2102,#2111,#2113,.T.);
#2111 = VERTEX_POINT('',#2112);
#2112 = CARTESIAN_POINT('',(2.6,-1.2,0.15));
#2113 = LINE('',#2114,#2115);
#2114 = CARTESIAN_POINT('',(2.6,-1.2,5.E-02));
#2115 = VECTOR('',#2116,1.);
#2116 = DIRECTION('',(0.,-0.,-1.));
#2117 = ORIENTED_EDGE('',*,*,#2118,.T.);
#2118 = EDGE_CURVE('',#2111,#1788,#2119,.T.);
#2119 = CIRCLE('',#2120,5.E-02);
#2120 = AXIS2_PLACEMENT_3D('',#2121,#2122,#2123);
#2121 = CARTESIAN_POINT('',(2.55,-1.2,0.15));
#2122 = DIRECTION('',(1.224646799147E-16,1.,0.));
#2123 = DIRECTION('',(1.,-1.224646799147E-16,0.));
#2124 = ORIENTED_EDGE('',*,*,#1795,.T.);
#2125 = ORIENTED_EDGE('',*,*,#1701,.T.);
#2126 = ORIENTED_EDGE('',*,*,#1693,.F.);
#2127 = ORIENTED_EDGE('',*,*,#2128,.F.);
#2128 = EDGE_CURVE('',#2129,#1686,#2131,.T.);
#2129 = VERTEX_POINT('',#2130);
#2130 = CARTESIAN_POINT('',(1.8,-1.2,0.));
#2131 = LINE('',#2132,#2133);
#2132 = CARTESIAN_POINT('',(1.8,-1.2,0.));
#2133 = VECTOR('',#2134,1.);
#2134 = DIRECTION('',(0.,0.,1.));
#2135 = ORIENTED_EDGE('',*,*,#2136,.F.);
#2136 = EDGE_CURVE('',#2068,#2129,#2137,.T.);
#2137 = LINE('',#2138,#2139);
#2138 = CARTESIAN_POINT('',(2.7,-1.2,0.));
#2139 = VECTOR('',#2140,1.);
#2140 = DIRECTION('',(-1.,1.224646799147E-16,0.));
#2141 = PLANE('',#2142);
#2142 = AXIS2_PLACEMENT_3D('',#2143,#2144,#2145);
#2143 = CARTESIAN_POINT('',(2.7,-1.2,0.));
#2144 = DIRECTION('',(-1.224646799147E-16,-1.,0.));
#2145 = DIRECTION('',(-1.,1.224646799147E-16,0.));
#2146 = ADVANCED_FACE('',(#2147),#2165,.F.);
#2147 = FACE_BOUND('',#2148,.F.);
#2148 = EDGE_LOOP('',(#2149,#2157,#2158,#2159));
#2149 = ORIENTED_EDGE('',*,*,#2150,.T.);
#2150 = EDGE_CURVE('',#2151,#2094,#2153,.T.);
#2151 = VERTEX_POINT('',#2152);
#2152 = CARTESIAN_POINT('',(2.55,-2.1,0.9));
#2153 = LINE('',#2154,#2155);
#2154 = CARTESIAN_POINT('',(2.55,-2.2,0.9));
#2155 = VECTOR('',#2156,1.);
#2156 = DIRECTION('',(1.224646799147E-16,1.,0.));
#2157 = ORIENTED_EDGE('',*,*,#2093,.T.);
#2158 = ORIENTED_EDGE('',*,*,#1403,.F.);
#2159 = ORIENTED_EDGE('',*,*,#2160,.T.);
#2160 = EDGE_CURVE('',#1396,#2151,#2161,.T.);
#2161 = LINE('',#2162,#2163);
#2162 = CARTESIAN_POINT('',(2.025,-2.1,0.9));
#2163 = VECTOR('',#2164,1.);
#2164 = DIRECTION('',(1.,-1.224646799147E-16,-4.996063166392E-32));
#2165 = PLANE('',#2166);
#2166 = AXIS2_PLACEMENT_3D('',#2167,#2168,#2169);
#2167 = CARTESIAN_POINT('',(2.25,-1.65,0.9));
#2168 = DIRECTION('',(4.996063166392E-32,3.890767564419E-33,1.));
#2169 = DIRECTION('',(-1.,1.224646799147E-16,4.996063166392E-32));
#2170 = ADVANCED_FACE('',(#2171),#2243,.F.);
#2171 = FACE_BOUND('',#2172,.F.);
#2172 = EDGE_LOOP('',(#2173,#2183,#2192,#2200,#2206,#2207,#2208,#2209,
    #2218,#2226,#2233,#2234,#2235,#2236));
#2173 = ORIENTED_EDGE('',*,*,#2174,.F.);
#2174 = EDGE_CURVE('',#2175,#2177,#2179,.T.);
#2175 = VERTEX_POINT('',#2176);
#2176 = CARTESIAN_POINT('',(2.7,-2.1,5.E-02));
#2177 = VERTEX_POINT('',#2178);
#2178 = CARTESIAN_POINT('',(2.7,-2.1,0.95));
#2179 = LINE('',#2180,#2181);
#2180 = CARTESIAN_POINT('',(2.7,-2.1,0.));
#2181 = VECTOR('',#2182,1.);
#2182 = DIRECTION('',(0.,0.,1.));
#2183 = ORIENTED_EDGE('',*,*,#2184,.T.);
#2184 = EDGE_CURVE('',#2175,#2185,#2187,.T.);
#2185 = VERTEX_POINT('',#2186);
#2186 = CARTESIAN_POINT('',(2.65,-2.1,-6.938893903907E-18));
#2187 = CIRCLE('',#2188,5.E-02);
#2188 = AXIS2_PLACEMENT_3D('',#2189,#2190,#2191);
#2189 = CARTESIAN_POINT('',(2.65,-2.1,5.E-02));
#2190 = DIRECTION('',(1.224646799147E-16,1.,0.));
#2191 = DIRECTION('',(0.,0.,-1.));
#2192 = ORIENTED_EDGE('',*,*,#2193,.F.);
#2193 = EDGE_CURVE('',#2194,#2185,#2196,.T.);
#2194 = VERTEX_POINT('',#2195);
#2195 = CARTESIAN_POINT('',(1.8,-2.1,0.));
#2196 = LINE('',#2197,#2198);
#2197 = CARTESIAN_POINT('',(1.8,-2.1,0.));
#2198 = VECTOR('',#2199,1.);
#2199 = DIRECTION('',(1.,-1.224646799147E-16,0.));
#2200 = ORIENTED_EDGE('',*,*,#2201,.T.);
#2201 = EDGE_CURVE('',#2194,#1678,#2202,.T.);
#2202 = LINE('',#2203,#2204);
#2203 = CARTESIAN_POINT('',(1.8,-2.1,0.));
#2204 = VECTOR('',#2205,1.);
#2205 = DIRECTION('',(0.,0.,1.));
#2206 = ORIENTED_EDGE('',*,*,#1677,.F.);
#2207 = ORIENTED_EDGE('',*,*,#1669,.T.);
#2208 = ORIENTED_EDGE('',*,*,#1802,.T.);
#2209 = ORIENTED_EDGE('',*,*,#2210,.F.);
#2210 = EDGE_CURVE('',#2211,#1786,#2213,.T.);
#2211 = VERTEX_POINT('',#2212);
#2212 = CARTESIAN_POINT('',(2.6,-2.1,0.15));
#2213 = CIRCLE('',#2214,5.E-02);
#2214 = AXIS2_PLACEMENT_3D('',#2215,#2216,#2217);
#2215 = CARTESIAN_POINT('',(2.55,-2.1,0.15));
#2216 = DIRECTION('',(1.224646799147E-16,1.,0.));
#2217 = DIRECTION('',(1.,-1.224646799147E-16,0.));
#2218 = ORIENTED_EDGE('',*,*,#2219,.T.);
#2219 = EDGE_CURVE('',#2211,#2220,#2222,.T.);
#2220 = VERTEX_POINT('',#2221);
#2221 = CARTESIAN_POINT('',(2.6,-2.1,0.85));
#2222 = LINE('',#2223,#2224);
#2223 = CARTESIAN_POINT('',(2.6,-2.1,5.E-02));
#2224 = VECTOR('',#2225,1.);
#2225 = DIRECTION('',(0.,0.,1.));
#2226 = ORIENTED_EDGE('',*,*,#2227,.F.);
#2227 = EDGE_CURVE('',#2151,#2220,#2228,.T.);
#2228 = CIRCLE('',#2229,5.E-02);
#2229 = AXIS2_PLACEMENT_3D('',#2230,#2231,#2232);
#2230 = CARTESIAN_POINT('',(2.55,-2.1,0.85));
#2231 = DIRECTION('',(1.224646799147E-16,1.,0.));
#2232 = DIRECTION('',(1.,-1.224646799147E-16,0.));
#2233 = ORIENTED_EDGE('',*,*,#2160,.F.);
#2234 = ORIENTED_EDGE('',*,*,#1395,.F.);
#2235 = ORIENTED_EDGE('',*,*,#2051,.T.);
#2236 = ORIENTED_EDGE('',*,*,#2237,.F.);
#2237 = EDGE_CURVE('',#2177,#2035,#2238,.T.);
#2238 = CIRCLE('',#2239,5.E-02);
#2239 = AXIS2_PLACEMENT_3D('',#2240,#2241,#2242);
#2240 = CARTESIAN_POINT('',(2.65,-2.1,0.95));
#2241 = DIRECTION('',(-1.224646799147E-16,-1.,0.));
#2242 = DIRECTION('',(-0.,0.,-1.));
#2243 = PLANE('',#2244);
#2244 = AXIS2_PLACEMENT_3D('',#2245,#2246,#2247);
#2245 = CARTESIAN_POINT('',(1.8,-2.1,0.));
#2246 = DIRECTION('',(1.224646799147E-16,1.,0.));
#2247 = DIRECTION('',(1.,-1.224646799147E-16,0.));
#2248 = ADVANCED_FACE('',(#2249),#2274,.T.);
#2249 = FACE_BOUND('',#2250,.T.);
#2250 = EDGE_LOOP('',(#2251,#2252,#2260,#2268));
#2251 = ORIENTED_EDGE('',*,*,#1459,.F.);
#2252 = ORIENTED_EDGE('',*,*,#2253,.T.);
#2253 = EDGE_CURVE('',#1460,#2254,#2256,.T.);
#2254 = VERTEX_POINT('',#2255);
#2255 = CARTESIAN_POINT('',(-2.55,2.1,0.1));
#2256 = LINE('',#2257,#2258);
#2257 = CARTESIAN_POINT('',(-2.025,2.1,0.1));
#2258 = VECTOR('',#2259,1.);
#2259 = DIRECTION('',(-1.,1.224646799147E-16,-4.996063166392E-32));
#2260 = ORIENTED_EDGE('',*,*,#2261,.T.);
#2261 = EDGE_CURVE('',#2254,#2262,#2264,.T.);
#2262 = VERTEX_POINT('',#2263);
#2263 = CARTESIAN_POINT('',(-2.55,1.2,0.1));
#2264 = LINE('',#2265,#2266);
#2265 = CARTESIAN_POINT('',(-2.55,2.2,0.1));
#2266 = VECTOR('',#2267,1.);
#2267 = DIRECTION('',(-1.224646799147E-16,-1.,0.));
#2268 = ORIENTED_EDGE('',*,*,#2269,.T.);
#2269 = EDGE_CURVE('',#2262,#1452,#2270,.T.);
#2270 = LINE('',#2271,#2272);
#2271 = CARTESIAN_POINT('',(-2.475,1.2,0.1));
#2272 = VECTOR('',#2273,1.);
#2273 = DIRECTION('',(1.,-1.224646799147E-16,4.996063166392E-32));
#2274 = PLANE('',#2275);
#2275 = AXIS2_PLACEMENT_3D('',#2276,#2277,#2278);
#2276 = CARTESIAN_POINT('',(-2.25,1.65,0.1));
#2277 = DIRECTION('',(-4.996063166392E-32,1.556307025767E-32,1.));
#2278 = DIRECTION('',(-1.,1.224646799147E-16,-4.996063166392E-32));
#2279 = ADVANCED_FACE('',(#2280),#2305,.T.);
#2280 = FACE_BOUND('',#2281,.T.);
#2281 = EDGE_LOOP('',(#2282,#2283,#2291,#2299));
#2282 = ORIENTED_EDGE('',*,*,#1443,.F.);
#2283 = ORIENTED_EDGE('',*,*,#2284,.T.);
#2284 = EDGE_CURVE('',#1444,#2285,#2287,.T.);
#2285 = VERTEX_POINT('',#2286);
#2286 = CARTESIAN_POINT('',(-2.55,-1.2,0.1));
#2287 = LINE('',#2288,#2289);
#2288 = CARTESIAN_POINT('',(-2.025,-1.2,0.1));
#2289 = VECTOR('',#2290,1.);
#2290 = DIRECTION('',(-1.,1.224646799147E-16,-4.996063166392E-32));
#2291 = ORIENTED_EDGE('',*,*,#2292,.T.);
#2292 = EDGE_CURVE('',#2285,#2293,#2295,.T.);
#2293 = VERTEX_POINT('',#2294);
#2294 = CARTESIAN_POINT('',(-2.55,-2.1,0.1));
#2295 = LINE('',#2296,#2297);
#2296 = CARTESIAN_POINT('',(-2.55,-1.1,0.1));
#2297 = VECTOR('',#2298,1.);
#2298 = DIRECTION('',(-1.224646799147E-16,-1.,0.));
#2299 = ORIENTED_EDGE('',*,*,#2300,.T.);
#2300 = EDGE_CURVE('',#2293,#1436,#2301,.T.);
#2301 = LINE('',#2302,#2303);
#2302 = CARTESIAN_POINT('',(-2.475,-2.1,0.1));
#2303 = VECTOR('',#2304,1.);
#2304 = DIRECTION('',(1.,-1.224646799147E-16,4.996063166392E-32));
#2305 = PLANE('',#2306);
#2306 = AXIS2_PLACEMENT_3D('',#2307,#2308,#2309);
#2307 = CARTESIAN_POINT('',(-2.25,-1.65,0.1));
#2308 = DIRECTION('',(-4.996063166392E-32,3.890767564419E-33,1.));
#2309 = DIRECTION('',(-1.,1.224646799147E-16,-4.996063166392E-32));
#2310 = ADVANCED_FACE('',(#2311),#2336,.T.);
#2311 = FACE_BOUND('',#2312,.T.);
#2312 = EDGE_LOOP('',(#2313,#2314,#2322,#2330));
#2313 = ORIENTED_EDGE('',*,*,#1475,.F.);
#2314 = ORIENTED_EDGE('',*,*,#2315,.T.);
#2315 = EDGE_CURVE('',#1476,#2316,#2318,.T.);
#2316 = VERTEX_POINT('',#2317);
#2317 = CARTESIAN_POINT('',(-2.65,-1.2,1.));
#2318 = LINE('',#2319,#2320);
#2319 = CARTESIAN_POINT('',(-1.8,-1.2,1.));
#2320 = VECTOR('',#2321,1.);
#2321 = DIRECTION('',(-1.,1.224646799147E-16,0.));
#2322 = ORIENTED_EDGE('',*,*,#2323,.T.);
#2323 = EDGE_CURVE('',#2316,#2324,#2326,.T.);
#2324 = VERTEX_POINT('',#2325);
#2325 = CARTESIAN_POINT('',(-2.65,-2.1,1.));
#2326 = LINE('',#2327,#2328);
#2327 = CARTESIAN_POINT('',(-2.65,-1.2,1.));
#2328 = VECTOR('',#2329,1.);
#2329 = DIRECTION('',(-1.224646799147E-16,-1.,0.));
#2330 = ORIENTED_EDGE('',*,*,#2331,.T.);
#2331 = EDGE_CURVE('',#2324,#1478,#2332,.T.);
#2332 = LINE('',#2333,#2334);
#2333 = CARTESIAN_POINT('',(-2.7,-2.1,1.));
#2334 = VECTOR('',#2335,1.);
#2335 = DIRECTION('',(1.,-1.224646799147E-16,0.));
#2336 = PLANE('',#2337);
#2337 = AXIS2_PLACEMENT_3D('',#2338,#2339,#2340);
#2338 = CARTESIAN_POINT('',(-2.25,-1.65,1.));
#2339 = DIRECTION('',(0.,0.,1.));
#2340 = DIRECTION('',(-1.,1.224646799147E-16,0.));
#2341 = ADVANCED_FACE('',(#2342),#2421,.F.);
#2342 = FACE_BOUND('',#2343,.F.);
#2343 = EDGE_LOOP('',(#2344,#2355,#2363,#2370,#2371,#2372,#2380,#2389,
    #2397,#2404,#2405,#2406,#2407,#2415));
#2344 = ORIENTED_EDGE('',*,*,#2345,.F.);
#2345 = EDGE_CURVE('',#2346,#2348,#2350,.T.);
#2346 = VERTEX_POINT('',#2347);
#2347 = CARTESIAN_POINT('',(-2.7,-2.1,5.E-02));
#2348 = VERTEX_POINT('',#2349);
#2349 = CARTESIAN_POINT('',(-2.65,-2.1,-6.938893903907E-18));
#2350 = CIRCLE('',#2351,5.E-02);
#2351 = AXIS2_PLACEMENT_3D('',#2352,#2353,#2354);
#2352 = CARTESIAN_POINT('',(-2.65,-2.1,5.E-02));
#2353 = DIRECTION('',(-1.224646799147E-16,-1.,0.));
#2354 = DIRECTION('',(0.,0.,1.));
#2355 = ORIENTED_EDGE('',*,*,#2356,.T.);
#2356 = EDGE_CURVE('',#2346,#2357,#2359,.T.);
#2357 = VERTEX_POINT('',#2358);
#2358 = CARTESIAN_POINT('',(-2.7,-2.1,0.95));
#2359 = LINE('',#2360,#2361);
#2360 = CARTESIAN_POINT('',(-2.7,-2.1,0.));
#2361 = VECTOR('',#2362,1.);
#2362 = DIRECTION('',(0.,0.,1.));
#2363 = ORIENTED_EDGE('',*,*,#2364,.F.);
#2364 = EDGE_CURVE('',#2324,#2357,#2365,.T.);
#2365 = CIRCLE('',#2366,5.E-02);
#2366 = AXIS2_PLACEMENT_3D('',#2367,#2368,#2369);
#2367 = CARTESIAN_POINT('',(-2.65,-2.1,0.95));
#2368 = DIRECTION('',(-1.224646799147E-16,-1.,0.));
#2369 = DIRECTION('',(0.,0.,1.));
#2370 = ORIENTED_EDGE('',*,*,#2331,.T.);
#2371 = ORIENTED_EDGE('',*,*,#1501,.F.);
#2372 = ORIENTED_EDGE('',*,*,#2373,.F.);
#2373 = EDGE_CURVE('',#2374,#1494,#2376,.T.);
#2374 = VERTEX_POINT('',#2375);
#2375 = CARTESIAN_POINT('',(-2.55,-2.1,0.9));
#2376 = LINE('',#2377,#2378);
#2377 = CARTESIAN_POINT('',(-2.475,-2.1,0.9));
#2378 = VECTOR('',#2379,1.);
#2379 = DIRECTION('',(1.,-1.224646799147E-16,4.996063166392E-32));
#2380 = ORIENTED_EDGE('',*,*,#2381,.T.);
#2381 = EDGE_CURVE('',#2374,#2382,#2384,.T.);
#2382 = VERTEX_POINT('',#2383);
#2383 = CARTESIAN_POINT('',(-2.6,-2.1,0.85));
#2384 = CIRCLE('',#2385,5.E-02);
#2385 = AXIS2_PLACEMENT_3D('',#2386,#2387,#2388);
#2386 = CARTESIAN_POINT('',(-2.55,-2.1,0.85));
#2387 = DIRECTION('',(-1.224646799147E-16,-1.,0.));
#2388 = DIRECTION('',(-1.,1.224646799147E-16,0.));
#2389 = ORIENTED_EDGE('',*,*,#2390,.T.);
#2390 = EDGE_CURVE('',#2382,#2391,#2393,.T.);
#2391 = VERTEX_POINT('',#2392);
#2392 = CARTESIAN_POINT('',(-2.6,-2.1,0.15));
#2393 = LINE('',#2394,#2395);
#2394 = CARTESIAN_POINT('',(-2.6,-2.1,5.E-02));
#2395 = VECTOR('',#2396,1.);
#2396 = DIRECTION('',(0.,0.,-1.));
#2397 = ORIENTED_EDGE('',*,*,#2398,.T.);
#2398 = EDGE_CURVE('',#2391,#2293,#2399,.T.);
#2399 = CIRCLE('',#2400,5.E-02);
#2400 = AXIS2_PLACEMENT_3D('',#2401,#2402,#2403);
#2401 = CARTESIAN_POINT('',(-2.55,-2.1,0.15));
#2402 = DIRECTION('',(-1.224646799147E-16,-1.,0.));
#2403 = DIRECTION('',(4.996063166392E-32,-6.118412765058E-48,-1.));
#2404 = ORIENTED_EDGE('',*,*,#2300,.T.);
#2405 = ORIENTED_EDGE('',*,*,#1660,.T.);
#2406 = ORIENTED_EDGE('',*,*,#1652,.F.);
#2407 = ORIENTED_EDGE('',*,*,#2408,.F.);
#2408 = EDGE_CURVE('',#2409,#1645,#2411,.T.);
#2409 = VERTEX_POINT('',#2410);
#2410 = CARTESIAN_POINT('',(-1.8,-2.1,0.));
#2411 = LINE('',#2412,#2413);
#2412 = CARTESIAN_POINT('',(-1.8,-2.1,0.));
#2413 = VECTOR('',#2414,1.);
#2414 = DIRECTION('',(0.,0.,1.));
#2415 = ORIENTED_EDGE('',*,*,#2416,.F.);
#2416 = EDGE_CURVE('',#2348,#2409,#2417,.T.);
#2417 = LINE('',#2418,#2419);
#2418 = CARTESIAN_POINT('',(-2.7,-2.1,0.));
#2419 = VECTOR('',#2420,1.);
#2420 = DIRECTION('',(1.,-1.224646799147E-16,0.));
#2421 = PLANE('',#2422);
#2422 = AXIS2_PLACEMENT_3D('',#2423,#2424,#2425);
#2423 = CARTESIAN_POINT('',(-2.7,-2.1,0.));
#2424 = DIRECTION('',(1.224646799147E-16,1.,0.));
#2425 = DIRECTION('',(1.,-1.224646799147E-16,0.));
#2426 = ADVANCED_FACE('',(#2427),#2445,.F.);
#2427 = FACE_BOUND('',#2428,.F.);
#2428 = EDGE_LOOP('',(#2429,#2430,#2438,#2444));
#2429 = ORIENTED_EDGE('',*,*,#1493,.F.);
#2430 = ORIENTED_EDGE('',*,*,#2431,.T.);
#2431 = EDGE_CURVE('',#1486,#2432,#2434,.T.);
#2432 = VERTEX_POINT('',#2433);
#2433 = CARTESIAN_POINT('',(-2.55,-1.2,0.9));
#2434 = LINE('',#2435,#2436);
#2435 = CARTESIAN_POINT('',(-2.025,-1.2,0.9));
#2436 = VECTOR('',#2437,1.);
#2437 = DIRECTION('',(-1.,1.224646799147E-16,-4.996063166392E-32));
#2438 = ORIENTED_EDGE('',*,*,#2439,.T.);
#2439 = EDGE_CURVE('',#2432,#2374,#2440,.T.);
#2440 = LINE('',#2441,#2442);
#2441 = CARTESIAN_POINT('',(-2.55,-1.1,0.9));
#2442 = VECTOR('',#2443,1.);
#2443 = DIRECTION('',(-1.224646799147E-16,-1.,0.));
#2444 = ORIENTED_EDGE('',*,*,#2373,.T.);
#2445 = PLANE('',#2446);
#2446 = AXIS2_PLACEMENT_3D('',#2447,#2448,#2449);
#2447 = CARTESIAN_POINT('',(-2.25,-1.65,0.9));
#2448 = DIRECTION('',(-4.996063166392E-32,3.890767564419E-33,1.));
#2449 = DIRECTION('',(-1.,1.224646799147E-16,-4.996063166392E-32));
#2450 = ADVANCED_FACE('',(#2451),#2523,.F.);
#2451 = FACE_BOUND('',#2452,.F.);
#2452 = EDGE_LOOP('',(#2453,#2463,#2472,#2480,#2486,#2487,#2488,#2489,
    #2498,#2506,#2513,#2514,#2515,#2516));
#2453 = ORIENTED_EDGE('',*,*,#2454,.F.);
#2454 = EDGE_CURVE('',#2455,#2457,#2459,.T.);
#2455 = VERTEX_POINT('',#2456);
#2456 = CARTESIAN_POINT('',(-2.7,-1.2,5.E-02));
#2457 = VERTEX_POINT('',#2458);
#2458 = CARTESIAN_POINT('',(-2.7,-1.2,0.95));
#2459 = LINE('',#2460,#2461);
#2460 = CARTESIAN_POINT('',(-2.7,-1.2,0.));
#2461 = VECTOR('',#2462,1.);
#2462 = DIRECTION('',(0.,0.,1.));
#2463 = ORIENTED_EDGE('',*,*,#2464,.T.);
#2464 = EDGE_CURVE('',#2455,#2465,#2467,.T.);
#2465 = VERTEX_POINT('',#2466);
#2466 = CARTESIAN_POINT('',(-2.65,-1.2,-6.938893903907E-18));
#2467 = CIRCLE('',#2468,5.E-02);
#2468 = AXIS2_PLACEMENT_3D('',#2469,#2470,#2471);
#2469 = CARTESIAN_POINT('',(-2.65,-1.2,5.E-02));
#2470 = DIRECTION('',(-1.224646799147E-16,-1.,0.));
#2471 = DIRECTION('',(0.,0.,1.));
#2472 = ORIENTED_EDGE('',*,*,#2473,.F.);
#2473 = EDGE_CURVE('',#2474,#2465,#2476,.T.);
#2474 = VERTEX_POINT('',#2475);
#2475 = CARTESIAN_POINT('',(-1.8,-1.2,0.));
#2476 = LINE('',#2477,#2478);
#2477 = CARTESIAN_POINT('',(-1.8,-1.2,0.));
#2478 = VECTOR('',#2479,1.);
#2479 = DIRECTION('',(-1.,1.224646799147E-16,0.));
#2480 = ORIENTED_EDGE('',*,*,#2481,.T.);
#2481 = EDGE_CURVE('',#2474,#1637,#2482,.T.);
#2482 = LINE('',#2483,#2484);
#2483 = CARTESIAN_POINT('',(-1.8,-1.2,0.));
#2484 = VECTOR('',#2485,1.);
#2485 = DIRECTION('',(0.,0.,1.));
#2486 = ORIENTED_EDGE('',*,*,#1636,.F.);
#2487 = ORIENTED_EDGE('',*,*,#1628,.T.);
#2488 = ORIENTED_EDGE('',*,*,#2284,.T.);
#2489 = ORIENTED_EDGE('',*,*,#2490,.F.);
#2490 = EDGE_CURVE('',#2491,#2285,#2493,.T.);
#2491 = VERTEX_POINT('',#2492);
#2492 = CARTESIAN_POINT('',(-2.6,-1.2,0.15));
#2493 = CIRCLE('',#2494,5.E-02);
#2494 = AXIS2_PLACEMENT_3D('',#2495,#2496,#2497);
#2495 = CARTESIAN_POINT('',(-2.55,-1.2,0.15));
#2496 = DIRECTION('',(-1.224646799147E-16,-1.,0.));
#2497 = DIRECTION('',(4.996063166392E-32,-6.118412765058E-48,-1.));
#2498 = ORIENTED_EDGE('',*,*,#2499,.T.);
#2499 = EDGE_CURVE('',#2491,#2500,#2502,.T.);
#2500 = VERTEX_POINT('',#2501);
#2501 = CARTESIAN_POINT('',(-2.6,-1.2,0.85));
#2502 = LINE('',#2503,#2504);
#2503 = CARTESIAN_POINT('',(-2.6,-1.2,5.E-02));
#2504 = VECTOR('',#2505,1.);
#2505 = DIRECTION('',(0.,0.,1.));
#2506 = ORIENTED_EDGE('',*,*,#2507,.F.);
#2507 = EDGE_CURVE('',#2432,#2500,#2508,.T.);
#2508 = CIRCLE('',#2509,5.E-02);
#2509 = AXIS2_PLACEMENT_3D('',#2510,#2511,#2512);
#2510 = CARTESIAN_POINT('',(-2.55,-1.2,0.85));
#2511 = DIRECTION('',(-1.224646799147E-16,-1.,0.));
#2512 = DIRECTION('',(-1.,1.224646799147E-16,0.));
#2513 = ORIENTED_EDGE('',*,*,#2431,.F.);
#2514 = ORIENTED_EDGE('',*,*,#1485,.F.);
#2515 = ORIENTED_EDGE('',*,*,#2315,.T.);
#2516 = ORIENTED_EDGE('',*,*,#2517,.T.);
#2517 = EDGE_CURVE('',#2316,#2457,#2518,.T.);
#2518 = CIRCLE('',#2519,5.E-02);
#2519 = AXIS2_PLACEMENT_3D('',#2520,#2521,#2522);
#2520 = CARTESIAN_POINT('',(-2.65,-1.2,0.95));
#2521 = DIRECTION('',(-1.224646799147E-16,-1.,0.));
#2522 = DIRECTION('',(0.,0.,1.));
#2523 = PLANE('',#2524);
#2524 = AXIS2_PLACEMENT_3D('',#2525,#2526,#2527);
#2525 = CARTESIAN_POINT('',(-1.8,-1.2,0.));
#2526 = DIRECTION('',(-1.224646799147E-16,-1.,0.));
#2527 = DIRECTION('',(-1.,1.224646799147E-16,0.));
#2528 = ADVANCED_FACE('',(#2529),#2554,.T.);
#2529 = FACE_BOUND('',#2530,.T.);
#2530 = EDGE_LOOP('',(#2531,#2532,#2540,#2548));
#2531 = ORIENTED_EDGE('',*,*,#1509,.F.);
#2532 = ORIENTED_EDGE('',*,*,#2533,.T.);
#2533 = EDGE_CURVE('',#1510,#2534,#2536,.T.);
#2534 = VERTEX_POINT('',#2535);
#2535 = CARTESIAN_POINT('',(-2.65,2.1,1.));
#2536 = LINE('',#2537,#2538);
#2537 = CARTESIAN_POINT('',(-1.8,2.1,1.));
#2538 = VECTOR('',#2539,1.);
#2539 = DIRECTION('',(-1.,1.224646799147E-16,0.));
#2540 = ORIENTED_EDGE('',*,*,#2541,.T.);
#2541 = EDGE_CURVE('',#2534,#2542,#2544,.T.);
#2542 = VERTEX_POINT('',#2543);
#2543 = CARTESIAN_POINT('',(-2.65,1.2,1.));
#2544 = LINE('',#2545,#2546);
#2545 = CARTESIAN_POINT('',(-2.65,2.1,1.));
#2546 = VECTOR('',#2547,1.);
#2547 = DIRECTION('',(-1.224646799147E-16,-1.,0.));
#2548 = ORIENTED_EDGE('',*,*,#2549,.T.);
#2549 = EDGE_CURVE('',#2542,#1512,#2550,.T.);
#2550 = LINE('',#2551,#2552);
#2551 = CARTESIAN_POINT('',(-2.7,1.2,1.));
#2552 = VECTOR('',#2553,1.);
#2553 = DIRECTION('',(1.,-1.224646799147E-16,0.));
#2554 = PLANE('',#2555);
#2555 = AXIS2_PLACEMENT_3D('',#2556,#2557,#2558);
#2556 = CARTESIAN_POINT('',(-2.25,1.65,1.));
#2557 = DIRECTION('',(0.,0.,1.));
#2558 = DIRECTION('',(-1.,1.224646799147E-16,0.));
#2559 = ADVANCED_FACE('',(#2560),#2639,.F.);
#2560 = FACE_BOUND('',#2561,.F.);
#2561 = EDGE_LOOP('',(#2562,#2573,#2581,#2588,#2589,#2590,#2598,#2607,
    #2615,#2622,#2623,#2624,#2625,#2633));
#2562 = ORIENTED_EDGE('',*,*,#2563,.F.);
#2563 = EDGE_CURVE('',#2564,#2566,#2568,.T.);
#2564 = VERTEX_POINT('',#2565);
#2565 = CARTESIAN_POINT('',(-2.7,1.2,5.E-02));
#2566 = VERTEX_POINT('',#2567);
#2567 = CARTESIAN_POINT('',(-2.65,1.2,-6.938893903907E-18));
#2568 = CIRCLE('',#2569,5.E-02);
#2569 = AXIS2_PLACEMENT_3D('',#2570,#2571,#2572);
#2570 = CARTESIAN_POINT('',(-2.65,1.2,5.E-02));
#2571 = DIRECTION('',(-1.224646799147E-16,-1.,0.));
#2572 = DIRECTION('',(0.,0.,1.));
#2573 = ORIENTED_EDGE('',*,*,#2574,.T.);
#2574 = EDGE_CURVE('',#2564,#2575,#2577,.T.);
#2575 = VERTEX_POINT('',#2576);
#2576 = CARTESIAN_POINT('',(-2.7,1.2,0.95));
#2577 = LINE('',#2578,#2579);
#2578 = CARTESIAN_POINT('',(-2.7,1.2,0.));
#2579 = VECTOR('',#2580,1.);
#2580 = DIRECTION('',(0.,0.,1.));
#2581 = ORIENTED_EDGE('',*,*,#2582,.F.);
#2582 = EDGE_CURVE('',#2542,#2575,#2583,.T.);
#2583 = CIRCLE('',#2584,5.E-02);
#2584 = AXIS2_PLACEMENT_3D('',#2585,#2586,#2587);
#2585 = CARTESIAN_POINT('',(-2.65,1.2,0.95));
#2586 = DIRECTION('',(-1.224646799147E-16,-1.,0.));
#2587 = DIRECTION('',(0.,0.,1.));
#2588 = ORIENTED_EDGE('',*,*,#2549,.T.);
#2589 = ORIENTED_EDGE('',*,*,#1535,.F.);
#2590 = ORIENTED_EDGE('',*,*,#2591,.F.);
#2591 = EDGE_CURVE('',#2592,#1528,#2594,.T.);
#2592 = VERTEX_POINT('',#2593);
#2593 = CARTESIAN_POINT('',(-2.55,1.2,0.9));
#2594 = LINE('',#2595,#2596);
#2595 = CARTESIAN_POINT('',(-2.475,1.2,0.9));
#2596 = VECTOR('',#2597,1.);
#2597 = DIRECTION('',(1.,-1.224646799147E-16,4.996063166392E-32));
#2598 = ORIENTED_EDGE('',*,*,#2599,.T.);
#2599 = EDGE_CURVE('',#2592,#2600,#2602,.T.);
#2600 = VERTEX_POINT('',#2601);
#2601 = CARTESIAN_POINT('',(-2.6,1.2,0.85));
#2602 = CIRCLE('',#2603,5.E-02);
#2603 = AXIS2_PLACEMENT_3D('',#2604,#2605,#2606);
#2604 = CARTESIAN_POINT('',(-2.55,1.2,0.85));
#2605 = DIRECTION('',(-1.224646799147E-16,-1.,0.));
#2606 = DIRECTION('',(-1.,1.224646799147E-16,0.));
#2607 = ORIENTED_EDGE('',*,*,#2608,.T.);
#2608 = EDGE_CURVE('',#2600,#2609,#2611,.T.);
#2609 = VERTEX_POINT('',#2610);
#2610 = CARTESIAN_POINT('',(-2.6,1.2,0.15));
#2611 = LINE('',#2612,#2613);
#2612 = CARTESIAN_POINT('',(-2.6,1.2,5.E-02));
#2613 = VECTOR('',#2614,1.);
#2614 = DIRECTION('',(0.,0.,-1.));
#2615 = ORIENTED_EDGE('',*,*,#2616,.T.);
#2616 = EDGE_CURVE('',#2609,#2262,#2617,.T.);
#2617 = CIRCLE('',#2618,5.E-02);
#2618 = AXIS2_PLACEMENT_3D('',#2619,#2620,#2621);
#2619 = CARTESIAN_POINT('',(-2.55,1.2,0.15));
#2620 = DIRECTION('',(-1.224646799147E-16,-1.,0.));
#2621 = DIRECTION('',(4.996063166392E-32,-6.118412765058E-48,-1.));
#2622 = ORIENTED_EDGE('',*,*,#2269,.T.);
#2623 = ORIENTED_EDGE('',*,*,#1621,.T.);
#2624 = ORIENTED_EDGE('',*,*,#1613,.F.);
#2625 = ORIENTED_EDGE('',*,*,#2626,.F.);
#2626 = EDGE_CURVE('',#2627,#1606,#2629,.T.);
#2627 = VERTEX_POINT('',#2628);
#2628 = CARTESIAN_POINT('',(-1.8,1.2,0.));
#2629 = LINE('',#2630,#2631);
#2630 = CARTESIAN_POINT('',(-1.8,1.2,0.));
#2631 = VECTOR('',#2632,1.);
#2632 = DIRECTION('',(0.,0.,1.));
#2633 = ORIENTED_EDGE('',*,*,#2634,.F.);
#2634 = EDGE_CURVE('',#2566,#2627,#2635,.T.);
#2635 = LINE('',#2636,#2637);
#2636 = CARTESIAN_POINT('',(-2.7,1.2,0.));
#2637 = VECTOR('',#2638,1.);
#2638 = DIRECTION('',(1.,-1.224646799147E-16,0.));
#2639 = PLANE('',#2640);
#2640 = AXIS2_PLACEMENT_3D('',#2641,#2642,#2643);
#2641 = CARTESIAN_POINT('',(-2.7,1.2,0.));
#2642 = DIRECTION('',(1.224646799147E-16,1.,0.));
#2643 = DIRECTION('',(1.,-1.224646799147E-16,0.));
#2644 = ADVANCED_FACE('',(#2645),#2663,.F.);
#2645 = FACE_BOUND('',#2646,.F.);
#2646 = EDGE_LOOP('',(#2647,#2648,#2656,#2662));
#2647 = ORIENTED_EDGE('',*,*,#1527,.F.);
#2648 = ORIENTED_EDGE('',*,*,#2649,.T.);
#2649 = EDGE_CURVE('',#1520,#2650,#2652,.T.);
#2650 = VERTEX_POINT('',#2651);
#2651 = CARTESIAN_POINT('',(-2.55,2.1,0.9));
#2652 = LINE('',#2653,#2654);
#2653 = CARTESIAN_POINT('',(-2.025,2.1,0.9));
#2654 = VECTOR('',#2655,1.);
#2655 = DIRECTION('',(-1.,1.224646799147E-16,-4.996063166392E-32));
#2656 = ORIENTED_EDGE('',*,*,#2657,.T.);
#2657 = EDGE_CURVE('',#2650,#2592,#2658,.T.);
#2658 = LINE('',#2659,#2660);
#2659 = CARTESIAN_POINT('',(-2.55,2.2,0.9));
#2660 = VECTOR('',#2661,1.);
#2661 = DIRECTION('',(-1.224646799147E-16,-1.,0.));
#2662 = ORIENTED_EDGE('',*,*,#2591,.T.);
#2663 = PLANE('',#2664);
#2664 = AXIS2_PLACEMENT_3D('',#2665,#2666,#2667);
#2665 = CARTESIAN_POINT('',(-2.25,1.65,0.9));
#2666 = DIRECTION('',(-4.996063166392E-32,1.556307025767E-32,1.));
#2667 = DIRECTION('',(-1.,1.224646799147E-16,-4.996063166392E-32));
#2668 = ADVANCED_FACE('',(#2669),#2741,.F.);
#2669 = FACE_BOUND('',#2670,.F.);
#2670 = EDGE_LOOP('',(#2671,#2681,#2690,#2698,#2704,#2705,#2706,#2707,
    #2716,#2724,#2731,#2732,#2733,#2734));
#2671 = ORIENTED_EDGE('',*,*,#2672,.F.);
#2672 = EDGE_CURVE('',#2673,#2675,#2677,.T.);
#2673 = VERTEX_POINT('',#2674);
#2674 = CARTESIAN_POINT('',(-2.7,2.1,5.E-02));
#2675 = VERTEX_POINT('',#2676);
#2676 = CARTESIAN_POINT('',(-2.7,2.1,0.95));
#2677 = LINE('',#2678,#2679);
#2678 = CARTESIAN_POINT('',(-2.7,2.1,0.));
#2679 = VECTOR('',#2680,1.);
#2680 = DIRECTION('',(0.,0.,1.));
#2681 = ORIENTED_EDGE('',*,*,#2682,.T.);
#2682 = EDGE_CURVE('',#2673,#2683,#2685,.T.);
#2683 = VERTEX_POINT('',#2684);
#2684 = CARTESIAN_POINT('',(-2.65,2.1,-6.938893903907E-18));
#2685 = CIRCLE('',#2686,5.E-02);
#2686 = AXIS2_PLACEMENT_3D('',#2687,#2688,#2689);
#2687 = CARTESIAN_POINT('',(-2.65,2.1,5.E-02));
#2688 = DIRECTION('',(-1.224646799147E-16,-1.,0.));
#2689 = DIRECTION('',(0.,0.,1.));
#2690 = ORIENTED_EDGE('',*,*,#2691,.F.);
#2691 = EDGE_CURVE('',#2692,#2683,#2694,.T.);
#2692 = VERTEX_POINT('',#2693);
#2693 = CARTESIAN_POINT('',(-1.8,2.1,0.));
#2694 = LINE('',#2695,#2696);
#2695 = CARTESIAN_POINT('',(-1.8,2.1,0.));
#2696 = VECTOR('',#2697,1.);
#2697 = DIRECTION('',(-1.,1.224646799147E-16,0.));
#2698 = ORIENTED_EDGE('',*,*,#2699,.T.);
#2699 = EDGE_CURVE('',#2692,#1598,#2700,.T.);
#2700 = LINE('',#2701,#2702);
#2701 = CARTESIAN_POINT('',(-1.8,2.1,0.));
#2702 = VECTOR('',#2703,1.);
#2703 = DIRECTION('',(0.,0.,1.));
#2704 = ORIENTED_EDGE('',*,*,#1597,.F.);
#2705 = ORIENTED_EDGE('',*,*,#1589,.T.);
#2706 = ORIENTED_EDGE('',*,*,#2253,.T.);
#2707 = ORIENTED_EDGE('',*,*,#2708,.F.);
#2708 = EDGE_CURVE('',#2709,#2254,#2711,.T.);
#2709 = VERTEX_POINT('',#2710);
#2710 = CARTESIAN_POINT('',(-2.6,2.1,0.15));
#2711 = CIRCLE('',#2712,5.E-02);
#2712 = AXIS2_PLACEMENT_3D('',#2713,#2714,#2715);
#2713 = CARTESIAN_POINT('',(-2.55,2.1,0.15));
#2714 = DIRECTION('',(-1.224646799147E-16,-1.,0.));
#2715 = DIRECTION('',(4.996063166392E-32,-6.118412765058E-48,-1.));
#2716 = ORIENTED_EDGE('',*,*,#2717,.T.);
#2717 = EDGE_CURVE('',#2709,#2718,#2720,.T.);
#2718 = VERTEX_POINT('',#2719);
#2719 = CARTESIAN_POINT('',(-2.6,2.1,0.85));
#2720 = LINE('',#2721,#2722);
#2721 = CARTESIAN_POINT('',(-2.6,2.1,5.E-02));
#2722 = VECTOR('',#2723,1.);
#2723 = DIRECTION('',(0.,0.,1.));
#2724 = ORIENTED_EDGE('',*,*,#2725,.F.);
#2725 = EDGE_CURVE('',#2650,#2718,#2726,.T.);
#2726 = CIRCLE('',#2727,5.E-02);
#2727 = AXIS2_PLACEMENT_3D('',#2728,#2729,#2730);
#2728 = CARTESIAN_POINT('',(-2.55,2.1,0.85));
#2729 = DIRECTION('',(-1.224646799147E-16,-1.,0.));
#2730 = DIRECTION('',(-1.,1.224646799147E-16,0.));
#2731 = ORIENTED_EDGE('',*,*,#2649,.F.);
#2732 = ORIENTED_EDGE('',*,*,#1519,.F.);
#2733 = ORIENTED_EDGE('',*,*,#2533,.T.);
#2734 = ORIENTED_EDGE('',*,*,#2735,.T.);
#2735 = EDGE_CURVE('',#2534,#2675,#2736,.T.);
#2736 = CIRCLE('',#2737,5.E-02);
#2737 = AXIS2_PLACEMENT_3D('',#2738,#2739,#2740);
#2738 = CARTESIAN_POINT('',(-2.65,2.1,0.95));
#2739 = DIRECTION('',(-1.224646799147E-16,-1.,0.));
#2740 = DIRECTION('',(0.,0.,1.));
#2741 = PLANE('',#2742);
#2742 = AXIS2_PLACEMENT_3D('',#2743,#2744,#2745);
#2743 = CARTESIAN_POINT('',(-1.8,2.1,0.));
#2744 = DIRECTION('',(-1.224646799147E-16,-1.,0.));
#2745 = DIRECTION('',(-1.,1.224646799147E-16,0.));
#2746 = ADVANCED_FACE('',(#2747),#2758,.F.);
#2747 = FACE_BOUND('',#2748,.F.);
#2748 = EDGE_LOOP('',(#2749,#2755,#2756,#2757));
#2749 = ORIENTED_EDGE('',*,*,#2750,.F.);
#2750 = EDGE_CURVE('',#2013,#1867,#2751,.T.);
#2751 = LINE('',#2752,#2753);
#2752 = CARTESIAN_POINT('',(1.8,2.1,0.));
#2753 = VECTOR('',#2754,1.);
#2754 = DIRECTION('',(-1.224646799147E-16,-1.,0.));
#2755 = ORIENTED_EDGE('',*,*,#2012,.T.);
#2756 = ORIENTED_EDGE('',*,*,#1724,.F.);
#2757 = ORIENTED_EDGE('',*,*,#1874,.F.);
#2758 = PLANE('',#2759);
#2759 = AXIS2_PLACEMENT_3D('',#2760,#2761,#2762);
#2760 = CARTESIAN_POINT('',(1.8,2.1,0.));
#2761 = DIRECTION('',(1.,-1.224646799147E-16,0.));
#2762 = DIRECTION('',(-1.224646799147E-16,-1.,0.));
#2763 = ADVANCED_FACE('',(#2764),#2775,.F.);
#2764 = FACE_BOUND('',#2765,.F.);
#2765 = EDGE_LOOP('',(#2766,#2772,#2773,#2774));
#2766 = ORIENTED_EDGE('',*,*,#2767,.F.);
#2767 = EDGE_CURVE('',#2129,#2194,#2768,.T.);
#2768 = LINE('',#2769,#2770);
#2769 = CARTESIAN_POINT('',(1.8,-1.2,0.));
#2770 = VECTOR('',#2771,1.);
#2771 = DIRECTION('',(-1.224646799147E-16,-1.,0.));
#2772 = ORIENTED_EDGE('',*,*,#2128,.T.);
#2773 = ORIENTED_EDGE('',*,*,#1685,.F.);
#2774 = ORIENTED_EDGE('',*,*,#2201,.F.);
#2775 = PLANE('',#2776);
#2776 = AXIS2_PLACEMENT_3D('',#2777,#2778,#2779);
#2777 = CARTESIAN_POINT('',(1.8,-1.2,0.));
#2778 = DIRECTION('',(1.,-1.224646799147E-16,0.));
#2779 = DIRECTION('',(-1.224646799147E-16,-1.,0.));
#2780 = ADVANCED_FACE('',(#2781),#2792,.F.);
#2781 = FACE_BOUND('',#2782,.F.);
#2782 = EDGE_LOOP('',(#2783,#2789,#2790,#2791));
#2783 = ORIENTED_EDGE('',*,*,#2784,.F.);
#2784 = EDGE_CURVE('',#2409,#2474,#2785,.T.);
#2785 = LINE('',#2786,#2787);
#2786 = CARTESIAN_POINT('',(-1.8,-2.1,0.));
#2787 = VECTOR('',#2788,1.);
#2788 = DIRECTION('',(1.224646799147E-16,1.,0.));
#2789 = ORIENTED_EDGE('',*,*,#2408,.T.);
#2790 = ORIENTED_EDGE('',*,*,#1644,.F.);
#2791 = ORIENTED_EDGE('',*,*,#2481,.F.);
#2792 = PLANE('',#2793);
#2793 = AXIS2_PLACEMENT_3D('',#2794,#2795,#2796);
#2794 = CARTESIAN_POINT('',(-1.8,-2.1,0.));
#2795 = DIRECTION('',(-1.,1.224646799147E-16,0.));
#2796 = DIRECTION('',(1.224646799147E-16,1.,0.));
#2797 = ADVANCED_FACE('',(#2798),#2809,.F.);
#2798 = FACE_BOUND('',#2799,.F.);
#2799 = EDGE_LOOP('',(#2800,#2806,#2807,#2808));
#2800 = ORIENTED_EDGE('',*,*,#2801,.F.);
#2801 = EDGE_CURVE('',#2627,#2692,#2802,.T.);
#2802 = LINE('',#2803,#2804);
#2803 = CARTESIAN_POINT('',(-1.8,1.2,0.));
#2804 = VECTOR('',#2805,1.);
#2805 = DIRECTION('',(1.224646799147E-16,1.,0.));
#2806 = ORIENTED_EDGE('',*,*,#2626,.T.);
#2807 = ORIENTED_EDGE('',*,*,#1605,.F.);
#2808 = ORIENTED_EDGE('',*,*,#2699,.F.);
#2809 = PLANE('',#2810);
#2810 = AXIS2_PLACEMENT_3D('',#2811,#2812,#2813);
#2811 = CARTESIAN_POINT('',(-1.8,1.2,0.));
#2812 = DIRECTION('',(-1.,1.224646799147E-16,0.));
#2813 = DIRECTION('',(1.224646799147E-16,1.,0.));
#2814 = ADVANCED_FACE('',(#2815),#2826,.F.);
#2815 = FACE_BOUND('',#2816,.F.);
#2816 = EDGE_LOOP('',(#2817,#2818,#2819,#2820));
#2817 = ORIENTED_EDGE('',*,*,#1883,.T.);
#2818 = ORIENTED_EDGE('',*,*,#1754,.T.);
#2819 = ORIENTED_EDGE('',*,*,#2002,.F.);
#2820 = ORIENTED_EDGE('',*,*,#2821,.F.);
#2821 = EDGE_CURVE('',#1884,#1995,#2822,.T.);
#2822 = LINE('',#2823,#2824);
#2823 = CARTESIAN_POINT('',(2.6,1.1,0.15));
#2824 = VECTOR('',#2825,1.);
#2825 = DIRECTION('',(1.224646799147E-16,1.,0.));
#2826 = CYLINDRICAL_SURFACE('',#2827,5.E-02);
#2827 = AXIS2_PLACEMENT_3D('',#2828,#2829,#2830);
#2828 = CARTESIAN_POINT('',(2.55,1.1,0.15));
#2829 = DIRECTION('',(1.224646799147E-16,1.,0.));
#2830 = DIRECTION('',(1.,-1.224646799147E-16,0.));
#2831 = ADVANCED_FACE('',(#2832),#2843,.F.);
#2832 = FACE_BOUND('',#2833,.F.);
#2833 = EDGE_LOOP('',(#2834,#2835,#2836,#2837));
#2834 = ORIENTED_EDGE('',*,*,#2210,.T.);
#2835 = ORIENTED_EDGE('',*,*,#1785,.T.);
#2836 = ORIENTED_EDGE('',*,*,#2118,.F.);
#2837 = ORIENTED_EDGE('',*,*,#2838,.F.);
#2838 = EDGE_CURVE('',#2211,#2111,#2839,.T.);
#2839 = LINE('',#2840,#2841);
#2840 = CARTESIAN_POINT('',(2.6,-2.2,0.15));
#2841 = VECTOR('',#2842,1.);
#2842 = DIRECTION('',(1.224646799147E-16,1.,0.));
#2843 = CYLINDRICAL_SURFACE('',#2844,5.E-02);
#2844 = AXIS2_PLACEMENT_3D('',#2845,#2846,#2847);
#2845 = CARTESIAN_POINT('',(2.55,-2.2,0.15));
#2846 = DIRECTION('',(1.224646799147E-16,1.,0.));
#2847 = DIRECTION('',(1.,-1.224646799147E-16,0.));
#2848 = ADVANCED_FACE('',(#2849),#2860,.F.);
#2849 = FACE_BOUND('',#2850,.F.);
#2850 = EDGE_LOOP('',(#2851,#2857,#2858,#2859));
#2851 = ORIENTED_EDGE('',*,*,#2852,.T.);
#2852 = EDGE_CURVE('',#1893,#1986,#2853,.T.);
#2853 = LINE('',#2854,#2855);
#2854 = CARTESIAN_POINT('',(2.6,1.1,0.85));
#2855 = VECTOR('',#2856,1.);
#2856 = DIRECTION('',(1.224646799147E-16,1.,0.));
#2857 = ORIENTED_EDGE('',*,*,#1985,.F.);
#2858 = ORIENTED_EDGE('',*,*,#1816,.F.);
#2859 = ORIENTED_EDGE('',*,*,#1900,.T.);
#2860 = CYLINDRICAL_SURFACE('',#2861,5.E-02);
#2861 = AXIS2_PLACEMENT_3D('',#2862,#2863,#2864);
#2862 = CARTESIAN_POINT('',(2.55,1.1,0.85));
#2863 = DIRECTION('',(1.224646799147E-16,1.,0.));
#2864 = DIRECTION('',(1.,-1.224646799147E-16,0.));
#2865 = ADVANCED_FACE('',(#2866),#2882,.F.);
#2866 = FACE_BOUND('',#2867,.F.);
#2867 = EDGE_LOOP('',(#2868,#2869,#2875,#2876));
#2868 = ORIENTED_EDGE('',*,*,#1847,.T.);
#2869 = ORIENTED_EDGE('',*,*,#2870,.T.);
#2870 = EDGE_CURVE('',#1850,#1968,#2871,.T.);
#2871 = LINE('',#2872,#2873);
#2872 = CARTESIAN_POINT('',(2.7,1.2,0.95));
#2873 = VECTOR('',#2874,1.);
#2874 = DIRECTION('',(1.224646799147E-16,1.,0.));
#2875 = ORIENTED_EDGE('',*,*,#1967,.F.);
#2876 = ORIENTED_EDGE('',*,*,#2877,.F.);
#2877 = EDGE_CURVE('',#1848,#1957,#2878,.T.);
#2878 = LINE('',#2879,#2880);
#2879 = CARTESIAN_POINT('',(2.7,1.2,5.E-02));
#2880 = VECTOR('',#2881,1.);
#2881 = DIRECTION('',(1.224646799147E-16,1.,0.));
#2882 = PLANE('',#2883);
#2883 = AXIS2_PLACEMENT_3D('',#2884,#2885,#2886);
#2884 = CARTESIAN_POINT('',(2.7,1.2,0.));
#2885 = DIRECTION('',(-1.,1.224646799147E-16,0.));
#2886 = DIRECTION('',(1.224646799147E-16,1.,0.));
#2887 = ADVANCED_FACE('',(#2888),#2894,.T.);
#2888 = FACE_BOUND('',#2889,.T.);
#2889 = EDGE_LOOP('',(#2890,#2891,#2892,#2893));
#2890 = ORIENTED_EDGE('',*,*,#2870,.T.);
#2891 = ORIENTED_EDGE('',*,*,#1975,.T.);
#2892 = ORIENTED_EDGE('',*,*,#1932,.F.);
#2893 = ORIENTED_EDGE('',*,*,#1917,.F.);
#2894 = CYLINDRICAL_SURFACE('',#2895,5.E-02);
#2895 = AXIS2_PLACEMENT_3D('',#2896,#2897,#2898);
#2896 = CARTESIAN_POINT('',(2.65,1.2,0.95));
#2897 = DIRECTION('',(1.224646799147E-16,1.,0.));
#2898 = DIRECTION('',(1.,-1.224646799147E-16,0.));
#2899 = ADVANCED_FACE('',(#2900),#2906,.T.);
#2900 = FACE_BOUND('',#2901,.T.);
#2901 = EDGE_LOOP('',(#2902,#2903,#2904,#2905));
#2902 = ORIENTED_EDGE('',*,*,#2821,.F.);
#2903 = ORIENTED_EDGE('',*,*,#1892,.T.);
#2904 = ORIENTED_EDGE('',*,*,#2852,.T.);
#2905 = ORIENTED_EDGE('',*,*,#1994,.T.);
#2906 = PLANE('',#2907);
#2907 = AXIS2_PLACEMENT_3D('',#2908,#2909,#2910);
#2908 = CARTESIAN_POINT('',(2.6,1.1,0.1));
#2909 = DIRECTION('',(-1.,1.224646799147E-16,0.));
#2910 = DIRECTION('',(1.224646799147E-16,1.,0.));
#2911 = ADVANCED_FACE('',(#2912),#2923,.F.);
#2912 = FACE_BOUND('',#2913,.F.);
#2913 = EDGE_LOOP('',(#2914,#2915,#2916,#2917));
#2914 = ORIENTED_EDGE('',*,*,#2020,.T.);
#2915 = ORIENTED_EDGE('',*,*,#2750,.T.);
#2916 = ORIENTED_EDGE('',*,*,#1866,.T.);
#2917 = ORIENTED_EDGE('',*,*,#2918,.T.);
#2918 = EDGE_CURVE('',#1858,#1959,#2919,.T.);
#2919 = LINE('',#2920,#2921);
#2920 = CARTESIAN_POINT('',(2.65,1.2,-6.938893903907E-18));
#2921 = VECTOR('',#2922,1.);
#2922 = DIRECTION('',(1.224646799147E-16,1.,0.));
#2923 = PLANE('',#2924);
#2924 = AXIS2_PLACEMENT_3D('',#2925,#2926,#2927);
#2925 = CARTESIAN_POINT('',(2.25,1.65,0.));
#2926 = DIRECTION('',(0.,0.,1.));
#2927 = DIRECTION('',(-1.,1.224646799147E-16,0.));
#2928 = ADVANCED_FACE('',(#2929),#2935,.T.);
#2929 = FACE_BOUND('',#2930,.T.);
#2930 = EDGE_LOOP('',(#2931,#2932,#2933,#2934));
#2931 = ORIENTED_EDGE('',*,*,#1857,.T.);
#2932 = ORIENTED_EDGE('',*,*,#2918,.T.);
#2933 = ORIENTED_EDGE('',*,*,#1956,.F.);
#2934 = ORIENTED_EDGE('',*,*,#2877,.F.);
#2935 = CYLINDRICAL_SURFACE('',#2936,5.E-02);
#2936 = AXIS2_PLACEMENT_3D('',#2937,#2938,#2939);
#2937 = CARTESIAN_POINT('',(2.65,1.2,5.E-02));
#2938 = DIRECTION('',(1.224646799147E-16,1.,0.));
#2939 = DIRECTION('',(1.,-1.224646799147E-16,0.));
#2940 = ADVANCED_FACE('',(#2941),#2952,.T.);
#2941 = FACE_BOUND('',#2942,.T.);
#2942 = EDGE_LOOP('',(#2943,#2949,#2950,#2951));
#2943 = ORIENTED_EDGE('',*,*,#2944,.T.);
#2944 = EDGE_CURVE('',#2177,#2077,#2945,.T.);
#2945 = LINE('',#2946,#2947);
#2946 = CARTESIAN_POINT('',(2.7,-2.1,0.95));
#2947 = VECTOR('',#2948,1.);
#2948 = DIRECTION('',(1.224646799147E-16,1.,0.));
#2949 = ORIENTED_EDGE('',*,*,#2084,.T.);
#2950 = ORIENTED_EDGE('',*,*,#2034,.F.);
#2951 = ORIENTED_EDGE('',*,*,#2237,.F.);
#2952 = CYLINDRICAL_SURFACE('',#2953,5.E-02);
#2953 = AXIS2_PLACEMENT_3D('',#2954,#2955,#2956);
#2954 = CARTESIAN_POINT('',(2.65,-2.1,0.95));
#2955 = DIRECTION('',(1.224646799147E-16,1.,0.));
#2956 = DIRECTION('',(1.,-1.224646799147E-16,0.));
#2957 = ADVANCED_FACE('',(#2958),#2974,.T.);
#2958 = FACE_BOUND('',#2959,.T.);
#2959 = EDGE_LOOP('',(#2960,#2961,#2967,#2968));
#2960 = ORIENTED_EDGE('',*,*,#2184,.T.);
#2961 = ORIENTED_EDGE('',*,*,#2962,.T.);
#2962 = EDGE_CURVE('',#2185,#2068,#2963,.T.);
#2963 = LINE('',#2964,#2965);
#2964 = CARTESIAN_POINT('',(2.65,-2.1,-6.938893903907E-18));
#2965 = VECTOR('',#2966,1.);
#2966 = DIRECTION('',(1.224646799147E-16,1.,0.));
#2967 = ORIENTED_EDGE('',*,*,#2065,.F.);
#2968 = ORIENTED_EDGE('',*,*,#2969,.F.);
#2969 = EDGE_CURVE('',#2175,#2066,#2970,.T.);
#2970 = LINE('',#2971,#2972);
#2971 = CARTESIAN_POINT('',(2.7,-2.1,5.E-02));
#2972 = VECTOR('',#2973,1.);
#2973 = DIRECTION('',(1.224646799147E-16,1.,0.));
#2974 = CYLINDRICAL_SURFACE('',#2975,5.E-02);
#2975 = AXIS2_PLACEMENT_3D('',#2976,#2977,#2978);
#2976 = CARTESIAN_POINT('',(2.65,-2.1,5.E-02));
#2977 = DIRECTION('',(1.224646799147E-16,1.,0.));
#2978 = DIRECTION('',(1.,-1.224646799147E-16,0.));
#2979 = ADVANCED_FACE('',(#2980),#2986,.F.);
#2980 = FACE_BOUND('',#2981,.F.);
#2981 = EDGE_LOOP('',(#2982,#2983,#2984,#2985));
#2982 = ORIENTED_EDGE('',*,*,#2136,.T.);
#2983 = ORIENTED_EDGE('',*,*,#2767,.T.);
#2984 = ORIENTED_EDGE('',*,*,#2193,.T.);
#2985 = ORIENTED_EDGE('',*,*,#2962,.T.);
#2986 = PLANE('',#2987);
#2987 = AXIS2_PLACEMENT_3D('',#2988,#2989,#2990);
#2988 = CARTESIAN_POINT('',(2.25,-1.65,0.));
#2989 = DIRECTION('',(0.,0.,1.));
#2990 = DIRECTION('',(-1.,1.224646799147E-16,0.));
#2991 = ADVANCED_FACE('',(#2992),#3003,.T.);
#2992 = FACE_BOUND('',#2993,.T.);
#2993 = EDGE_LOOP('',(#2994,#2995,#2996,#3002));
#2994 = ORIENTED_EDGE('',*,*,#2838,.F.);
#2995 = ORIENTED_EDGE('',*,*,#2219,.T.);
#2996 = ORIENTED_EDGE('',*,*,#2997,.T.);
#2997 = EDGE_CURVE('',#2220,#2102,#2998,.T.);
#2998 = LINE('',#2999,#3000);
#2999 = CARTESIAN_POINT('',(2.6,-2.2,0.85));
#3000 = VECTOR('',#3001,1.);
#3001 = DIRECTION('',(1.224646799147E-16,1.,0.));
#3002 = ORIENTED_EDGE('',*,*,#2110,.T.);
#3003 = PLANE('',#3004);
#3004 = AXIS2_PLACEMENT_3D('',#3005,#3006,#3007);
#3005 = CARTESIAN_POINT('',(2.6,-2.2,0.1));
#3006 = DIRECTION('',(-1.,1.224646799147E-16,0.));
#3007 = DIRECTION('',(1.224646799147E-16,1.,0.));
#3008 = ADVANCED_FACE('',(#3009),#3015,.F.);
#3009 = FACE_BOUND('',#3010,.F.);
#3010 = EDGE_LOOP('',(#3011,#3012,#3013,#3014));
#3011 = ORIENTED_EDGE('',*,*,#2997,.T.);
#3012 = ORIENTED_EDGE('',*,*,#2101,.F.);
#3013 = ORIENTED_EDGE('',*,*,#2150,.F.);
#3014 = ORIENTED_EDGE('',*,*,#2227,.T.);
#3015 = CYLINDRICAL_SURFACE('',#3016,5.E-02);
#3016 = AXIS2_PLACEMENT_3D('',#3017,#3018,#3019);
#3017 = CARTESIAN_POINT('',(2.55,-2.2,0.85));
#3018 = DIRECTION('',(1.224646799147E-16,1.,0.));
#3019 = DIRECTION('',(1.,-1.224646799147E-16,0.));
#3020 = ADVANCED_FACE('',(#3021),#3027,.F.);
#3021 = FACE_BOUND('',#3022,.F.);
#3022 = EDGE_LOOP('',(#3023,#3024,#3025,#3026));
#3023 = ORIENTED_EDGE('',*,*,#2174,.T.);
#3024 = ORIENTED_EDGE('',*,*,#2944,.T.);
#3025 = ORIENTED_EDGE('',*,*,#2076,.F.);
#3026 = ORIENTED_EDGE('',*,*,#2969,.F.);
#3027 = PLANE('',#3028);
#3028 = AXIS2_PLACEMENT_3D('',#3029,#3030,#3031);
#3029 = CARTESIAN_POINT('',(2.7,-2.1,0.));
#3030 = DIRECTION('',(-1.,1.224646799147E-16,0.));
#3031 = DIRECTION('',(1.224646799147E-16,1.,0.));
#3032 = ADVANCED_FACE('',(#3033),#3044,.F.);
#3033 = FACE_BOUND('',#3034,.F.);
#3034 = EDGE_LOOP('',(#3035,#3036,#3042,#3043));
#3035 = ORIENTED_EDGE('',*,*,#2616,.F.);
#3036 = ORIENTED_EDGE('',*,*,#3037,.F.);
#3037 = EDGE_CURVE('',#2709,#2609,#3038,.T.);
#3038 = LINE('',#3039,#3040);
#3039 = CARTESIAN_POINT('',(-2.6,2.2,0.15));
#3040 = VECTOR('',#3041,1.);
#3041 = DIRECTION('',(-1.224646799147E-16,-1.,0.));
#3042 = ORIENTED_EDGE('',*,*,#2708,.T.);
#3043 = ORIENTED_EDGE('',*,*,#2261,.T.);
#3044 = CYLINDRICAL_SURFACE('',#3045,5.E-02);
#3045 = AXIS2_PLACEMENT_3D('',#3046,#3047,#3048);
#3046 = CARTESIAN_POINT('',(-2.55,2.2,0.15));
#3047 = DIRECTION('',(-1.224646799147E-16,-1.,0.));
#3048 = DIRECTION('',(4.996063166392E-32,-6.118412765058E-48,-1.));
#3049 = ADVANCED_FACE('',(#3050),#3061,.F.);
#3050 = FACE_BOUND('',#3051,.F.);
#3051 = EDGE_LOOP('',(#3052,#3053,#3059,#3060));
#3052 = ORIENTED_EDGE('',*,*,#2398,.F.);
#3053 = ORIENTED_EDGE('',*,*,#3054,.F.);
#3054 = EDGE_CURVE('',#2491,#2391,#3055,.T.);
#3055 = LINE('',#3056,#3057);
#3056 = CARTESIAN_POINT('',(-2.6,-1.1,0.15));
#3057 = VECTOR('',#3058,1.);
#3058 = DIRECTION('',(-1.224646799147E-16,-1.,0.));
#3059 = ORIENTED_EDGE('',*,*,#2490,.T.);
#3060 = ORIENTED_EDGE('',*,*,#2292,.T.);
#3061 = CYLINDRICAL_SURFACE('',#3062,5.E-02);
#3062 = AXIS2_PLACEMENT_3D('',#3063,#3064,#3065);
#3063 = CARTESIAN_POINT('',(-2.55,-1.1,0.15));
#3064 = DIRECTION('',(-1.224646799147E-16,-1.,0.));
#3065 = DIRECTION('',(4.996063166392E-32,-6.118412765058E-48,-1.));
#3066 = ADVANCED_FACE('',(#3067),#3078,.T.);
#3067 = FACE_BOUND('',#3068,.T.);
#3068 = EDGE_LOOP('',(#3069,#3070,#3076,#3077));
#3069 = ORIENTED_EDGE('',*,*,#2517,.T.);
#3070 = ORIENTED_EDGE('',*,*,#3071,.T.);
#3071 = EDGE_CURVE('',#2457,#2357,#3072,.T.);
#3072 = LINE('',#3073,#3074);
#3073 = CARTESIAN_POINT('',(-2.7,-1.2,0.95));
#3074 = VECTOR('',#3075,1.);
#3075 = DIRECTION('',(-1.224646799147E-16,-1.,0.));
#3076 = ORIENTED_EDGE('',*,*,#2364,.F.);
#3077 = ORIENTED_EDGE('',*,*,#2323,.F.);
#3078 = CYLINDRICAL_SURFACE('',#3079,5.E-02);
#3079 = AXIS2_PLACEMENT_3D('',#3080,#3081,#3082);
#3080 = CARTESIAN_POINT('',(-2.65,-1.2,0.95));
#3081 = DIRECTION('',(-1.224646799147E-16,-1.,0.));
#3082 = DIRECTION('',(0.,0.,1.));
#3083 = ADVANCED_FACE('',(#3084),#3100,.T.);
#3084 = FACE_BOUND('',#3085,.T.);
#3085 = EDGE_LOOP('',(#3086,#3087,#3093,#3094));
#3086 = ORIENTED_EDGE('',*,*,#2464,.T.);
#3087 = ORIENTED_EDGE('',*,*,#3088,.T.);
#3088 = EDGE_CURVE('',#2465,#2348,#3089,.T.);
#3089 = LINE('',#3090,#3091);
#3090 = CARTESIAN_POINT('',(-2.65,-1.2,-6.938893903907E-18));
#3091 = VECTOR('',#3092,1.);
#3092 = DIRECTION('',(-1.224646799147E-16,-1.,0.));
#3093 = ORIENTED_EDGE('',*,*,#2345,.F.);
#3094 = ORIENTED_EDGE('',*,*,#3095,.F.);
#3095 = EDGE_CURVE('',#2455,#2346,#3096,.T.);
#3096 = LINE('',#3097,#3098);
#3097 = CARTESIAN_POINT('',(-2.7,-1.2,5.E-02));
#3098 = VECTOR('',#3099,1.);
#3099 = DIRECTION('',(-1.224646799147E-16,-1.,0.));
#3100 = CYLINDRICAL_SURFACE('',#3101,5.E-02);
#3101 = AXIS2_PLACEMENT_3D('',#3102,#3103,#3104);
#3102 = CARTESIAN_POINT('',(-2.65,-1.2,5.E-02));
#3103 = DIRECTION('',(-1.224646799147E-16,-1.,0.));
#3104 = DIRECTION('',(-1.,1.224646799147E-16,0.));
#3105 = ADVANCED_FACE('',(#3106),#3112,.F.);
#3106 = FACE_BOUND('',#3107,.F.);
#3107 = EDGE_LOOP('',(#3108,#3109,#3110,#3111));
#3108 = ORIENTED_EDGE('',*,*,#2473,.T.);
#3109 = ORIENTED_EDGE('',*,*,#3088,.T.);
#3110 = ORIENTED_EDGE('',*,*,#2416,.T.);
#3111 = ORIENTED_EDGE('',*,*,#2784,.T.);
#3112 = PLANE('',#3113);
#3113 = AXIS2_PLACEMENT_3D('',#3114,#3115,#3116);
#3114 = CARTESIAN_POINT('',(-2.25,-1.65,0.));
#3115 = DIRECTION('',(0.,0.,1.));
#3116 = DIRECTION('',(-1.,1.224646799147E-16,0.));
#3117 = ADVANCED_FACE('',(#3118),#3129,.T.);
#3118 = FACE_BOUND('',#3119,.T.);
#3119 = EDGE_LOOP('',(#3120,#3121,#3122,#3128));
#3120 = ORIENTED_EDGE('',*,*,#3054,.F.);
#3121 = ORIENTED_EDGE('',*,*,#2499,.T.);
#3122 = ORIENTED_EDGE('',*,*,#3123,.T.);
#3123 = EDGE_CURVE('',#2500,#2382,#3124,.T.);
#3124 = LINE('',#3125,#3126);
#3125 = CARTESIAN_POINT('',(-2.6,-1.1,0.85));
#3126 = VECTOR('',#3127,1.);
#3127 = DIRECTION('',(-1.224646799147E-16,-1.,0.));
#3128 = ORIENTED_EDGE('',*,*,#2390,.T.);
#3129 = PLANE('',#3130);
#3130 = AXIS2_PLACEMENT_3D('',#3131,#3132,#3133);
#3131 = CARTESIAN_POINT('',(-2.6,-1.1,0.1));
#3132 = DIRECTION('',(1.,-1.224646799147E-16,0.));
#3133 = DIRECTION('',(-1.224646799147E-16,-1.,0.));
#3134 = ADVANCED_FACE('',(#3135),#3141,.F.);
#3135 = FACE_BOUND('',#3136,.F.);
#3136 = EDGE_LOOP('',(#3137,#3138,#3139,#3140));
#3137 = ORIENTED_EDGE('',*,*,#3123,.T.);
#3138 = ORIENTED_EDGE('',*,*,#2381,.F.);
#3139 = ORIENTED_EDGE('',*,*,#2439,.F.);
#3140 = ORIENTED_EDGE('',*,*,#2507,.T.);
#3141 = CYLINDRICAL_SURFACE('',#3142,5.E-02);
#3142 = AXIS2_PLACEMENT_3D('',#3143,#3144,#3145);
#3143 = CARTESIAN_POINT('',(-2.55,-1.1,0.85));
#3144 = DIRECTION('',(-1.224646799147E-16,-1.,0.));
#3145 = DIRECTION('',(-1.,1.224646799147E-16,0.));
#3146 = ADVANCED_FACE('',(#3147),#3153,.F.);
#3147 = FACE_BOUND('',#3148,.F.);
#3148 = EDGE_LOOP('',(#3149,#3150,#3151,#3152));
#3149 = ORIENTED_EDGE('',*,*,#2454,.T.);
#3150 = ORIENTED_EDGE('',*,*,#3071,.T.);
#3151 = ORIENTED_EDGE('',*,*,#2356,.F.);
#3152 = ORIENTED_EDGE('',*,*,#3095,.F.);
#3153 = PLANE('',#3154);
#3154 = AXIS2_PLACEMENT_3D('',#3155,#3156,#3157);
#3155 = CARTESIAN_POINT('',(-2.7,-1.2,0.));
#3156 = DIRECTION('',(1.,-1.224646799147E-16,0.));
#3157 = DIRECTION('',(-1.224646799147E-16,-1.,0.));
#3158 = ADVANCED_FACE('',(#3159),#3170,.T.);
#3159 = FACE_BOUND('',#3160,.T.);
#3160 = EDGE_LOOP('',(#3161,#3162,#3168,#3169));
#3161 = ORIENTED_EDGE('',*,*,#2735,.T.);
#3162 = ORIENTED_EDGE('',*,*,#3163,.T.);
#3163 = EDGE_CURVE('',#2675,#2575,#3164,.T.);
#3164 = LINE('',#3165,#3166);
#3165 = CARTESIAN_POINT('',(-2.7,2.1,0.95));
#3166 = VECTOR('',#3167,1.);
#3167 = DIRECTION('',(-1.224646799147E-16,-1.,0.));
#3168 = ORIENTED_EDGE('',*,*,#2582,.F.);
#3169 = ORIENTED_EDGE('',*,*,#2541,.F.);
#3170 = CYLINDRICAL_SURFACE('',#3171,5.E-02);
#3171 = AXIS2_PLACEMENT_3D('',#3172,#3173,#3174);
#3172 = CARTESIAN_POINT('',(-2.65,2.1,0.95));
#3173 = DIRECTION('',(-1.224646799147E-16,-1.,0.));
#3174 = DIRECTION('',(0.,0.,1.));
#3175 = ADVANCED_FACE('',(#3176),#3192,.T.);
#3176 = FACE_BOUND('',#3177,.T.);
#3177 = EDGE_LOOP('',(#3178,#3179,#3185,#3186));
#3178 = ORIENTED_EDGE('',*,*,#2682,.T.);
#3179 = ORIENTED_EDGE('',*,*,#3180,.T.);
#3180 = EDGE_CURVE('',#2683,#2566,#3181,.T.);
#3181 = LINE('',#3182,#3183);
#3182 = CARTESIAN_POINT('',(-2.65,2.1,-6.938893903907E-18));
#3183 = VECTOR('',#3184,1.);
#3184 = DIRECTION('',(-1.224646799147E-16,-1.,0.));
#3185 = ORIENTED_EDGE('',*,*,#2563,.F.);
#3186 = ORIENTED_EDGE('',*,*,#3187,.F.);
#3187 = EDGE_CURVE('',#2673,#2564,#3188,.T.);
#3188 = LINE('',#3189,#3190);
#3189 = CARTESIAN_POINT('',(-2.7,2.1,5.E-02));
#3190 = VECTOR('',#3191,1.);
#3191 = DIRECTION('',(-1.224646799147E-16,-1.,0.));
#3192 = CYLINDRICAL_SURFACE('',#3193,5.E-02);
#3193 = AXIS2_PLACEMENT_3D('',#3194,#3195,#3196);
#3194 = CARTESIAN_POINT('',(-2.65,2.1,5.E-02));
#3195 = DIRECTION('',(-1.224646799147E-16,-1.,0.));
#3196 = DIRECTION('',(-1.,1.224646799147E-16,0.));
#3197 = ADVANCED_FACE('',(#3198),#3204,.F.);
#3198 = FACE_BOUND('',#3199,.F.);
#3199 = EDGE_LOOP('',(#3200,#3201,#3202,#3203));
#3200 = ORIENTED_EDGE('',*,*,#2691,.T.);
#3201 = ORIENTED_EDGE('',*,*,#3180,.T.);
#3202 = ORIENTED_EDGE('',*,*,#2634,.T.);
#3203 = ORIENTED_EDGE('',*,*,#2801,.T.);
#3204 = PLANE('',#3205);
#3205 = AXIS2_PLACEMENT_3D('',#3206,#3207,#3208);
#3206 = CARTESIAN_POINT('',(-2.25,1.65,0.));
#3207 = DIRECTION('',(0.,0.,1.));
#3208 = DIRECTION('',(-1.,1.224646799147E-16,0.));
#3209 = ADVANCED_FACE('',(#3210),#3221,.T.);
#3210 = FACE_BOUND('',#3211,.T.);
#3211 = EDGE_LOOP('',(#3212,#3213,#3214,#3220));
#3212 = ORIENTED_EDGE('',*,*,#3037,.F.);
#3213 = ORIENTED_EDGE('',*,*,#2717,.T.);
#3214 = ORIENTED_EDGE('',*,*,#3215,.T.);
#3215 = EDGE_CURVE('',#2718,#2600,#3216,.T.);
#3216 = LINE('',#3217,#3218);
#3217 = CARTESIAN_POINT('',(-2.6,2.2,0.85));
#3218 = VECTOR('',#3219,1.);
#3219 = DIRECTION('',(-1.224646799147E-16,-1.,0.));
#3220 = ORIENTED_EDGE('',*,*,#2608,.T.);
#3221 = PLANE('',#3222);
#3222 = AXIS2_PLACEMENT_3D('',#3223,#3224,#3225);
#3223 = CARTESIAN_POINT('',(-2.6,2.2,0.1));
#3224 = DIRECTION('',(1.,-1.224646799147E-16,0.));
#3225 = DIRECTION('',(-1.224646799147E-16,-1.,0.));
#3226 = ADVANCED_FACE('',(#3227),#3233,.F.);
#3227 = FACE_BOUND('',#3228,.F.);
#3228 = EDGE_LOOP('',(#3229,#3230,#3231,#3232));
#3229 = ORIENTED_EDGE('',*,*,#3215,.T.);
#3230 = ORIENTED_EDGE('',*,*,#2599,.F.);
#3231 = ORIENTED_EDGE('',*,*,#2657,.F.);
#3232 = ORIENTED_EDGE('',*,*,#2725,.T.);
#3233 = CYLINDRICAL_SURFACE('',#3234,5.E-02);
#3234 = AXIS2_PLACEMENT_3D('',#3235,#3236,#3237);
#3235 = CARTESIAN_POINT('',(-2.55,2.2,0.85));
#3236 = DIRECTION('',(-1.224646799147E-16,-1.,0.));
#3237 = DIRECTION('',(-1.,1.224646799147E-16,0.));
#3238 = ADVANCED_FACE('',(#3239),#3245,.F.);
#3239 = FACE_BOUND('',#3240,.F.);
#3240 = EDGE_LOOP('',(#3241,#3242,#3243,#3244));
#3241 = ORIENTED_EDGE('',*,*,#2672,.T.);
#3242 = ORIENTED_EDGE('',*,*,#3163,.T.);
#3243 = ORIENTED_EDGE('',*,*,#2574,.F.);
#3244 = ORIENTED_EDGE('',*,*,#3187,.F.);
#3245 = PLANE('',#3246);
#3246 = AXIS2_PLACEMENT_3D('',#3247,#3248,#3249);
#3247 = CARTESIAN_POINT('',(-2.7,2.1,0.));
#3248 = DIRECTION('',(1.,-1.224646799147E-16,0.));
#3249 = DIRECTION('',(-1.224646799147E-16,-1.,0.));
#3250 = ( GEOMETRIC_REPRESENTATION_CONTEXT(3) 
GLOBAL_UNCERTAINTY_ASSIGNED_CONTEXT((#3254)) 
GLOBAL_UNIT_ASSIGNED_CONTEXT((#3251,#3252,#3253)) REPRESENTATION_CONTEXT
('Context #1','3D Context with UNIT and UNCERTAINTY') );
#3251 = ( LENGTH_UNIT() NAMED_UNIT(*) SI_UNIT(.MILLI.,.METRE.) );
#3252 = ( NAMED_UNIT(*) PLANE_ANGLE_UNIT() SI_UNIT($,.RADIAN.) );
#3253 = ( NAMED_UNIT(*) SI_UNIT($,.STERADIAN.) SOLID_ANGLE_UNIT() );
#3254 = UNCERTAINTY_MEASURE_WITH_UNIT(LENGTH_MEASURE(1.E-07),#3251,
  'distance_accuracy_value','confusion accuracy');
#3255 = CONTEXT_DEPENDENT_SHAPE_REPRESENTATION(#3256,#3258);
#3256 = ( REPRESENTATION_RELATIONSHIP('','',#982,#10) 
REPRESENTATION_RELATIONSHIP_WITH_TRANSFORMATION(#3257) 
SHAPE_REPRESENTATION_RELATIONSHIP() );
#3257 = ITEM_DEFINED_TRANSFORMATION('','',#11,#23);
#3258 = PRODUCT_DEFINITION_SHAPE('Placement','Placement of an item',
  #3259);
#3259 = NEXT_ASSEMBLY_USAGE_OCCURRENCE('3','D2','',#5,#977,$);
#3260 = PRODUCT_RELATED_PRODUCT_CATEGORY('part',$,(#979));
#3261 = CONTEXT_DEPENDENT_SHAPE_REPRESENTATION(#3262,#3264);
#3262 = ( REPRESENTATION_RELATIONSHIP('','',#104,#10) 
REPRESENTATION_RELATIONSHIP_WITH_TRANSFORMATION(#3263) 
SHAPE_REPRESENTATION_RELATIONSHIP() );
#3263 = ITEM_DEFINED_TRANSFORMATION('','',#11,#27);
#3264 = PRODUCT_DEFINITION_SHAPE('Placement','Placement of an item',
  #3265);
#3265 = NEXT_ASSEMBLY_USAGE_OCCURRENCE('4','C8','',#5,#99,$);
#3266 = CONTEXT_DEPENDENT_SHAPE_REPRESENTATION(#3267,#3269);
#3267 = ( REPRESENTATION_RELATIONSHIP('','',#982,#10) 
REPRESENTATION_RELATIONSHIP_WITH_TRANSFORMATION(#3268) 
SHAPE_REPRESENTATION_RELATIONSHIP() );
#3268 = ITEM_DEFINED_TRANSFORMATION('','',#11,#31);
#3269 = PRODUCT_DEFINITION_SHAPE('Placement','Placement of an item',
  #3270);
#3270 = NEXT_ASSEMBLY_USAGE_OCCURRENCE('5','D7','',#5,#977,$);
#3271 = CONTEXT_DEPENDENT_SHAPE_REPRESENTATION(#3272,#3274);
#3272 = ( REPRESENTATION_RELATIONSHIP('','',#104,#10) 
REPRESENTATION_RELATIONSHIP_WITH_TRANSFORMATION(#3273) 
SHAPE_REPRESENTATION_RELATIONSHIP() );
#3273 = ITEM_DEFINED_TRANSFORMATION('','',#11,#35);
#3274 = PRODUCT_DEFINITION_SHAPE('Placement','Placement of an item',
  #3275);
#3275 = NEXT_ASSEMBLY_USAGE_OCCURRENCE('6','C5','',#5,#99,$);
#3276 = CONTEXT_DEPENDENT_SHAPE_REPRESENTATION(#3277,#3279);
#3277 = ( REPRESENTATION_RELATIONSHIP('','',#982,#10) 
REPRESENTATION_RELATIONSHIP_WITH_TRANSFORMATION(#3278) 
SHAPE_REPRESENTATION_RELATIONSHIP() );
#3278 = ITEM_DEFINED_TRANSFORMATION('','',#11,#39);
#3279 = PRODUCT_DEFINITION_SHAPE('Placement','Placement of an item',
  #3280);
#3280 = NEXT_ASSEMBLY_USAGE_OCCURRENCE('7','D6','',#5,#977,$);
#3281 = CONTEXT_DEPENDENT_SHAPE_REPRESENTATION(#3282,#3284);
#3282 = ( REPRESENTATION_RELATIONSHIP('','',#104,#10) 
REPRESENTATION_RELATIONSHIP_WITH_TRANSFORMATION(#3283) 
SHAPE_REPRESENTATION_RELATIONSHIP() );
#3283 = ITEM_DEFINED_TRANSFORMATION('','',#11,#43);
#3284 = PRODUCT_DEFINITION_SHAPE('Placement','Placement of an item',
  #3285);
#3285 = NEXT_ASSEMBLY_USAGE_OCCURRENCE('8','C1','',#5,#99,$);
#3286 = CONTEXT_DEPENDENT_SHAPE_REPRESENTATION(#3287,#3289);
#3287 = ( REPRESENTATION_RELATIONSHIP('','',#104,#10) 
REPRESENTATION_RELATIONSHIP_WITH_TRANSFORMATION(#3288) 
SHAPE_REPRESENTATION_RELATIONSHIP() );
#3288 = ITEM_DEFINED_TRANSFORMATION('','',#11,#47);
#3289 = PRODUCT_DEFINITION_SHAPE('Placement','Placement of an item',
  #3290);
#3290 = NEXT_ASSEMBLY_USAGE_OCCURRENCE('9','C6','',#5,#99,$);
#3291 = CONTEXT_DEPENDENT_SHAPE_REPRESENTATION(#3292,#3294);
#3292 = ( REPRESENTATION_RELATIONSHIP('','',#982,#10) 
REPRESENTATION_RELATIONSHIP_WITH_TRANSFORMATION(#3293) 
SHAPE_REPRESENTATION_RELATIONSHIP() );
#3293 = ITEM_DEFINED_TRANSFORMATION('','',#11,#51);
#3294 = PRODUCT_DEFINITION_SHAPE('Placement','Placement of an item',
  #3295);
#3295 = NEXT_ASSEMBLY_USAGE_OCCURRENCE('10','D9','',#5,#977,$);
#3296 = CONTEXT_DEPENDENT_SHAPE_REPRESENTATION(#3297,#3299);
#3297 = ( REPRESENTATION_RELATIONSHIP('','',#104,#10) 
REPRESENTATION_RELATIONSHIP_WITH_TRANSFORMATION(#3298) 
SHAPE_REPRESENTATION_RELATIONSHIP() );
#3298 = ITEM_DEFINED_TRANSFORMATION('','',#11,#55);
#3299 = PRODUCT_DEFINITION_SHAPE('Placement','Placement of an item',
  #3300);
#3300 = NEXT_ASSEMBLY_USAGE_OCCURRENCE('11','C7','',#5,#99,$);
#3301 = CONTEXT_DEPENDENT_SHAPE_REPRESENTATION(#3302,#3304);
#3302 = ( REPRESENTATION_RELATIONSHIP('','',#982,#10) 
REPRESENTATION_RELATIONSHIP_WITH_TRANSFORMATION(#3303) 
SHAPE_REPRESENTATION_RELATIONSHIP() );
#3303 = ITEM_DEFINED_TRANSFORMATION('','',#11,#59);
#3304 = PRODUCT_DEFINITION_SHAPE('Placement','Placement of an item',
  #3305);
#3305 = NEXT_ASSEMBLY_USAGE_OCCURRENCE('12','D4','',#5,#977,$);
#3306 = CONTEXT_DEPENDENT_SHAPE_REPRESENTATION(#3307,#3309);
#3307 = ( REPRESENTATION_RELATIONSHIP('','',#104,#10) 
REPRESENTATION_RELATIONSHIP_WITH_TRANSFORMATION(#3308) 
SHAPE_REPRESENTATION_RELATIONSHIP() );
#3308 = ITEM_DEFINED_TRANSFORMATION('','',#11,#63);
#3309 = PRODUCT_DEFINITION_SHAPE('Placement','Placement of an item',
  #3310);
#3310 = NEXT_ASSEMBLY_USAGE_OCCURRENCE('13','C2','',#5,#99,$);
#3311 = CONTEXT_DEPENDENT_SHAPE_REPRESENTATION(#3312,#3314);
#3312 = ( REPRESENTATION_RELATIONSHIP('','',#982,#10) 
REPRESENTATION_RELATIONSHIP_WITH_TRANSFORMATION(#3313) 
SHAPE_REPRESENTATION_RELATIONSHIP() );
#3313 = ITEM_DEFINED_TRANSFORMATION('','',#11,#67);
#3314 = PRODUCT_DEFINITION_SHAPE('Placement','Placement of an item',
  #3315);
#3315 = NEXT_ASSEMBLY_USAGE_OCCURRENCE('14','D5','',#5,#977,$);
#3316 = CONTEXT_DEPENDENT_SHAPE_REPRESENTATION(#3317,#3319);
#3317 = ( REPRESENTATION_RELATIONSHIP('','',#104,#10) 
REPRESENTATION_RELATIONSHIP_WITH_TRANSFORMATION(#3318) 
SHAPE_REPRESENTATION_RELATIONSHIP() );
#3318 = ITEM_DEFINED_TRANSFORMATION('','',#11,#71);
#3319 = PRODUCT_DEFINITION_SHAPE('Placement','Placement of an item',
  #3320);
#3320 = NEXT_ASSEMBLY_USAGE_OCCURRENCE('15','C9','',#5,#99,$);
#3321 = CONTEXT_DEPENDENT_SHAPE_REPRESENTATION(#3322,#3324);
#3322 = ( REPRESENTATION_RELATIONSHIP('','',#982,#10) 
REPRESENTATION_RELATIONSHIP_WITH_TRANSFORMATION(#3323) 
SHAPE_REPRESENTATION_RELATIONSHIP() );
#3323 = ITEM_DEFINED_TRANSFORMATION('','',#11,#75);
#3324 = PRODUCT_DEFINITION_SHAPE('Placement','Placement of an item',
  #3325);
#3325 = NEXT_ASSEMBLY_USAGE_OCCURRENCE('16','D8','',#5,#977,$);
#3326 = CONTEXT_DEPENDENT_SHAPE_REPRESENTATION(#3327,#3329);
#3327 = ( REPRESENTATION_RELATIONSHIP('','',#982,#10) 
REPRESENTATION_RELATIONSHIP_WITH_TRANSFORMATION(#3328) 
SHAPE_REPRESENTATION_RELATIONSHIP() );
#3328 = ITEM_DEFINED_TRANSFORMATION('','',#11,#79);
#3329 = PRODUCT_DEFINITION_SHAPE('Placement','Placement of an item',
  #3330);
#3330 = NEXT_ASSEMBLY_USAGE_OCCURRENCE('17','D3','',#5,#977,$);
#3331 = CONTEXT_DEPENDENT_SHAPE_REPRESENTATION(#3332,#3334);
#3332 = ( REPRESENTATION_RELATIONSHIP('','',#982,#10) 
REPRESENTATION_RELATIONSHIP_WITH_TRANSFORMATION(#3333) 
SHAPE_REPRESENTATION_RELATIONSHIP() );
#3333 = ITEM_DEFINED_TRANSFORMATION('','',#11,#83);
#3334 = PRODUCT_DEFINITION_SHAPE('Placement','Placement of an item',
  #3335);
#3335 = NEXT_ASSEMBLY_USAGE_OCCURRENCE('18','D1','',#5,#977,$);
#3336 = SHAPE_DEFINITION_REPRESENTATION(#3337,#3343);
#3337 = PRODUCT_DEFINITION_SHAPE('','',#3338);
#3338 = PRODUCT_DEFINITION('design','',#3339,#3342);
#3339 = PRODUCT_DEFINITION_FORMATION('','',#3340);
#3340 = PRODUCT('KÃ¶rper_Seite1_PCB','KÃ¶rper_Seite1_PCB','',(#3341)
  );
#3341 = PRODUCT_CONTEXT('',#2,'mechanical');
#3342 = PRODUCT_DEFINITION_CONTEXT('part definition',#2,'design');
#3343 = ADVANCED_BREP_SHAPE_REPRESENTATION('',(#11,#3344),#5841);
#3344 = MANIFOLD_SOLID_BREP('',#3345);
#3345 = CLOSED_SHELL('',(#3346,#3386,#3417,#3448,#4052,#4656,#4673,#4690
    ,#4707,#4724,#4741,#4758,#4775,#4792,#4809,#4826,#4843,#4860,#4877,
    #4894,#4911,#4928,#4945,#4962,#4979,#4996,#5013,#5030,#5047,#5064,
    #5081,#5098,#5115,#5132,#5149,#5166,#5183,#5200,#5217,#5234,#5251,
    #5268,#5285,#5302,#5319,#5336,#5353,#5370,#5387,#5404,#5421,#5438,
    #5455,#5472,#5489,#5506,#5523,#5540,#5557,#5574,#5591,#5608,#5625,
    #5642,#5659,#5676,#5693,#5710,#5722,#5739,#5756,#5773,#5790,#5807,
    #5824));
#3346 = ADVANCED_FACE('',(#3347),#3381,.T.);
#3347 = FACE_BOUND('',#3348,.T.);
#3348 = EDGE_LOOP('',(#3349,#3359,#3367,#3375));
#3349 = ORIENTED_EDGE('',*,*,#3350,.T.);
#3350 = EDGE_CURVE('',#3351,#3353,#3355,.T.);
#3351 = VERTEX_POINT('',#3352);
#3352 = CARTESIAN_POINT('',(102.86857,-59.110688,0.));
#3353 = VERTEX_POINT('',#3354);
#3354 = CARTESIAN_POINT('',(102.86857,-59.110688,1.51));
#3355 = LINE('',#3356,#3357);
#3356 = CARTESIAN_POINT('',(102.86857,-59.110688,0.));
#3357 = VECTOR('',#3358,1.);
#3358 = DIRECTION('',(0.,0.,1.));
#3359 = ORIENTED_EDGE('',*,*,#3360,.T.);
#3360 = EDGE_CURVE('',#3353,#3361,#3363,.T.);
#3361 = VERTEX_POINT('',#3362);
#3362 = CARTESIAN_POINT('',(104.064387,-63.694654,1.51));
#3363 = LINE('',#3364,#3365);
#3364 = CARTESIAN_POINT('',(102.86857,-59.110688,1.51));
#3365 = VECTOR('',#3366,1.);
#3366 = DIRECTION('',(0.252421854182,-0.967617283605,0.));
#3367 = ORIENTED_EDGE('',*,*,#3368,.F.);
#3368 = EDGE_CURVE('',#3369,#3361,#3371,.T.);
#3369 = VERTEX_POINT('',#3370);
#3370 = CARTESIAN_POINT('',(104.064387,-63.694654,0.));
#3371 = LINE('',#3372,#3373);
#3372 = CARTESIAN_POINT('',(104.064387,-63.694654,0.));
#3373 = VECTOR('',#3374,1.);
#3374 = DIRECTION('',(0.,0.,1.));
#3375 = ORIENTED_EDGE('',*,*,#3376,.F.);
#3376 = EDGE_CURVE('',#3351,#3369,#3377,.T.);
#3377 = LINE('',#3378,#3379);
#3378 = CARTESIAN_POINT('',(102.86857,-59.110688,0.));
#3379 = VECTOR('',#3380,1.);
#3380 = DIRECTION('',(0.252421854182,-0.967617283605,0.));
#3381 = PLANE('',#3382);
#3382 = AXIS2_PLACEMENT_3D('',#3383,#3384,#3385);
#3383 = CARTESIAN_POINT('',(102.86857,-59.110688,0.));
#3384 = DIRECTION('',(0.967617283605,0.252421854182,-0.));
#3385 = DIRECTION('',(0.252421854182,-0.967617283605,0.));
#3386 = ADVANCED_FACE('',(#3387),#3412,.T.);
#3387 = FACE_BOUND('',#3388,.T.);
#3388 = EDGE_LOOP('',(#3389,#3399,#3405,#3406));
#3389 = ORIENTED_EDGE('',*,*,#3390,.T.);
#3390 = EDGE_CURVE('',#3391,#3393,#3395,.T.);
#3391 = VERTEX_POINT('',#3392);
#3392 = CARTESIAN_POINT('',(101.606663,-54.273379,0.));
#3393 = VERTEX_POINT('',#3394);
#3394 = CARTESIAN_POINT('',(101.606663,-54.273379,1.51));
#3395 = LINE('',#3396,#3397);
#3396 = CARTESIAN_POINT('',(101.606663,-54.273379,0.));
#3397 = VECTOR('',#3398,1.);
#3398 = DIRECTION('',(0.,0.,1.));
#3399 = ORIENTED_EDGE('',*,*,#3400,.T.);
#3400 = EDGE_CURVE('',#3393,#3353,#3401,.T.);
#3401 = LINE('',#3402,#3403);
#3402 = CARTESIAN_POINT('',(101.606663,-54.273379,1.51));
#3403 = VECTOR('',#3404,1.);
#3404 = DIRECTION('',(0.252421954147,-0.967617257527,0.));
#3405 = ORIENTED_EDGE('',*,*,#3350,.F.);
#3406 = ORIENTED_EDGE('',*,*,#3407,.F.);
#3407 = EDGE_CURVE('',#3391,#3351,#3408,.T.);
#3408 = LINE('',#3409,#3410);
#3409 = CARTESIAN_POINT('',(101.606663,-54.273379,0.));
#3410 = VECTOR('',#3411,1.);
#3411 = DIRECTION('',(0.252421954147,-0.967617257527,0.));
#3412 = PLANE('',#3413);
#3413 = AXIS2_PLACEMENT_3D('',#3414,#3415,#3416);
#3414 = CARTESIAN_POINT('',(101.606663,-54.273379,0.));
#3415 = DIRECTION('',(0.967617257527,0.252421954147,-0.));
#3416 = DIRECTION('',(0.252421954147,-0.967617257527,0.));
#3417 = ADVANCED_FACE('',(#3418),#3443,.T.);
#3418 = FACE_BOUND('',#3419,.T.);
#3419 = EDGE_LOOP('',(#3420,#3421,#3429,#3437));
#3420 = ORIENTED_EDGE('',*,*,#3368,.T.);
#3421 = ORIENTED_EDGE('',*,*,#3422,.T.);
#3422 = EDGE_CURVE('',#3361,#3423,#3425,.T.);
#3423 = VERTEX_POINT('',#3424);
#3424 = CARTESIAN_POINT('',(116.185376,-70.072166,1.51));
#3425 = LINE('',#3426,#3427);
#3426 = CARTESIAN_POINT('',(104.064387,-63.694654,1.51));
#3427 = VECTOR('',#3428,1.);
#3428 = DIRECTION('',(0.884977071502,-0.46563460236,0.));
#3429 = ORIENTED_EDGE('',*,*,#3430,.F.);
#3430 = EDGE_CURVE('',#3431,#3423,#3433,.T.);
#3431 = VERTEX_POINT('',#3432);
#3432 = CARTESIAN_POINT('',(116.185376,-70.072166,0.));
#3433 = LINE('',#3434,#3435);
#3434 = CARTESIAN_POINT('',(116.185376,-70.072166,0.));
#3435 = VECTOR('',#3436,1.);
#3436 = DIRECTION('',(0.,0.,1.));
#3437 = ORIENTED_EDGE('',*,*,#3438,.F.);
#3438 = EDGE_CURVE('',#3369,#3431,#3439,.T.);
#3439 = LINE('',#3440,#3441);
#3440 = CARTESIAN_POINT('',(104.064387,-63.694654,0.));
#3441 = VECTOR('',#3442,1.);
#3442 = DIRECTION('',(0.884977071502,-0.46563460236,0.));
#3443 = PLANE('',#3444);
#3444 = AXIS2_PLACEMENT_3D('',#3445,#3446,#3447);
#3445 = CARTESIAN_POINT('',(104.064387,-63.694654,0.));
#3446 = DIRECTION('',(0.46563460236,0.884977071502,-0.));
#3447 = DIRECTION('',(0.884977071502,-0.46563460236,0.));
#3448 = ADVANCED_FACE('',(#3449,#3970,#3981,#3992,#4003,#4014,#4025,
    #4036),#4047,.F.);
#3449 = FACE_BOUND('',#3450,.F.);
#3450 = EDGE_LOOP('',(#3451,#3452,#3453,#3461,#3469,#3477,#3485,#3494,
    #3502,#3510,#3518,#3526,#3534,#3542,#3551,#3559,#3567,#3575,#3584,
    #3592,#3600,#3608,#3616,#3624,#3632,#3640,#3649,#3657,#3665,#3673,
    #3681,#3689,#3698,#3706,#3714,#3722,#3731,#3739,#3748,#3756,#3764,
    #3772,#3780,#3788,#3796,#3804,#3812,#3821,#3829,#3837,#3846,#3854,
    #3862,#3870,#3879,#3887,#3895,#3903,#3912,#3920,#3928,#3937,#3945,
    #3954,#3962,#3969));
#3451 = ORIENTED_EDGE('',*,*,#3376,.F.);
#3452 = ORIENTED_EDGE('',*,*,#3407,.F.);
#3453 = ORIENTED_EDGE('',*,*,#3454,.F.);
#3454 = EDGE_CURVE('',#3455,#3391,#3457,.T.);
#3455 = VERTEX_POINT('',#3456);
#3456 = CARTESIAN_POINT('',(100.648233,-54.273379,0.));
#3457 = LINE('',#3458,#3459);
#3458 = CARTESIAN_POINT('',(100.648233,-54.273379,0.));
#3459 = VECTOR('',#3460,1.);
#3460 = DIRECTION('',(1.,0.,0.));
#3461 = ORIENTED_EDGE('',*,*,#3462,.F.);
#3462 = EDGE_CURVE('',#3463,#3455,#3465,.T.);
#3463 = VERTEX_POINT('',#3464);
#3464 = CARTESIAN_POINT('',(99.965843,-56.548013,0.));
#3465 = LINE('',#3466,#3467);
#3466 = CARTESIAN_POINT('',(99.965843,-56.548013,0.));
#3467 = VECTOR('',#3468,1.);
#3468 = DIRECTION('',(0.287347808302,0.9578263084,0.));
#3469 = ORIENTED_EDGE('',*,*,#3470,.F.);
#3470 = EDGE_CURVE('',#3471,#3463,#3473,.T.);
#3471 = VERTEX_POINT('',#3472);
#3472 = CARTESIAN_POINT('',(98.058517,-59.262284,0.));
#3473 = LINE('',#3474,#3475);
#3474 = CARTESIAN_POINT('',(98.058517,-59.262284,0.));
#3475 = VECTOR('',#3476,1.);
#3476 = DIRECTION('',(0.574945603976,0.818191635541,0.));
#3477 = ORIENTED_EDGE('',*,*,#3478,.F.);
#3478 = EDGE_CURVE('',#3479,#3471,#3481,.T.);
#3479 = VERTEX_POINT('',#3480);
#3480 = CARTESIAN_POINT('',(94.701826,-63.91834,0.));
#3481 = LINE('',#3482,#3483);
#3482 = CARTESIAN_POINT('',(94.701826,-63.91834,0.));
#3483 = VECTOR('',#3484,1.);
#3484 = DIRECTION('',(0.584801514058,0.811176422953,0.));
#3485 = ORIENTED_EDGE('',*,*,#3486,.F.);
#3486 = EDGE_CURVE('',#3487,#3479,#3489,.T.);
#3487 = VERTEX_POINT('',#3488);
#3488 = CARTESIAN_POINT('',(91.023976,-68.970268,0.));
#3489 = CIRCLE('',#3490,3.124614460513);
#3490 = AXIS2_PLACEMENT_3D('',#3491,#3492,#3493);
#3491 = CARTESIAN_POINT('',(92.836378796057,-66.42499559184,0.));
#3492 = DIRECTION('',(0.,0.,1.));
#3493 = DIRECTION('',(-0.580040455858,-0.814587668436,0.));
#3494 = ORIENTED_EDGE('',*,*,#3495,.F.);
#3495 = EDGE_CURVE('',#3496,#3487,#3498,.T.);
#3496 = VERTEX_POINT('',#3497);
#3497 = CARTESIAN_POINT('',(89.686381,-70.722978,0.));
#3498 = LINE('',#3499,#3500);
#3499 = CARTESIAN_POINT('',(89.686381,-70.722978,0.));
#3500 = VECTOR('',#3501,1.);
#3501 = DIRECTION('',(0.606673470205,0.794951130919,0.));
#3502 = ORIENTED_EDGE('',*,*,#3503,.F.);
#3503 = EDGE_CURVE('',#3504,#3496,#3506,.T.);
#3504 = VERTEX_POINT('',#3505);
#3505 = CARTESIAN_POINT('',(82.541675,-80.817332,0.));
#3506 = LINE('',#3507,#3508);
#3507 = CARTESIAN_POINT('',(82.541675,-80.817332,0.));
#3508 = VECTOR('',#3509,1.);
#3509 = DIRECTION('',(0.57772323566,0.816232725991,0.));
#3510 = ORIENTED_EDGE('',*,*,#3511,.F.);
#3511 = EDGE_CURVE('',#3512,#3504,#3514,.T.);
#3512 = VERTEX_POINT('',#3513);
#3513 = CARTESIAN_POINT('',(82.953856,-83.211905,0.));
#3514 = LINE('',#3515,#3516);
#3515 = CARTESIAN_POINT('',(82.953856,-83.211905,0.));
#3516 = VECTOR('',#3517,1.);
#3517 = DIRECTION('',(-0.169636562803,0.985506690267,0.));
#3518 = ORIENTED_EDGE('',*,*,#3519,.F.);
#3519 = EDGE_CURVE('',#3520,#3512,#3522,.T.);
#3520 = VERTEX_POINT('',#3521);
#3521 = CARTESIAN_POINT('',(86.628217,-85.126753,0.));
#3522 = LINE('',#3523,#3524);
#3523 = CARTESIAN_POINT('',(86.628217,-85.126753,0.));
#3524 = VECTOR('',#3525,1.);
#3525 = DIRECTION('',(-0.886803480274,0.462146716285,0.));
#3526 = ORIENTED_EDGE('',*,*,#3527,.F.);
#3527 = EDGE_CURVE('',#3528,#3520,#3530,.T.);
#3528 = VERTEX_POINT('',#3529);
#3529 = CARTESIAN_POINT('',(96.29584,-79.714734,0.));
#3530 = LINE('',#3531,#3532);
#3531 = CARTESIAN_POINT('',(96.29584,-79.714734,0.));
#3532 = VECTOR('',#3533,1.);
#3533 = DIRECTION('',(-0.872577185808,-0.488476258182,0.));
#3534 = ORIENTED_EDGE('',*,*,#3535,.F.);
#3535 = EDGE_CURVE('',#3536,#3528,#3538,.T.);
#3536 = VERTEX_POINT('',#3537);
#3537 = CARTESIAN_POINT('',(97.320681,-79.14102,0.));
#3538 = LINE('',#3539,#3540);
#3539 = CARTESIAN_POINT('',(97.320681,-79.14102,0.));
#3540 = VECTOR('',#3541,1.);
#3541 = DIRECTION('',(-0.872577497457,-0.488475701476,0.));
#3542 = ORIENTED_EDGE('',*,*,#3543,.F.);
#3543 = EDGE_CURVE('',#3544,#3536,#3546,.T.);
#3544 = VERTEX_POINT('',#3545);
#3545 = CARTESIAN_POINT('',(101.749201,-79.915402,0.));
#3546 = CIRCLE('',#3547,2.819584522315);
#3547 = AXIS2_PLACEMENT_3D('',#3548,#3549,#3550);
#3548 = CARTESIAN_POINT('',(99.828128282466,-77.85153754407,0.));
#3549 = DIRECTION('',(0.,0.,1.));
#3550 = DIRECTION('',(0.681331842451,-0.731974672009,0.));
#3551 = ORIENTED_EDGE('',*,*,#3552,.F.);
#3552 = EDGE_CURVE('',#3553,#3544,#3555,.T.);
#3553 = VERTEX_POINT('',#3554);
#3554 = CARTESIAN_POINT('',(105.849037,-85.342237,0.));
#3555 = LINE('',#3556,#3557);
#3556 = CARTESIAN_POINT('',(105.849037,-85.342237,0.));
#3557 = VECTOR('',#3558,1.);
#3558 = DIRECTION('',(-0.602791968065,0.797898391549,0.));
#3559 = ORIENTED_EDGE('',*,*,#3560,.F.);
#3560 = EDGE_CURVE('',#3561,#3553,#3563,.T.);
#3561 = VERTEX_POINT('',#3562);
#3562 = CARTESIAN_POINT('',(108.389081,-88.70442,0.));
#3563 = LINE('',#3564,#3565);
#3564 = CARTESIAN_POINT('',(108.389081,-88.70442,0.));
#3565 = VECTOR('',#3566,1.);
#3566 = DIRECTION('',(-0.602791989746,0.79789837517,0.));
#3567 = ORIENTED_EDGE('',*,*,#3568,.F.);
#3568 = EDGE_CURVE('',#3569,#3561,#3571,.T.);
#3569 = VERTEX_POINT('',#3570);
#3570 = CARTESIAN_POINT('',(100.525961,-97.351675,0.));
#3571 = LINE('',#3572,#3573);
#3572 = CARTESIAN_POINT('',(100.525961,-97.351675,0.));
#3573 = VECTOR('',#3574,1.);
#3574 = DIRECTION('',(0.672765498944,0.739855785563,0.));
#3575 = ORIENTED_EDGE('',*,*,#3576,.F.);
#3576 = EDGE_CURVE('',#3577,#3569,#3579,.T.);
#3577 = VERTEX_POINT('',#3578);
#3578 = CARTESIAN_POINT('',(95.794966,-101.985989,0.));
#3579 = CIRCLE('',#3580,3.316553746762);
#3580 = AXIS2_PLACEMENT_3D('',#3581,#3582,#3583);
#3581 = CARTESIAN_POINT('',(98.030047413218,-99.53569517446,0.));
#3582 = DIRECTION('',(0.,0.,1.));
#3583 = DIRECTION('',(-0.673916837742,-0.73880721153,0.));
#3584 = ORIENTED_EDGE('',*,*,#3585,.F.);
#3585 = EDGE_CURVE('',#3586,#3577,#3588,.T.);
#3586 = VERTEX_POINT('',#3587);
#3587 = CARTESIAN_POINT('',(92.157692,-100.867192,0.));
#3588 = LINE('',#3589,#3590);
#3589 = CARTESIAN_POINT('',(92.157692,-100.867192,0.));
#3590 = VECTOR('',#3591,1.);
#3591 = DIRECTION('',(0.955805907799,-0.29399841261,0.));
#3592 = ORIENTED_EDGE('',*,*,#3593,.F.);
#3593 = EDGE_CURVE('',#3594,#3586,#3596,.T.);
#3594 = VERTEX_POINT('',#3595);
#3595 = CARTESIAN_POINT('',(77.174158,-96.252011,0.));
#3596 = LINE('',#3597,#3598);
#3597 = CARTESIAN_POINT('',(77.174158,-96.252011,0.));
#3598 = VECTOR('',#3599,1.);
#3599 = DIRECTION('',(0.955691784942,-0.294369176706,0.));
#3600 = ORIENTED_EDGE('',*,*,#3601,.F.);
#3601 = EDGE_CURVE('',#3602,#3594,#3604,.T.);
#3602 = VERTEX_POINT('',#3603);
#3603 = CARTESIAN_POINT('',(71.07869,-116.680077,0.));
#3604 = LINE('',#3605,#3606);
#3605 = CARTESIAN_POINT('',(71.07869,-116.680077,0.));
#3606 = VECTOR('',#3607,1.);
#3607 = DIRECTION('',(0.285929478264,0.958250663167,0.));
#3608 = ORIENTED_EDGE('',*,*,#3609,.F.);
#3609 = EDGE_CURVE('',#3610,#3602,#3612,.T.);
#3610 = VERTEX_POINT('',#3611);
#3611 = CARTESIAN_POINT('',(72.54718,-118.816569,0.));
#3612 = LINE('',#3613,#3614);
#3613 = CARTESIAN_POINT('',(72.54718,-118.816569,0.));
#3614 = VECTOR('',#3615,1.);
#3615 = DIRECTION('',(-0.566437603458,0.824104630122,0.));
#3616 = ORIENTED_EDGE('',*,*,#3617,.F.);
#3617 = EDGE_CURVE('',#3618,#3610,#3620,.T.);
#3618 = VERTEX_POINT('',#3619);
#3619 = CARTESIAN_POINT('',(72.567977,-118.816569,0.));
#3620 = LINE('',#3621,#3622);
#3621 = CARTESIAN_POINT('',(72.567977,-118.816569,0.));
#3622 = VECTOR('',#3623,1.);
#3623 = DIRECTION('',(-1.,0.,0.));
#3624 = ORIENTED_EDGE('',*,*,#3625,.F.);
#3625 = EDGE_CURVE('',#3626,#3618,#3628,.T.);
#3626 = VERTEX_POINT('',#3627);
#3627 = CARTESIAN_POINT('',(78.860311,-104.134459,0.));
#3628 = LINE('',#3629,#3630);
#3629 = CARTESIAN_POINT('',(78.860311,-104.134459,0.));
#3630 = VECTOR('',#3631,1.);
#3631 = DIRECTION('',(-0.393919359023,-0.919145004113,0.));
#3632 = ORIENTED_EDGE('',*,*,#3633,.F.);
#3633 = EDGE_CURVE('',#3634,#3626,#3636,.T.);
#3634 = VERTEX_POINT('',#3635);
#3635 = CARTESIAN_POINT('',(94.52668,-109.029764,0.));
#3636 = LINE('',#3637,#3638);
#3637 = CARTESIAN_POINT('',(94.52668,-109.029764,0.));
#3638 = VECTOR('',#3639,1.);
#3639 = DIRECTION('',(-0.95448752842,0.298250830828,0.));
#3640 = ORIENTED_EDGE('',*,*,#3641,.F.);
#3641 = EDGE_CURVE('',#3642,#3634,#3644,.T.);
#3642 = VERTEX_POINT('',#3643);
#3643 = CARTESIAN_POINT('',(95.089748,-112.410713,0.));
#3644 = CIRCLE('',#3645,1.757299335392);
#3645 = AXIS2_PLACEMENT_3D('',#3646,#3647,#3648);
#3646 = CARTESIAN_POINT('',(95.191693795907,-110.6563732356,0.));
#3647 = DIRECTION('',(0.,0.,1.));
#3648 = DIRECTION('',(-5.801276643852E-02,-0.99831584127,0.));
#3649 = ORIENTED_EDGE('',*,*,#3650,.F.);
#3650 = EDGE_CURVE('',#3651,#3642,#3653,.T.);
#3651 = VERTEX_POINT('',#3652);
#3652 = CARTESIAN_POINT('',(87.940811,-120.267465,0.));
#3653 = LINE('',#3654,#3655);
#3654 = CARTESIAN_POINT('',(87.940811,-120.267465,0.));
#3655 = VECTOR('',#3656,1.);
#3656 = DIRECTION('',(0.673004414873,0.73963846409,0.));
#3657 = ORIENTED_EDGE('',*,*,#3658,.F.);
#3658 = EDGE_CURVE('',#3659,#3651,#3661,.T.);
#3659 = VERTEX_POINT('',#3660);
#3660 = CARTESIAN_POINT('',(92.361484,-137.391218,0.));
#3661 = LINE('',#3662,#3663);
#3662 = CARTESIAN_POINT('',(92.361484,-137.391218,0.));
#3663 = VECTOR('',#3664,1.);
#3664 = DIRECTION('',(-0.249964959202,0.968254883371,0.));
#3665 = ORIENTED_EDGE('',*,*,#3666,.F.);
#3666 = EDGE_CURVE('',#3667,#3659,#3669,.T.);
#3667 = VERTEX_POINT('',#3668);
#3668 = CARTESIAN_POINT('',(95.257957,-138.016436,0.));
#3669 = LINE('',#3670,#3671);
#3670 = CARTESIAN_POINT('',(95.257957,-138.016436,0.));
#3671 = VECTOR('',#3672,1.);
#3672 = DIRECTION('',(-0.97748705267,0.210995407206,0.));
#3673 = ORIENTED_EDGE('',*,*,#3674,.F.);
#3674 = EDGE_CURVE('',#3675,#3667,#3677,.T.);
#3675 = VERTEX_POINT('',#3676);
#3676 = CARTESIAN_POINT('',(97.170177,-135.919162,0.));
#3677 = LINE('',#3678,#3679);
#3678 = CARTESIAN_POINT('',(97.170177,-135.919162,0.));
#3679 = VECTOR('',#3680,1.);
#3680 = DIRECTION('',(-0.673753778463,-0.738955916146,0.));
#3681 = ORIENTED_EDGE('',*,*,#3682,.F.);
#3682 = EDGE_CURVE('',#3683,#3675,#3685,.T.);
#3683 = VERTEX_POINT('',#3684);
#3684 = CARTESIAN_POINT('',(94.777262,-116.975249,0.));
#3685 = LINE('',#3686,#3687);
#3686 = CARTESIAN_POINT('',(94.777262,-116.975249,0.));
#3687 = VECTOR('',#3688,1.);
#3688 = DIRECTION('',(0.125319946668,-0.992116379749,0.));
#3689 = ORIENTED_EDGE('',*,*,#3690,.F.);
#3690 = EDGE_CURVE('',#3691,#3683,#3693,.T.);
#3691 = VERTEX_POINT('',#3692);
#3692 = CARTESIAN_POINT('',(95.931797,-116.161093,0.));
#3693 = CIRCLE('',#3694,0.799920959248);
#3694 = AXIS2_PLACEMENT_3D('',#3695,#3696,#3697);
#3695 = CARTESIAN_POINT('',(95.570871265419,-116.874960043,0.));
#3696 = DIRECTION('',(0.,0.,1.));
#3697 = DIRECTION('',(0.451201747383,0.89242197595,-0.));
#3698 = ORIENTED_EDGE('',*,*,#3699,.F.);
#3699 = EDGE_CURVE('',#3700,#3691,#3702,.T.);
#3700 = VERTEX_POINT('',#3701);
#3701 = CARTESIAN_POINT('',(96.771575,-116.585647,0.));
#3702 = LINE('',#3703,#3704);
#3703 = CARTESIAN_POINT('',(96.771575,-116.585647,0.));
#3704 = VECTOR('',#3705,1.);
#3705 = DIRECTION('',(-0.892435392483,0.451175210139,0.));
#3706 = ORIENTED_EDGE('',*,*,#3707,.F.);
#3707 = EDGE_CURVE('',#3708,#3700,#3710,.T.);
#3708 = VERTEX_POINT('',#3709);
#3709 = CARTESIAN_POINT('',(98.613991,-117.517346,0.));
#3710 = LINE('',#3711,#3712);
#3711 = CARTESIAN_POINT('',(98.613991,-117.517346,0.));
#3712 = VECTOR('',#3713,1.);
#3713 = DIRECTION('',(-0.892385401282,0.451274080332,0.));
#3714 = ORIENTED_EDGE('',*,*,#3715,.F.);
#3715 = EDGE_CURVE('',#3716,#3708,#3718,.T.);
#3716 = VERTEX_POINT('',#3717);
#3717 = CARTESIAN_POINT('',(110.458861,-123.507236,0.));
#3718 = LINE('',#3719,#3720);
#3719 = CARTESIAN_POINT('',(110.458861,-123.507236,0.));
#3720 = VECTOR('',#3721,1.);
#3721 = DIRECTION('',(-0.892385143728,0.451274589638,0.));
#3722 = ORIENTED_EDGE('',*,*,#3723,.F.);
#3723 = EDGE_CURVE('',#3724,#3716,#3726,.T.);
#3724 = VERTEX_POINT('',#3725);
#3725 = CARTESIAN_POINT('',(116.679036,-126.652745,0.));
#3726 = CIRCLE('',#3727,3.520928392089);
#3727 = AXIS2_PLACEMENT_3D('',#3728,#3729,#3730);
#3728 = CARTESIAN_POINT('',(113.34297950704,-125.5268392232,0.));
#3729 = DIRECTION('',(0.,0.,1.));
#3730 = DIRECTION('',(0.947493422602,-0.319775255649,0.));
#3731 = ORIENTED_EDGE('',*,*,#3732,.F.);
#3732 = EDGE_CURVE('',#3733,#3724,#3735,.T.);
#3733 = VERTEX_POINT('',#3734);
#3734 = CARTESIAN_POINT('',(126.593979,-131.666681,0.));
#3735 = LINE('',#3736,#3737);
#3736 = CARTESIAN_POINT('',(126.593979,-131.666681,0.));
#3737 = VECTOR('',#3738,1.);
#3738 = DIRECTION('',(-0.892385137051,0.451274602842,0.));
#3739 = ORIENTED_EDGE('',*,*,#3740,.F.);
#3740 = EDGE_CURVE('',#3741,#3733,#3743,.T.);
#3741 = VERTEX_POINT('',#3742);
#3742 = CARTESIAN_POINT('',(130.694872,-134.039096,0.));
#3743 = CIRCLE('',#3744,2.371971258432);
#3744 = AXIS2_PLACEMENT_3D('',#3745,#3746,#3747);
#3745 = CARTESIAN_POINT('',(128.58344739472,-132.9582936188,0.));
#3746 = DIRECTION('',(0.,0.,1.));
#3747 = DIRECTION('',(0.890156066508,-0.455655766186,0.));
#3748 = ORIENTED_EDGE('',*,*,#3749,.F.);
#3749 = EDGE_CURVE('',#3750,#3741,#3752,.T.);
#3750 = VERTEX_POINT('',#3751);
#3751 = CARTESIAN_POINT('',(131.882984,-134.82325,0.));
#3752 = LINE('',#3753,#3754);
#3753 = CARTESIAN_POINT('',(131.882984,-134.82325,0.));
#3754 = VECTOR('',#3755,1.);
#3755 = DIRECTION('',(-0.834609380726,0.550842247476,0.));
#3756 = ORIENTED_EDGE('',*,*,#3757,.F.);
#3757 = EDGE_CURVE('',#3758,#3750,#3760,.T.);
#3758 = VERTEX_POINT('',#3759);
#3759 = CARTESIAN_POINT('',(132.364294,-134.158069,0.));
#3760 = LINE('',#3761,#3762);
#3761 = CARTESIAN_POINT('',(132.364294,-134.158069,0.));
#3762 = VECTOR('',#3763,1.);
#3763 = DIRECTION('',(-0.58621191701,-0.810157755228,0.));
#3764 = ORIENTED_EDGE('',*,*,#3765,.F.);
#3765 = EDGE_CURVE('',#3766,#3758,#3768,.T.);
#3766 = VERTEX_POINT('',#3767);
#3767 = CARTESIAN_POINT('',(154.822094,-150.408022,0.));
#3768 = LINE('',#3769,#3770);
#3769 = CARTESIAN_POINT('',(154.822094,-150.408022,0.));
#3770 = VECTOR('',#3771,1.);
#3771 = DIRECTION('',(-0.810157851338,0.586211784183,0.));
#3772 = ORIENTED_EDGE('',*,*,#3773,.F.);
#3773 = EDGE_CURVE('',#3774,#3766,#3776,.T.);
#3774 = VERTEX_POINT('',#3775);
#3775 = CARTESIAN_POINT('',(155.026774,-150.556124,0.));
#3776 = LINE('',#3777,#3778);
#3777 = CARTESIAN_POINT('',(155.026774,-150.556124,0.));
#3778 = VECTOR('',#3779,1.);
#3779 = DIRECTION('',(-0.810157456622,0.586212329689,0.));
#3780 = ORIENTED_EDGE('',*,*,#3781,.F.);
#3781 = EDGE_CURVE('',#3782,#3774,#3784,.T.);
#3782 = VERTEX_POINT('',#3783);
#3783 = CARTESIAN_POINT('',(155.081929,-150.535027,0.));
#3784 = LINE('',#3785,#3786);
#3785 = CARTESIAN_POINT('',(155.081929,-150.535027,0.));
#3786 = VECTOR('',#3787,1.);
#3787 = DIRECTION('',(-0.934004807242,-0.357260437284,0.));
#3788 = ORIENTED_EDGE('',*,*,#3789,.F.);
#3789 = EDGE_CURVE('',#3790,#3782,#3792,.T.);
#3790 = VERTEX_POINT('',#3791);
#3791 = CARTESIAN_POINT('',(155.998784,-140.708723,0.));
#3792 = LINE('',#3793,#3794);
#3793 = CARTESIAN_POINT('',(155.998784,-140.708723,0.));
#3794 = VECTOR('',#3795,1.);
#3795 = DIRECTION('',(-9.290266022035E-02,-0.995675195897,0.));
#3796 = ORIENTED_EDGE('',*,*,#3797,.F.);
#3797 = EDGE_CURVE('',#3798,#3790,#3800,.T.);
#3798 = VERTEX_POINT('',#3799);
#3799 = CARTESIAN_POINT('',(156.751368,-141.254135,0.));
#3800 = LINE('',#3801,#3802);
#3801 = CARTESIAN_POINT('',(156.751368,-141.254135,0.));
#3802 = VECTOR('',#3803,1.);
#3803 = DIRECTION('',(-0.809718516872,0.58681847571,0.));
#3804 = ORIENTED_EDGE('',*,*,#3805,.F.);
#3805 = EDGE_CURVE('',#3806,#3798,#3808,.T.);
#3806 = VERTEX_POINT('',#3807);
#3807 = CARTESIAN_POINT('',(157.597258,-132.188389,0.));
#3808 = LINE('',#3809,#3810);
#3809 = CARTESIAN_POINT('',(157.597258,-132.188389,0.));
#3810 = VECTOR('',#3811,1.);
#3811 = DIRECTION('',(-9.290263519759E-02,-0.995675198232,0.));
#3812 = ORIENTED_EDGE('',*,*,#3813,.F.);
#3813 = EDGE_CURVE('',#3814,#3806,#3816,.T.);
#3814 = VERTEX_POINT('',#3815);
#3815 = CARTESIAN_POINT('',(158.07351,-127.084207,0.));
#3816 = CIRCLE('',#3817,2.580616960269);
#3817 = AXIS2_PLACEMENT_3D('',#3818,#3819,#3820);
#3818 = CARTESIAN_POINT('',(158.13360730557,-129.6641240935,0.));
#3819 = DIRECTION('',(0.,0.,1.));
#3820 = DIRECTION('',(-2.328796039907E-02,0.999728798675,0.));
#3821 = ORIENTED_EDGE('',*,*,#3822,.F.);
#3822 = EDGE_CURVE('',#3823,#3814,#3825,.T.);
#3823 = VERTEX_POINT('',#3824);
#3824 = CARTESIAN_POINT('',(158.695851,-120.414328,0.));
#3825 = LINE('',#3826,#3827);
#3826 = CARTESIAN_POINT('',(158.695851,-120.414328,0.));
#3827 = VECTOR('',#3828,1.);
#3828 = DIRECTION('',(-9.290265942393E-02,-0.995675195971,0.));
#3829 = ORIENTED_EDGE('',*,*,#3830,.F.);
#3830 = EDGE_CURVE('',#3831,#3823,#3833,.T.);
#3831 = VERTEX_POINT('',#3832);
#3832 = CARTESIAN_POINT('',(159.013113,-119.746249,0.));
#3833 = LINE('',#3834,#3835);
#3834 = CARTESIAN_POINT('',(159.013113,-119.746249,0.));
#3835 = VECTOR('',#3836,1.);
#3836 = DIRECTION('',(-0.42897349346,-0.903317077171,0.));
#3837 = ORIENTED_EDGE('',*,*,#3838,.F.);
#3838 = EDGE_CURVE('',#3839,#3831,#3841,.T.);
#3839 = VERTEX_POINT('',#3840);
#3840 = CARTESIAN_POINT('',(162.746645,-115.98088,0.));
#3841 = CIRCLE('',#3842,7.999907049074);
#3842 = AXIS2_PLACEMENT_3D('',#3843,#3844,#3845);
#3843 = CARTESIAN_POINT('',(166.2395860636,-123.1779540943,0.));
#3844 = DIRECTION('',(0.,0.,1.));
#3845 = DIRECTION('',(-0.436622706011,0.899644714649,0.));
#3846 = ORIENTED_EDGE('',*,*,#3847,.F.);
#3847 = EDGE_CURVE('',#3848,#3839,#3850,.T.);
#3848 = VERTEX_POINT('',#3849);
#3849 = CARTESIAN_POINT('',(192.994154,-101.300761,0.));
#3850 = LINE('',#3851,#3852);
#3851 = CARTESIAN_POINT('',(192.994154,-101.300761,0.));
#3852 = VECTOR('',#3853,1.);
#3853 = DIRECTION('',(-0.899642867475,-0.436626512022,0.));
#3854 = ORIENTED_EDGE('',*,*,#3855,.F.);
#3855 = EDGE_CURVE('',#3856,#3848,#3858,.T.);
#3856 = VERTEX_POINT('',#3857);
#3857 = CARTESIAN_POINT('',(192.699022,-99.782891,0.));
#3858 = LINE('',#3859,#3860);
#3859 = CARTESIAN_POINT('',(192.699022,-99.782891,0.));
#3860 = VECTOR('',#3861,1.);
#3861 = DIRECTION('',(0.190863808448,-0.981616527278,0.));
#3862 = ORIENTED_EDGE('',*,*,#3863,.F.);
#3863 = EDGE_CURVE('',#3864,#3856,#3866,.T.);
#3864 = VERTEX_POINT('',#3865);
#3865 = CARTESIAN_POINT('',(179.987002,-96.238193,0.));
#3866 = LINE('',#3867,#3868);
#3867 = CARTESIAN_POINT('',(179.987002,-96.238193,0.));
#3868 = VECTOR('',#3869,1.);
#3869 = DIRECTION('',(0.963252045761,-0.268599136888,0.));
#3870 = ORIENTED_EDGE('',*,*,#3871,.F.);
#3871 = EDGE_CURVE('',#3872,#3864,#3874,.T.);
#3872 = VERTEX_POINT('',#3873);
#3873 = CARTESIAN_POINT('',(176.200332,-97.30662,0.));
#3874 = CIRCLE('',#3875,2.330949602327);
#3875 = AXIS2_PLACEMENT_3D('',#3876,#3877,#3878);
#3876 = CARTESIAN_POINT('',(177.7541477779,-95.56909803555,0.));
#3877 = DIRECTION('',(0.,0.,1.));
#3878 = DIRECTION('',(-0.666602047659,-0.745413784455,0.));
#3879 = ORIENTED_EDGE('',*,*,#3880,.F.);
#3880 = EDGE_CURVE('',#3881,#3872,#3883,.T.);
#3881 = VERTEX_POINT('',#3882);
#3882 = CARTESIAN_POINT('',(157.993812,-117.358385,0.));
#3883 = LINE('',#3884,#3885);
#3884 = CARTESIAN_POINT('',(157.993812,-117.358385,0.));
#3885 = VECTOR('',#3886,1.);
#3886 = DIRECTION('',(0.672220711776,0.740350805132,0.));
#3887 = ORIENTED_EDGE('',*,*,#3888,.F.);
#3888 = EDGE_CURVE('',#3889,#3881,#3891,.T.);
#3889 = VERTEX_POINT('',#3890);
#3890 = CARTESIAN_POINT('',(155.134746,-120.50722,0.));
#3891 = LINE('',#3892,#3893);
#3892 = CARTESIAN_POINT('',(155.134746,-120.50722,0.));
#3893 = VECTOR('',#3894,1.);
#3894 = DIRECTION('',(0.672220661306,0.740350850957,0.));
#3895 = ORIENTED_EDGE('',*,*,#3896,.F.);
#3896 = EDGE_CURVE('',#3897,#3889,#3899,.T.);
#3897 = VERTEX_POINT('',#3898);
#3898 = CARTESIAN_POINT('',(152.005842,-119.525206,0.));
#3899 = LINE('',#3900,#3901);
#3900 = CARTESIAN_POINT('',(152.005842,-119.525206,0.));
#3901 = VECTOR('',#3902,1.);
#3902 = DIRECTION('',(0.954111899879,-0.299450300568,0.));
#3903 = ORIENTED_EDGE('',*,*,#3904,.F.);
#3904 = EDGE_CURVE('',#3905,#3897,#3907,.T.);
#3905 = VERTEX_POINT('',#3906);
#3906 = CARTESIAN_POINT('',(147.369626,-118.070117,0.));
#3907 = CIRCLE('',#3908,2.431041848185);
#3908 = AXIS2_PLACEMENT_3D('',#3909,#3910,#3911);
#3909 = CARTESIAN_POINT('',(149.66264660161,-118.8775951657,0.));
#3910 = DIRECTION('',(0.,0.,1.));
#3911 = DIRECTION('',(-0.94322547484,0.332153132775,-0.));
#3912 = ORIENTED_EDGE('',*,*,#3913,.F.);
#3913 = EDGE_CURVE('',#3914,#3905,#3916,.T.);
#3914 = VERTEX_POINT('',#3915);
#3915 = CARTESIAN_POINT('',(127.928149,-111.968358,0.));
#3916 = LINE('',#3917,#3918);
#3917 = CARTESIAN_POINT('',(127.928149,-111.968358,0.));
#3918 = VECTOR('',#3919,1.);
#3919 = DIRECTION('',(0.954111830206,-0.299450522559,0.));
#3920 = ORIENTED_EDGE('',*,*,#3921,.F.);
#3921 = EDGE_CURVE('',#3922,#3914,#3924,.T.);
#3922 = VERTEX_POINT('',#3923);
#3923 = CARTESIAN_POINT('',(127.319152,-111.777223,0.));
#3924 = LINE('',#3925,#3926);
#3925 = CARTESIAN_POINT('',(127.319152,-111.777223,0.));
#3926 = VECTOR('',#3927,1.);
#3927 = DIRECTION('',(0.954111973399,-0.299450066315,0.));
#3928 = ORIENTED_EDGE('',*,*,#3929,.F.);
#3929 = EDGE_CURVE('',#3930,#3922,#3932,.T.);
#3930 = VERTEX_POINT('',#3931);
#3931 = CARTESIAN_POINT('',(123.432518,-107.120551,0.));
#3932 = CIRCLE('',#3933,3.312312896823);
#3933 = AXIS2_PLACEMENT_3D('',#3934,#3935,#3936);
#3934 = CARTESIAN_POINT('',(124.35334643377,-110.3022945034,0.));
#3935 = DIRECTION('',(0.,0.,1.));
#3936 = DIRECTION('',(-0.278001644911,0.96058059809,-0.));
#3937 = ORIENTED_EDGE('',*,*,#3938,.F.);
#3938 = EDGE_CURVE('',#3939,#3930,#3941,.T.);
#3939 = VERTEX_POINT('',#3940);
#3940 = CARTESIAN_POINT('',(121.967481,-95.479448,0.));
#3941 = LINE('',#3942,#3943);
#3942 = CARTESIAN_POINT('',(121.967481,-95.479448,0.));
#3943 = VECTOR('',#3944,1.);
#3944 = DIRECTION('',(0.124865415585,-0.992173688419,0.));
#3945 = ORIENTED_EDGE('',*,*,#3946,.F.);
#3946 = EDGE_CURVE('',#3947,#3939,#3949,.T.);
#3947 = VERTEX_POINT('',#3948);
#3948 = CARTESIAN_POINT('',(121.09631,-88.557156,0.));
#3949 = CIRCLE('',#3950,3.501151262495);
#3950 = AXIS2_PLACEMENT_3D('',#3951,#3952,#3953);
#3951 = CARTESIAN_POINT('',(121.82754629166,-91.9810943243,0.));
#3952 = DIRECTION('',(0.,0.,1.));
#3953 = DIRECTION('',(-0.208855955325,0.977946414649,0.));
#3954 = ORIENTED_EDGE('',*,*,#3955,.F.);
#3955 = EDGE_CURVE('',#3956,#3947,#3958,.T.);
#3956 = VERTEX_POINT('',#3957);
#3957 = CARTESIAN_POINT('',(119.46419,-75.588427,0.));
#3958 = LINE('',#3959,#3960);
#3959 = CARTESIAN_POINT('',(119.46419,-75.588427,0.));
#3960 = VECTOR('',#3961,1.);
#3961 = DIRECTION('',(0.124865475107,-0.992173680928,0.));
#3962 = ORIENTED_EDGE('',*,*,#3963,.F.);
#3963 = EDGE_CURVE('',#3431,#3956,#3964,.T.);
#3964 = CIRCLE('',#3965,3.396796917077);
#3965 = AXIS2_PLACEMENT_3D('',#3966,#3967,#3968);
#3966 = CARTESIAN_POINT('',(118.78327647627,-72.2605769329,0.));
#3967 = DIRECTION('',(0.,0.,1.));
#3968 = DIRECTION('',(-0.764808888989,0.644257218294,0.));
#3969 = ORIENTED_EDGE('',*,*,#3438,.F.);
#3970 = FACE_BOUND('',#3971,.F.);
#3971 = EDGE_LOOP('',(#3972));
#3972 = ORIENTED_EDGE('',*,*,#3973,.T.);
#3973 = EDGE_CURVE('',#3974,#3974,#3976,.T.);
#3974 = VERTEX_POINT('',#3975);
#3975 = CARTESIAN_POINT('',(148.,-139.5,0.));
#3976 = CIRCLE('',#3977,0.5);
#3977 = AXIS2_PLACEMENT_3D('',#3978,#3979,#3980);
#3978 = CARTESIAN_POINT('',(148.,-139.,0.));
#3979 = DIRECTION('',(-0.,0.,-1.));
#3980 = DIRECTION('',(-0.,-1.,0.));
#3981 = FACE_BOUND('',#3982,.F.);
#3982 = EDGE_LOOP('',(#3983));
#3983 = ORIENTED_EDGE('',*,*,#3984,.T.);
#3984 = EDGE_CURVE('',#3985,#3985,#3987,.T.);
#3985 = VERTEX_POINT('',#3986);
#3986 = CARTESIAN_POINT('',(145.,-128.5,0.));
#3987 = CIRCLE('',#3988,0.5);
#3988 = AXIS2_PLACEMENT_3D('',#3989,#3990,#3991);
#3989 = CARTESIAN_POINT('',(145.,-128.,0.));
#3990 = DIRECTION('',(-0.,0.,-1.));
#3991 = DIRECTION('',(-0.,-1.,0.));
#3992 = FACE_BOUND('',#3993,.F.);
#3993 = EDGE_LOOP('',(#3994));
#3994 = ORIENTED_EDGE('',*,*,#3995,.T.);
#3995 = EDGE_CURVE('',#3996,#3996,#3998,.T.);
#3996 = VERTEX_POINT('',#3997);
#3997 = CARTESIAN_POINT('',(110.5,-106.,0.));
#3998 = CIRCLE('',#3999,0.5);
#3999 = AXIS2_PLACEMENT_3D('',#4000,#4001,#4002);
#4000 = CARTESIAN_POINT('',(110.5,-105.5,0.));
#4001 = DIRECTION('',(-0.,0.,-1.));
#4002 = DIRECTION('',(-0.,-1.,0.));
#4003 = FACE_BOUND('',#4004,.F.);
#4004 = EDGE_LOOP('',(#4005));
#4005 = ORIENTED_EDGE('',*,*,#4006,.T.);
#4006 = EDGE_CURVE('',#4007,#4007,#4009,.T.);
#4007 = VERTEX_POINT('',#4008);
#4008 = CARTESIAN_POINT('',(114.5,-106.,0.));
#4009 = CIRCLE('',#4010,0.5);
#4010 = AXIS2_PLACEMENT_3D('',#4011,#4012,#4013);
#4011 = CARTESIAN_POINT('',(114.5,-105.5,0.));
#4012 = DIRECTION('',(-0.,0.,-1.));
#4013 = DIRECTION('',(-0.,-1.,0.));
#4014 = FACE_BOUND('',#4015,.F.);
#4015 = EDGE_LOOP('',(#4016));
#4016 = ORIENTED_EDGE('',*,*,#4017,.T.);
#4017 = EDGE_CURVE('',#4018,#4018,#4020,.T.);
#4018 = VERTEX_POINT('',#4019);
#4019 = CARTESIAN_POINT('',(183.,-99.5,0.));
#4020 = CIRCLE('',#4021,0.5);
#4021 = AXIS2_PLACEMENT_3D('',#4022,#4023,#4024);
#4022 = CARTESIAN_POINT('',(183.,-99.,0.));
#4023 = DIRECTION('',(-0.,0.,-1.));
#4024 = DIRECTION('',(-0.,-1.,0.));
#4025 = FACE_BOUND('',#4026,.F.);
#4026 = EDGE_LOOP('',(#4027));
#4027 = ORIENTED_EDGE('',*,*,#4028,.T.);
#4028 = EDGE_CURVE('',#4029,#4029,#4031,.T.);
#4029 = VERTEX_POINT('',#4030);
#4030 = CARTESIAN_POINT('',(186.,-100.5,0.));
#4031 = CIRCLE('',#4032,0.5);
#4032 = AXIS2_PLACEMENT_3D('',#4033,#4034,#4035);
#4033 = CARTESIAN_POINT('',(186.,-100.,0.));
#4034 = DIRECTION('',(-0.,0.,-1.));
#4035 = DIRECTION('',(-0.,-1.,0.));
#4036 = FACE_BOUND('',#4037,.F.);
#4037 = EDGE_LOOP('',(#4038));
#4038 = ORIENTED_EDGE('',*,*,#4039,.T.);
#4039 = EDGE_CURVE('',#4040,#4040,#4042,.T.);
#4040 = VERTEX_POINT('',#4041);
#4041 = CARTESIAN_POINT('',(189.,-101.5,0.));
#4042 = CIRCLE('',#4043,0.5);
#4043 = AXIS2_PLACEMENT_3D('',#4044,#4045,#4046);
#4044 = CARTESIAN_POINT('',(189.,-101.,0.));
#4045 = DIRECTION('',(-0.,0.,-1.));
#4046 = DIRECTION('',(-0.,-1.,0.));
#4047 = PLANE('',#4048);
#4048 = AXIS2_PLACEMENT_3D('',#4049,#4050,#4051);
#4049 = CARTESIAN_POINT('',(0.,0.,0.));
#4050 = DIRECTION('',(0.,0.,1.));
#4051 = DIRECTION('',(1.,0.,-0.));
#4052 = ADVANCED_FACE('',(#4053,#4574,#4585,#4596,#4607,#4618,#4629,
    #4640),#4651,.T.);
#4053 = FACE_BOUND('',#4054,.T.);
#4054 = EDGE_LOOP('',(#4055,#4056,#4057,#4065,#4073,#4081,#4089,#4098,
    #4106,#4114,#4122,#4130,#4138,#4146,#4155,#4163,#4171,#4179,#4188,
    #4196,#4204,#4212,#4220,#4228,#4236,#4244,#4253,#4261,#4269,#4277,
    #4285,#4293,#4302,#4310,#4318,#4326,#4335,#4343,#4352,#4360,#4368,
    #4376,#4384,#4392,#4400,#4408,#4416,#4425,#4433,#4441,#4450,#4458,
    #4466,#4474,#4483,#4491,#4499,#4507,#4516,#4524,#4532,#4541,#4549,
    #4558,#4566,#4573));
#4055 = ORIENTED_EDGE('',*,*,#3360,.F.);
#4056 = ORIENTED_EDGE('',*,*,#3400,.F.);
#4057 = ORIENTED_EDGE('',*,*,#4058,.F.);
#4058 = EDGE_CURVE('',#4059,#3393,#4061,.T.);
#4059 = VERTEX_POINT('',#4060);
#4060 = CARTESIAN_POINT('',(100.648233,-54.273379,1.51));
#4061 = LINE('',#4062,#4063);
#4062 = CARTESIAN_POINT('',(100.648233,-54.273379,1.51));
#4063 = VECTOR('',#4064,1.);
#4064 = DIRECTION('',(1.,0.,0.));
#4065 = ORIENTED_EDGE('',*,*,#4066,.F.);
#4066 = EDGE_CURVE('',#4067,#4059,#4069,.T.);
#4067 = VERTEX_POINT('',#4068);
#4068 = CARTESIAN_POINT('',(99.965843,-56.548013,1.51));
#4069 = LINE('',#4070,#4071);
#4070 = CARTESIAN_POINT('',(99.965843,-56.548013,1.51));
#4071 = VECTOR('',#4072,1.);
#4072 = DIRECTION('',(0.287347808302,0.9578263084,0.));
#4073 = ORIENTED_EDGE('',*,*,#4074,.F.);
#4074 = EDGE_CURVE('',#4075,#4067,#4077,.T.);
#4075 = VERTEX_POINT('',#4076);
#4076 = CARTESIAN_POINT('',(98.058517,-59.262284,1.51));
#4077 = LINE('',#4078,#4079);
#4078 = CARTESIAN_POINT('',(98.058517,-59.262284,1.51));
#4079 = VECTOR('',#4080,1.);
#4080 = DIRECTION('',(0.574945603976,0.818191635541,0.));
#4081 = ORIENTED_EDGE('',*,*,#4082,.F.);
#4082 = EDGE_CURVE('',#4083,#4075,#4085,.T.);
#4083 = VERTEX_POINT('',#4084);
#4084 = CARTESIAN_POINT('',(94.701826,-63.91834,1.51));
#4085 = LINE('',#4086,#4087);
#4086 = CARTESIAN_POINT('',(94.701826,-63.91834,1.51));
#4087 = VECTOR('',#4088,1.);
#4088 = DIRECTION('',(0.584801514058,0.811176422953,0.));
#4089 = ORIENTED_EDGE('',*,*,#4090,.F.);
#4090 = EDGE_CURVE('',#4091,#4083,#4093,.T.);
#4091 = VERTEX_POINT('',#4092);
#4092 = CARTESIAN_POINT('',(91.023976,-68.970268,1.51));
#4093 = CIRCLE('',#4094,3.124614460513);
#4094 = AXIS2_PLACEMENT_3D('',#4095,#4096,#4097);
#4095 = CARTESIAN_POINT('',(92.836378796057,-66.42499559184,1.51));
#4096 = DIRECTION('',(0.,0.,1.));
#4097 = DIRECTION('',(-0.580040455858,-0.814587668436,0.));
#4098 = ORIENTED_EDGE('',*,*,#4099,.F.);
#4099 = EDGE_CURVE('',#4100,#4091,#4102,.T.);
#4100 = VERTEX_POINT('',#4101);
#4101 = CARTESIAN_POINT('',(89.686381,-70.722978,1.51));
#4102 = LINE('',#4103,#4104);
#4103 = CARTESIAN_POINT('',(89.686381,-70.722978,1.51));
#4104 = VECTOR('',#4105,1.);
#4105 = DIRECTION('',(0.606673470205,0.794951130919,0.));
#4106 = ORIENTED_EDGE('',*,*,#4107,.F.);
#4107 = EDGE_CURVE('',#4108,#4100,#4110,.T.);
#4108 = VERTEX_POINT('',#4109);
#4109 = CARTESIAN_POINT('',(82.541675,-80.817332,1.51));
#4110 = LINE('',#4111,#4112);
#4111 = CARTESIAN_POINT('',(82.541675,-80.817332,1.51));
#4112 = VECTOR('',#4113,1.);
#4113 = DIRECTION('',(0.57772323566,0.816232725991,0.));
#4114 = ORIENTED_EDGE('',*,*,#4115,.F.);
#4115 = EDGE_CURVE('',#4116,#4108,#4118,.T.);
#4116 = VERTEX_POINT('',#4117);
#4117 = CARTESIAN_POINT('',(82.953856,-83.211905,1.51));
#4118 = LINE('',#4119,#4120);
#4119 = CARTESIAN_POINT('',(82.953856,-83.211905,1.51));
#4120 = VECTOR('',#4121,1.);
#4121 = DIRECTION('',(-0.169636562803,0.985506690267,0.));
#4122 = ORIENTED_EDGE('',*,*,#4123,.F.);
#4123 = EDGE_CURVE('',#4124,#4116,#4126,.T.);
#4124 = VERTEX_POINT('',#4125);
#4125 = CARTESIAN_POINT('',(86.628217,-85.126753,1.51));
#4126 = LINE('',#4127,#4128);
#4127 = CARTESIAN_POINT('',(86.628217,-85.126753,1.51));
#4128 = VECTOR('',#4129,1.);
#4129 = DIRECTION('',(-0.886803480274,0.462146716285,0.));
#4130 = ORIENTED_EDGE('',*,*,#4131,.F.);
#4131 = EDGE_CURVE('',#4132,#4124,#4134,.T.);
#4132 = VERTEX_POINT('',#4133);
#4133 = CARTESIAN_POINT('',(96.29584,-79.714734,1.51));
#4134 = LINE('',#4135,#4136);
#4135 = CARTESIAN_POINT('',(96.29584,-79.714734,1.51));
#4136 = VECTOR('',#4137,1.);
#4137 = DIRECTION('',(-0.872577185808,-0.488476258182,0.));
#4138 = ORIENTED_EDGE('',*,*,#4139,.F.);
#4139 = EDGE_CURVE('',#4140,#4132,#4142,.T.);
#4140 = VERTEX_POINT('',#4141);
#4141 = CARTESIAN_POINT('',(97.320681,-79.14102,1.51));
#4142 = LINE('',#4143,#4144);
#4143 = CARTESIAN_POINT('',(97.320681,-79.14102,1.51));
#4144 = VECTOR('',#4145,1.);
#4145 = DIRECTION('',(-0.872577497457,-0.488475701476,0.));
#4146 = ORIENTED_EDGE('',*,*,#4147,.F.);
#4147 = EDGE_CURVE('',#4148,#4140,#4150,.T.);
#4148 = VERTEX_POINT('',#4149);
#4149 = CARTESIAN_POINT('',(101.749201,-79.915402,1.51));
#4150 = CIRCLE('',#4151,2.819584522315);
#4151 = AXIS2_PLACEMENT_3D('',#4152,#4153,#4154);
#4152 = CARTESIAN_POINT('',(99.828128282466,-77.85153754407,1.51));
#4153 = DIRECTION('',(0.,0.,1.));
#4154 = DIRECTION('',(0.681331842451,-0.731974672009,0.));
#4155 = ORIENTED_EDGE('',*,*,#4156,.F.);
#4156 = EDGE_CURVE('',#4157,#4148,#4159,.T.);
#4157 = VERTEX_POINT('',#4158);
#4158 = CARTESIAN_POINT('',(105.849037,-85.342237,1.51));
#4159 = LINE('',#4160,#4161);
#4160 = CARTESIAN_POINT('',(105.849037,-85.342237,1.51));
#4161 = VECTOR('',#4162,1.);
#4162 = DIRECTION('',(-0.602791968065,0.797898391549,0.));
#4163 = ORIENTED_EDGE('',*,*,#4164,.F.);
#4164 = EDGE_CURVE('',#4165,#4157,#4167,.T.);
#4165 = VERTEX_POINT('',#4166);
#4166 = CARTESIAN_POINT('',(108.389081,-88.70442,1.51));
#4167 = LINE('',#4168,#4169);
#4168 = CARTESIAN_POINT('',(108.389081,-88.70442,1.51));
#4169 = VECTOR('',#4170,1.);
#4170 = DIRECTION('',(-0.602791989746,0.79789837517,0.));
#4171 = ORIENTED_EDGE('',*,*,#4172,.F.);
#4172 = EDGE_CURVE('',#4173,#4165,#4175,.T.);
#4173 = VERTEX_POINT('',#4174);
#4174 = CARTESIAN_POINT('',(100.525961,-97.351675,1.51));
#4175 = LINE('',#4176,#4177);
#4176 = CARTESIAN_POINT('',(100.525961,-97.351675,1.51));
#4177 = VECTOR('',#4178,1.);
#4178 = DIRECTION('',(0.672765498944,0.739855785563,0.));
#4179 = ORIENTED_EDGE('',*,*,#4180,.F.);
#4180 = EDGE_CURVE('',#4181,#4173,#4183,.T.);
#4181 = VERTEX_POINT('',#4182);
#4182 = CARTESIAN_POINT('',(95.794966,-101.985989,1.51));
#4183 = CIRCLE('',#4184,3.316553746762);
#4184 = AXIS2_PLACEMENT_3D('',#4185,#4186,#4187);
#4185 = CARTESIAN_POINT('',(98.030047413218,-99.53569517446,1.51));
#4186 = DIRECTION('',(0.,0.,1.));
#4187 = DIRECTION('',(-0.673916837742,-0.73880721153,0.));
#4188 = ORIENTED_EDGE('',*,*,#4189,.F.);
#4189 = EDGE_CURVE('',#4190,#4181,#4192,.T.);
#4190 = VERTEX_POINT('',#4191);
#4191 = CARTESIAN_POINT('',(92.157692,-100.867192,1.51));
#4192 = LINE('',#4193,#4194);
#4193 = CARTESIAN_POINT('',(92.157692,-100.867192,1.51));
#4194 = VECTOR('',#4195,1.);
#4195 = DIRECTION('',(0.955805907799,-0.29399841261,0.));
#4196 = ORIENTED_EDGE('',*,*,#4197,.F.);
#4197 = EDGE_CURVE('',#4198,#4190,#4200,.T.);
#4198 = VERTEX_POINT('',#4199);
#4199 = CARTESIAN_POINT('',(77.174158,-96.252011,1.51));
#4200 = LINE('',#4201,#4202);
#4201 = CARTESIAN_POINT('',(77.174158,-96.252011,1.51));
#4202 = VECTOR('',#4203,1.);
#4203 = DIRECTION('',(0.955691784942,-0.294369176706,0.));
#4204 = ORIENTED_EDGE('',*,*,#4205,.F.);
#4205 = EDGE_CURVE('',#4206,#4198,#4208,.T.);
#4206 = VERTEX_POINT('',#4207);
#4207 = CARTESIAN_POINT('',(71.07869,-116.680077,1.51));
#4208 = LINE('',#4209,#4210);
#4209 = CARTESIAN_POINT('',(71.07869,-116.680077,1.51));
#4210 = VECTOR('',#4211,1.);
#4211 = DIRECTION('',(0.285929478264,0.958250663167,0.));
#4212 = ORIENTED_EDGE('',*,*,#4213,.F.);
#4213 = EDGE_CURVE('',#4214,#4206,#4216,.T.);
#4214 = VERTEX_POINT('',#4215);
#4215 = CARTESIAN_POINT('',(72.54718,-118.816569,1.51));
#4216 = LINE('',#4217,#4218);
#4217 = CARTESIAN_POINT('',(72.54718,-118.816569,1.51));
#4218 = VECTOR('',#4219,1.);
#4219 = DIRECTION('',(-0.566437603458,0.824104630122,0.));
#4220 = ORIENTED_EDGE('',*,*,#4221,.F.);
#4221 = EDGE_CURVE('',#4222,#4214,#4224,.T.);
#4222 = VERTEX_POINT('',#4223);
#4223 = CARTESIAN_POINT('',(72.567977,-118.816569,1.51));
#4224 = LINE('',#4225,#4226);
#4225 = CARTESIAN_POINT('',(72.567977,-118.816569,1.51));
#4226 = VECTOR('',#4227,1.);
#4227 = DIRECTION('',(-1.,0.,0.));
#4228 = ORIENTED_EDGE('',*,*,#4229,.F.);
#4229 = EDGE_CURVE('',#4230,#4222,#4232,.T.);
#4230 = VERTEX_POINT('',#4231);
#4231 = CARTESIAN_POINT('',(78.860311,-104.134459,1.51));
#4232 = LINE('',#4233,#4234);
#4233 = CARTESIAN_POINT('',(78.860311,-104.134459,1.51));
#4234 = VECTOR('',#4235,1.);
#4235 = DIRECTION('',(-0.393919359023,-0.919145004113,0.));
#4236 = ORIENTED_EDGE('',*,*,#4237,.F.);
#4237 = EDGE_CURVE('',#4238,#4230,#4240,.T.);
#4238 = VERTEX_POINT('',#4239);
#4239 = CARTESIAN_POINT('',(94.52668,-109.029764,1.51));
#4240 = LINE('',#4241,#4242);
#4241 = CARTESIAN_POINT('',(94.52668,-109.029764,1.51));
#4242 = VECTOR('',#4243,1.);
#4243 = DIRECTION('',(-0.95448752842,0.298250830828,0.));
#4244 = ORIENTED_EDGE('',*,*,#4245,.F.);
#4245 = EDGE_CURVE('',#4246,#4238,#4248,.T.);
#4246 = VERTEX_POINT('',#4247);
#4247 = CARTESIAN_POINT('',(95.089748,-112.410713,1.51));
#4248 = CIRCLE('',#4249,1.757299335392);
#4249 = AXIS2_PLACEMENT_3D('',#4250,#4251,#4252);
#4250 = CARTESIAN_POINT('',(95.191693795907,-110.6563732356,1.51));
#4251 = DIRECTION('',(0.,0.,1.));
#4252 = DIRECTION('',(-5.801276643852E-02,-0.99831584127,0.));
#4253 = ORIENTED_EDGE('',*,*,#4254,.F.);
#4254 = EDGE_CURVE('',#4255,#4246,#4257,.T.);
#4255 = VERTEX_POINT('',#4256);
#4256 = CARTESIAN_POINT('',(87.940811,-120.267465,1.51));
#4257 = LINE('',#4258,#4259);
#4258 = CARTESIAN_POINT('',(87.940811,-120.267465,1.51));
#4259 = VECTOR('',#4260,1.);
#4260 = DIRECTION('',(0.673004414873,0.73963846409,0.));
#4261 = ORIENTED_EDGE('',*,*,#4262,.F.);
#4262 = EDGE_CURVE('',#4263,#4255,#4265,.T.);
#4263 = VERTEX_POINT('',#4264);
#4264 = CARTESIAN_POINT('',(92.361484,-137.391218,1.51));
#4265 = LINE('',#4266,#4267);
#4266 = CARTESIAN_POINT('',(92.361484,-137.391218,1.51));
#4267 = VECTOR('',#4268,1.);
#4268 = DIRECTION('',(-0.249964959202,0.968254883371,0.));
#4269 = ORIENTED_EDGE('',*,*,#4270,.F.);
#4270 = EDGE_CURVE('',#4271,#4263,#4273,.T.);
#4271 = VERTEX_POINT('',#4272);
#4272 = CARTESIAN_POINT('',(95.257957,-138.016436,1.51));
#4273 = LINE('',#4274,#4275);
#4274 = CARTESIAN_POINT('',(95.257957,-138.016436,1.51));
#4275 = VECTOR('',#4276,1.);
#4276 = DIRECTION('',(-0.97748705267,0.210995407206,0.));
#4277 = ORIENTED_EDGE('',*,*,#4278,.F.);
#4278 = EDGE_CURVE('',#4279,#4271,#4281,.T.);
#4279 = VERTEX_POINT('',#4280);
#4280 = CARTESIAN_POINT('',(97.170177,-135.919162,1.51));
#4281 = LINE('',#4282,#4283);
#4282 = CARTESIAN_POINT('',(97.170177,-135.919162,1.51));
#4283 = VECTOR('',#4284,1.);
#4284 = DIRECTION('',(-0.673753778463,-0.738955916146,0.));
#4285 = ORIENTED_EDGE('',*,*,#4286,.F.);
#4286 = EDGE_CURVE('',#4287,#4279,#4289,.T.);
#4287 = VERTEX_POINT('',#4288);
#4288 = CARTESIAN_POINT('',(94.777262,-116.975249,1.51));
#4289 = LINE('',#4290,#4291);
#4290 = CARTESIAN_POINT('',(94.777262,-116.975249,1.51));
#4291 = VECTOR('',#4292,1.);
#4292 = DIRECTION('',(0.125319946668,-0.992116379749,0.));
#4293 = ORIENTED_EDGE('',*,*,#4294,.F.);
#4294 = EDGE_CURVE('',#4295,#4287,#4297,.T.);
#4295 = VERTEX_POINT('',#4296);
#4296 = CARTESIAN_POINT('',(95.931797,-116.161093,1.51));
#4297 = CIRCLE('',#4298,0.799920959248);
#4298 = AXIS2_PLACEMENT_3D('',#4299,#4300,#4301);
#4299 = CARTESIAN_POINT('',(95.570871265419,-116.874960043,1.51));
#4300 = DIRECTION('',(0.,0.,1.));
#4301 = DIRECTION('',(0.451201747383,0.89242197595,-0.));
#4302 = ORIENTED_EDGE('',*,*,#4303,.F.);
#4303 = EDGE_CURVE('',#4304,#4295,#4306,.T.);
#4304 = VERTEX_POINT('',#4305);
#4305 = CARTESIAN_POINT('',(96.771575,-116.585647,1.51));
#4306 = LINE('',#4307,#4308);
#4307 = CARTESIAN_POINT('',(96.771575,-116.585647,1.51));
#4308 = VECTOR('',#4309,1.);
#4309 = DIRECTION('',(-0.892435392483,0.451175210139,0.));
#4310 = ORIENTED_EDGE('',*,*,#4311,.F.);
#4311 = EDGE_CURVE('',#4312,#4304,#4314,.T.);
#4312 = VERTEX_POINT('',#4313);
#4313 = CARTESIAN_POINT('',(98.613991,-117.517346,1.51));
#4314 = LINE('',#4315,#4316);
#4315 = CARTESIAN_POINT('',(98.613991,-117.517346,1.51));
#4316 = VECTOR('',#4317,1.);
#4317 = DIRECTION('',(-0.892385401282,0.451274080332,0.));
#4318 = ORIENTED_EDGE('',*,*,#4319,.F.);
#4319 = EDGE_CURVE('',#4320,#4312,#4322,.T.);
#4320 = VERTEX_POINT('',#4321);
#4321 = CARTESIAN_POINT('',(110.458861,-123.507236,1.51));
#4322 = LINE('',#4323,#4324);
#4323 = CARTESIAN_POINT('',(110.458861,-123.507236,1.51));
#4324 = VECTOR('',#4325,1.);
#4325 = DIRECTION('',(-0.892385143728,0.451274589638,0.));
#4326 = ORIENTED_EDGE('',*,*,#4327,.F.);
#4327 = EDGE_CURVE('',#4328,#4320,#4330,.T.);
#4328 = VERTEX_POINT('',#4329);
#4329 = CARTESIAN_POINT('',(116.679036,-126.652745,1.51));
#4330 = CIRCLE('',#4331,3.520928392089);
#4331 = AXIS2_PLACEMENT_3D('',#4332,#4333,#4334);
#4332 = CARTESIAN_POINT('',(113.34297950704,-125.5268392232,1.51));
#4333 = DIRECTION('',(0.,0.,1.));
#4334 = DIRECTION('',(0.947493422602,-0.319775255649,0.));
#4335 = ORIENTED_EDGE('',*,*,#4336,.F.);
#4336 = EDGE_CURVE('',#4337,#4328,#4339,.T.);
#4337 = VERTEX_POINT('',#4338);
#4338 = CARTESIAN_POINT('',(126.593979,-131.666681,1.51));
#4339 = LINE('',#4340,#4341);
#4340 = CARTESIAN_POINT('',(126.593979,-131.666681,1.51));
#4341 = VECTOR('',#4342,1.);
#4342 = DIRECTION('',(-0.892385137051,0.451274602842,0.));
#4343 = ORIENTED_EDGE('',*,*,#4344,.F.);
#4344 = EDGE_CURVE('',#4345,#4337,#4347,.T.);
#4345 = VERTEX_POINT('',#4346);
#4346 = CARTESIAN_POINT('',(130.694872,-134.039096,1.51));
#4347 = CIRCLE('',#4348,2.371971258432);
#4348 = AXIS2_PLACEMENT_3D('',#4349,#4350,#4351);
#4349 = CARTESIAN_POINT('',(128.58344739472,-132.9582936188,1.51));
#4350 = DIRECTION('',(0.,0.,1.));
#4351 = DIRECTION('',(0.890156066508,-0.455655766186,0.));
#4352 = ORIENTED_EDGE('',*,*,#4353,.F.);
#4353 = EDGE_CURVE('',#4354,#4345,#4356,.T.);
#4354 = VERTEX_POINT('',#4355);
#4355 = CARTESIAN_POINT('',(131.882984,-134.82325,1.51));
#4356 = LINE('',#4357,#4358);
#4357 = CARTESIAN_POINT('',(131.882984,-134.82325,1.51));
#4358 = VECTOR('',#4359,1.);
#4359 = DIRECTION('',(-0.834609380726,0.550842247476,0.));
#4360 = ORIENTED_EDGE('',*,*,#4361,.F.);
#4361 = EDGE_CURVE('',#4362,#4354,#4364,.T.);
#4362 = VERTEX_POINT('',#4363);
#4363 = CARTESIAN_POINT('',(132.364294,-134.158069,1.51));
#4364 = LINE('',#4365,#4366);
#4365 = CARTESIAN_POINT('',(132.364294,-134.158069,1.51));
#4366 = VECTOR('',#4367,1.);
#4367 = DIRECTION('',(-0.58621191701,-0.810157755228,0.));
#4368 = ORIENTED_EDGE('',*,*,#4369,.F.);
#4369 = EDGE_CURVE('',#4370,#4362,#4372,.T.);
#4370 = VERTEX_POINT('',#4371);
#4371 = CARTESIAN_POINT('',(154.822094,-150.408022,1.51));
#4372 = LINE('',#4373,#4374);
#4373 = CARTESIAN_POINT('',(154.822094,-150.408022,1.51));
#4374 = VECTOR('',#4375,1.);
#4375 = DIRECTION('',(-0.810157851338,0.586211784183,0.));
#4376 = ORIENTED_EDGE('',*,*,#4377,.F.);
#4377 = EDGE_CURVE('',#4378,#4370,#4380,.T.);
#4378 = VERTEX_POINT('',#4379);
#4379 = CARTESIAN_POINT('',(155.026774,-150.556124,1.51));
#4380 = LINE('',#4381,#4382);
#4381 = CARTESIAN_POINT('',(155.026774,-150.556124,1.51));
#4382 = VECTOR('',#4383,1.);
#4383 = DIRECTION('',(-0.810157456622,0.586212329689,0.));
#4384 = ORIENTED_EDGE('',*,*,#4385,.F.);
#4385 = EDGE_CURVE('',#4386,#4378,#4388,.T.);
#4386 = VERTEX_POINT('',#4387);
#4387 = CARTESIAN_POINT('',(155.081929,-150.535027,1.51));
#4388 = LINE('',#4389,#4390);
#4389 = CARTESIAN_POINT('',(155.081929,-150.535027,1.51));
#4390 = VECTOR('',#4391,1.);
#4391 = DIRECTION('',(-0.934004807242,-0.357260437284,0.));
#4392 = ORIENTED_EDGE('',*,*,#4393,.F.);
#4393 = EDGE_CURVE('',#4394,#4386,#4396,.T.);
#4394 = VERTEX_POINT('',#4395);
#4395 = CARTESIAN_POINT('',(155.998784,-140.708723,1.51));
#4396 = LINE('',#4397,#4398);
#4397 = CARTESIAN_POINT('',(155.998784,-140.708723,1.51));
#4398 = VECTOR('',#4399,1.);
#4399 = DIRECTION('',(-9.290266022035E-02,-0.995675195897,0.));
#4400 = ORIENTED_EDGE('',*,*,#4401,.F.);
#4401 = EDGE_CURVE('',#4402,#4394,#4404,.T.);
#4402 = VERTEX_POINT('',#4403);
#4403 = CARTESIAN_POINT('',(156.751368,-141.254135,1.51));
#4404 = LINE('',#4405,#4406);
#4405 = CARTESIAN_POINT('',(156.751368,-141.254135,1.51));
#4406 = VECTOR('',#4407,1.);
#4407 = DIRECTION('',(-0.809718516872,0.58681847571,0.));
#4408 = ORIENTED_EDGE('',*,*,#4409,.F.);
#4409 = EDGE_CURVE('',#4410,#4402,#4412,.T.);
#4410 = VERTEX_POINT('',#4411);
#4411 = CARTESIAN_POINT('',(157.597258,-132.188389,1.51));
#4412 = LINE('',#4413,#4414);
#4413 = CARTESIAN_POINT('',(157.597258,-132.188389,1.51));
#4414 = VECTOR('',#4415,1.);
#4415 = DIRECTION('',(-9.290263519759E-02,-0.995675198232,0.));
#4416 = ORIENTED_EDGE('',*,*,#4417,.F.);
#4417 = EDGE_CURVE('',#4418,#4410,#4420,.T.);
#4418 = VERTEX_POINT('',#4419);
#4419 = CARTESIAN_POINT('',(158.07351,-127.084207,1.51));
#4420 = CIRCLE('',#4421,2.580616960269);
#4421 = AXIS2_PLACEMENT_3D('',#4422,#4423,#4424);
#4422 = CARTESIAN_POINT('',(158.13360730557,-129.6641240935,1.51));
#4423 = DIRECTION('',(0.,0.,1.));
#4424 = DIRECTION('',(-2.328796039907E-02,0.999728798675,0.));
#4425 = ORIENTED_EDGE('',*,*,#4426,.F.);
#4426 = EDGE_CURVE('',#4427,#4418,#4429,.T.);
#4427 = VERTEX_POINT('',#4428);
#4428 = CARTESIAN_POINT('',(158.695851,-120.414328,1.51));
#4429 = LINE('',#4430,#4431);
#4430 = CARTESIAN_POINT('',(158.695851,-120.414328,1.51));
#4431 = VECTOR('',#4432,1.);
#4432 = DIRECTION('',(-9.290265942393E-02,-0.995675195971,0.));
#4433 = ORIENTED_EDGE('',*,*,#4434,.F.);
#4434 = EDGE_CURVE('',#4435,#4427,#4437,.T.);
#4435 = VERTEX_POINT('',#4436);
#4436 = CARTESIAN_POINT('',(159.013113,-119.746249,1.51));
#4437 = LINE('',#4438,#4439);
#4438 = CARTESIAN_POINT('',(159.013113,-119.746249,1.51));
#4439 = VECTOR('',#4440,1.);
#4440 = DIRECTION('',(-0.42897349346,-0.903317077171,0.));
#4441 = ORIENTED_EDGE('',*,*,#4442,.F.);
#4442 = EDGE_CURVE('',#4443,#4435,#4445,.T.);
#4443 = VERTEX_POINT('',#4444);
#4444 = CARTESIAN_POINT('',(162.746645,-115.98088,1.51));
#4445 = CIRCLE('',#4446,7.999907049074);
#4446 = AXIS2_PLACEMENT_3D('',#4447,#4448,#4449);
#4447 = CARTESIAN_POINT('',(166.2395860636,-123.1779540943,1.51));
#4448 = DIRECTION('',(0.,0.,1.));
#4449 = DIRECTION('',(-0.436622706011,0.899644714649,0.));
#4450 = ORIENTED_EDGE('',*,*,#4451,.F.);
#4451 = EDGE_CURVE('',#4452,#4443,#4454,.T.);
#4452 = VERTEX_POINT('',#4453);
#4453 = CARTESIAN_POINT('',(192.994154,-101.300761,1.51));
#4454 = LINE('',#4455,#4456);
#4455 = CARTESIAN_POINT('',(192.994154,-101.300761,1.51));
#4456 = VECTOR('',#4457,1.);
#4457 = DIRECTION('',(-0.899642867475,-0.436626512022,0.));
#4458 = ORIENTED_EDGE('',*,*,#4459,.F.);
#4459 = EDGE_CURVE('',#4460,#4452,#4462,.T.);
#4460 = VERTEX_POINT('',#4461);
#4461 = CARTESIAN_POINT('',(192.699022,-99.782891,1.51));
#4462 = LINE('',#4463,#4464);
#4463 = CARTESIAN_POINT('',(192.699022,-99.782891,1.51));
#4464 = VECTOR('',#4465,1.);
#4465 = DIRECTION('',(0.190863808448,-0.981616527278,0.));
#4466 = ORIENTED_EDGE('',*,*,#4467,.F.);
#4467 = EDGE_CURVE('',#4468,#4460,#4470,.T.);
#4468 = VERTEX_POINT('',#4469);
#4469 = CARTESIAN_POINT('',(179.987002,-96.238193,1.51));
#4470 = LINE('',#4471,#4472);
#4471 = CARTESIAN_POINT('',(179.987002,-96.238193,1.51));
#4472 = VECTOR('',#4473,1.);
#4473 = DIRECTION('',(0.963252045761,-0.268599136888,0.));
#4474 = ORIENTED_EDGE('',*,*,#4475,.F.);
#4475 = EDGE_CURVE('',#4476,#4468,#4478,.T.);
#4476 = VERTEX_POINT('',#4477);
#4477 = CARTESIAN_POINT('',(176.200332,-97.30662,1.51));
#4478 = CIRCLE('',#4479,2.330949602327);
#4479 = AXIS2_PLACEMENT_3D('',#4480,#4481,#4482);
#4480 = CARTESIAN_POINT('',(177.7541477779,-95.56909803555,1.51));
#4481 = DIRECTION('',(0.,0.,1.));
#4482 = DIRECTION('',(-0.666602047659,-0.745413784455,0.));
#4483 = ORIENTED_EDGE('',*,*,#4484,.F.);
#4484 = EDGE_CURVE('',#4485,#4476,#4487,.T.);
#4485 = VERTEX_POINT('',#4486);
#4486 = CARTESIAN_POINT('',(157.993812,-117.358385,1.51));
#4487 = LINE('',#4488,#4489);
#4488 = CARTESIAN_POINT('',(157.993812,-117.358385,1.51));
#4489 = VECTOR('',#4490,1.);
#4490 = DIRECTION('',(0.672220711776,0.740350805132,0.));
#4491 = ORIENTED_EDGE('',*,*,#4492,.F.);
#4492 = EDGE_CURVE('',#4493,#4485,#4495,.T.);
#4493 = VERTEX_POINT('',#4494);
#4494 = CARTESIAN_POINT('',(155.134746,-120.50722,1.51));
#4495 = LINE('',#4496,#4497);
#4496 = CARTESIAN_POINT('',(155.134746,-120.50722,1.51));
#4497 = VECTOR('',#4498,1.);
#4498 = DIRECTION('',(0.672220661306,0.740350850957,0.));
#4499 = ORIENTED_EDGE('',*,*,#4500,.F.);
#4500 = EDGE_CURVE('',#4501,#4493,#4503,.T.);
#4501 = VERTEX_POINT('',#4502);
#4502 = CARTESIAN_POINT('',(152.005842,-119.525206,1.51));
#4503 = LINE('',#4504,#4505);
#4504 = CARTESIAN_POINT('',(152.005842,-119.525206,1.51));
#4505 = VECTOR('',#4506,1.);
#4506 = DIRECTION('',(0.954111899879,-0.299450300568,0.));
#4507 = ORIENTED_EDGE('',*,*,#4508,.F.);
#4508 = EDGE_CURVE('',#4509,#4501,#4511,.T.);
#4509 = VERTEX_POINT('',#4510);
#4510 = CARTESIAN_POINT('',(147.369626,-118.070117,1.51));
#4511 = CIRCLE('',#4512,2.431041848185);
#4512 = AXIS2_PLACEMENT_3D('',#4513,#4514,#4515);
#4513 = CARTESIAN_POINT('',(149.66264660161,-118.8775951657,1.51));
#4514 = DIRECTION('',(0.,0.,1.));
#4515 = DIRECTION('',(-0.94322547484,0.332153132775,-0.));
#4516 = ORIENTED_EDGE('',*,*,#4517,.F.);
#4517 = EDGE_CURVE('',#4518,#4509,#4520,.T.);
#4518 = VERTEX_POINT('',#4519);
#4519 = CARTESIAN_POINT('',(127.928149,-111.968358,1.51));
#4520 = LINE('',#4521,#4522);
#4521 = CARTESIAN_POINT('',(127.928149,-111.968358,1.51));
#4522 = VECTOR('',#4523,1.);
#4523 = DIRECTION('',(0.954111830206,-0.299450522559,0.));
#4524 = ORIENTED_EDGE('',*,*,#4525,.F.);
#4525 = EDGE_CURVE('',#4526,#4518,#4528,.T.);
#4526 = VERTEX_POINT('',#4527);
#4527 = CARTESIAN_POINT('',(127.319152,-111.777223,1.51));
#4528 = LINE('',#4529,#4530);
#4529 = CARTESIAN_POINT('',(127.319152,-111.777223,1.51));
#4530 = VECTOR('',#4531,1.);
#4531 = DIRECTION('',(0.954111973399,-0.299450066315,0.));
#4532 = ORIENTED_EDGE('',*,*,#4533,.F.);
#4533 = EDGE_CURVE('',#4534,#4526,#4536,.T.);
#4534 = VERTEX_POINT('',#4535);
#4535 = CARTESIAN_POINT('',(123.432518,-107.120551,1.51));
#4536 = CIRCLE('',#4537,3.312312896823);
#4537 = AXIS2_PLACEMENT_3D('',#4538,#4539,#4540);
#4538 = CARTESIAN_POINT('',(124.35334643377,-110.3022945034,1.51));
#4539 = DIRECTION('',(0.,0.,1.));
#4540 = DIRECTION('',(-0.278001644911,0.96058059809,-0.));
#4541 = ORIENTED_EDGE('',*,*,#4542,.F.);
#4542 = EDGE_CURVE('',#4543,#4534,#4545,.T.);
#4543 = VERTEX_POINT('',#4544);
#4544 = CARTESIAN_POINT('',(121.967481,-95.479448,1.51));
#4545 = LINE('',#4546,#4547);
#4546 = CARTESIAN_POINT('',(121.967481,-95.479448,1.51));
#4547 = VECTOR('',#4548,1.);
#4548 = DIRECTION('',(0.124865415585,-0.992173688419,0.));
#4549 = ORIENTED_EDGE('',*,*,#4550,.F.);
#4550 = EDGE_CURVE('',#4551,#4543,#4553,.T.);
#4551 = VERTEX_POINT('',#4552);
#4552 = CARTESIAN_POINT('',(121.09631,-88.557156,1.51));
#4553 = CIRCLE('',#4554,3.501151262495);
#4554 = AXIS2_PLACEMENT_3D('',#4555,#4556,#4557);
#4555 = CARTESIAN_POINT('',(121.82754629166,-91.9810943243,1.51));
#4556 = DIRECTION('',(0.,0.,1.));
#4557 = DIRECTION('',(-0.208855955325,0.977946414649,0.));
#4558 = ORIENTED_EDGE('',*,*,#4559,.F.);
#4559 = EDGE_CURVE('',#4560,#4551,#4562,.T.);
#4560 = VERTEX_POINT('',#4561);
#4561 = CARTESIAN_POINT('',(119.46419,-75.588427,1.51));
#4562 = LINE('',#4563,#4564);
#4563 = CARTESIAN_POINT('',(119.46419,-75.588427,1.51));
#4564 = VECTOR('',#4565,1.);
#4565 = DIRECTION('',(0.124865475107,-0.992173680928,0.));
#4566 = ORIENTED_EDGE('',*,*,#4567,.F.);
#4567 = EDGE_CURVE('',#3423,#4560,#4568,.T.);
#4568 = CIRCLE('',#4569,3.396796917077);
#4569 = AXIS2_PLACEMENT_3D('',#4570,#4571,#4572);
#4570 = CARTESIAN_POINT('',(118.78327647627,-72.2605769329,1.51));
#4571 = DIRECTION('',(0.,0.,1.));
#4572 = DIRECTION('',(-0.764808888989,0.644257218294,0.));
#4573 = ORIENTED_EDGE('',*,*,#3422,.F.);
#4574 = FACE_BOUND('',#4575,.T.);
#4575 = EDGE_LOOP('',(#4576));
#4576 = ORIENTED_EDGE('',*,*,#4577,.T.);
#4577 = EDGE_CURVE('',#4578,#4578,#4580,.T.);
#4578 = VERTEX_POINT('',#4579);
#4579 = CARTESIAN_POINT('',(148.,-139.5,1.51));
#4580 = CIRCLE('',#4581,0.5);
#4581 = AXIS2_PLACEMENT_3D('',#4582,#4583,#4584);
#4582 = CARTESIAN_POINT('',(148.,-139.,1.51));
#4583 = DIRECTION('',(-0.,0.,-1.));
#4584 = DIRECTION('',(-0.,-1.,0.));
#4585 = FACE_BOUND('',#4586,.T.);
#4586 = EDGE_LOOP('',(#4587));
#4587 = ORIENTED_EDGE('',*,*,#4588,.T.);
#4588 = EDGE_CURVE('',#4589,#4589,#4591,.T.);
#4589 = VERTEX_POINT('',#4590);
#4590 = CARTESIAN_POINT('',(145.,-128.5,1.51));
#4591 = CIRCLE('',#4592,0.5);
#4592 = AXIS2_PLACEMENT_3D('',#4593,#4594,#4595);
#4593 = CARTESIAN_POINT('',(145.,-128.,1.51));
#4594 = DIRECTION('',(-0.,0.,-1.));
#4595 = DIRECTION('',(-0.,-1.,0.));
#4596 = FACE_BOUND('',#4597,.T.);
#4597 = EDGE_LOOP('',(#4598));
#4598 = ORIENTED_EDGE('',*,*,#4599,.T.);
#4599 = EDGE_CURVE('',#4600,#4600,#4602,.T.);
#4600 = VERTEX_POINT('',#4601);
#4601 = CARTESIAN_POINT('',(110.5,-106.,1.51));
#4602 = CIRCLE('',#4603,0.5);
#4603 = AXIS2_PLACEMENT_3D('',#4604,#4605,#4606);
#4604 = CARTESIAN_POINT('',(110.5,-105.5,1.51));
#4605 = DIRECTION('',(-0.,0.,-1.));
#4606 = DIRECTION('',(-0.,-1.,0.));
#4607 = FACE_BOUND('',#4608,.T.);
#4608 = EDGE_LOOP('',(#4609));
#4609 = ORIENTED_EDGE('',*,*,#4610,.T.);
#4610 = EDGE_CURVE('',#4611,#4611,#4613,.T.);
#4611 = VERTEX_POINT('',#4612);
#4612 = CARTESIAN_POINT('',(114.5,-106.,1.51));
#4613 = CIRCLE('',#4614,0.5);
#4614 = AXIS2_PLACEMENT_3D('',#4615,#4616,#4617);
#4615 = CARTESIAN_POINT('',(114.5,-105.5,1.51));
#4616 = DIRECTION('',(-0.,0.,-1.));
#4617 = DIRECTION('',(-0.,-1.,0.));
#4618 = FACE_BOUND('',#4619,.T.);
#4619 = EDGE_LOOP('',(#4620));
#4620 = ORIENTED_EDGE('',*,*,#4621,.T.);
#4621 = EDGE_CURVE('',#4622,#4622,#4624,.T.);
#4622 = VERTEX_POINT('',#4623);
#4623 = CARTESIAN_POINT('',(183.,-99.5,1.51));
#4624 = CIRCLE('',#4625,0.5);
#4625 = AXIS2_PLACEMENT_3D('',#4626,#4627,#4628);
#4626 = CARTESIAN_POINT('',(183.,-99.,1.51));
#4627 = DIRECTION('',(-0.,0.,-1.));
#4628 = DIRECTION('',(-0.,-1.,0.));
#4629 = FACE_BOUND('',#4630,.T.);
#4630 = EDGE_LOOP('',(#4631));
#4631 = ORIENTED_EDGE('',*,*,#4632,.T.);
#4632 = EDGE_CURVE('',#4633,#4633,#4635,.T.);
#4633 = VERTEX_POINT('',#4634);
#4634 = CARTESIAN_POINT('',(186.,-100.5,1.51));
#4635 = CIRCLE('',#4636,0.5);
#4636 = AXIS2_PLACEMENT_3D('',#4637,#4638,#4639);
#4637 = CARTESIAN_POINT('',(186.,-100.,1.51));
#4638 = DIRECTION('',(-0.,0.,-1.));
#4639 = DIRECTION('',(-0.,-1.,0.));
#4640 = FACE_BOUND('',#4641,.T.);
#4641 = EDGE_LOOP('',(#4642));
#4642 = ORIENTED_EDGE('',*,*,#4643,.T.);
#4643 = EDGE_CURVE('',#4644,#4644,#4646,.T.);
#4644 = VERTEX_POINT('',#4645);
#4645 = CARTESIAN_POINT('',(189.,-101.5,1.51));
#4646 = CIRCLE('',#4647,0.5);
#4647 = AXIS2_PLACEMENT_3D('',#4648,#4649,#4650);
#4648 = CARTESIAN_POINT('',(189.,-101.,1.51));
#4649 = DIRECTION('',(-0.,0.,-1.));
#4650 = DIRECTION('',(-0.,-1.,0.));
#4651 = PLANE('',#4652);
#4652 = AXIS2_PLACEMENT_3D('',#4653,#4654,#4655);
#4653 = CARTESIAN_POINT('',(0.,0.,1.51));
#4654 = DIRECTION('',(0.,0.,1.));
#4655 = DIRECTION('',(1.,0.,-0.));
#4656 = ADVANCED_FACE('',(#4657),#4668,.T.);
#4657 = FACE_BOUND('',#4658,.T.);
#4658 = EDGE_LOOP('',(#4659,#4665,#4666,#4667));
#4659 = ORIENTED_EDGE('',*,*,#4660,.T.);
#4660 = EDGE_CURVE('',#3455,#4059,#4661,.T.);
#4661 = LINE('',#4662,#4663);
#4662 = CARTESIAN_POINT('',(100.648233,-54.273379,0.));
#4663 = VECTOR('',#4664,1.);
#4664 = DIRECTION('',(0.,0.,1.));
#4665 = ORIENTED_EDGE('',*,*,#4058,.T.);
#4666 = ORIENTED_EDGE('',*,*,#3390,.F.);
#4667 = ORIENTED_EDGE('',*,*,#3454,.F.);
#4668 = PLANE('',#4669);
#4669 = AXIS2_PLACEMENT_3D('',#4670,#4671,#4672);
#4670 = CARTESIAN_POINT('',(100.648233,-54.273379,0.));
#4671 = DIRECTION('',(0.,1.,0.));
#4672 = DIRECTION('',(1.,0.,0.));
#4673 = ADVANCED_FACE('',(#4674),#4685,.F.);
#4674 = FACE_BOUND('',#4675,.T.);
#4675 = EDGE_LOOP('',(#4676,#4677,#4678,#4684));
#4676 = ORIENTED_EDGE('',*,*,#3430,.T.);
#4677 = ORIENTED_EDGE('',*,*,#4567,.T.);
#4678 = ORIENTED_EDGE('',*,*,#4679,.F.);
#4679 = EDGE_CURVE('',#3956,#4560,#4680,.T.);
#4680 = LINE('',#4681,#4682);
#4681 = CARTESIAN_POINT('',(119.46419,-75.588427,0.));
#4682 = VECTOR('',#4683,1.);
#4683 = DIRECTION('',(0.,0.,1.));
#4684 = ORIENTED_EDGE('',*,*,#3963,.F.);
#4685 = CYLINDRICAL_SURFACE('',#4686,3.396796917077);
#4686 = AXIS2_PLACEMENT_3D('',#4687,#4688,#4689);
#4687 = CARTESIAN_POINT('',(118.78327647627,-72.2605769329,0.));
#4688 = DIRECTION('',(-0.,-0.,-1.));
#4689 = DIRECTION('',(-0.764808888989,0.644257218294,0.));
#4690 = ADVANCED_FACE('',(#4691),#4702,.T.);
#4691 = FACE_BOUND('',#4692,.T.);
#4692 = EDGE_LOOP('',(#4693,#4699,#4700,#4701));
#4693 = ORIENTED_EDGE('',*,*,#4694,.T.);
#4694 = EDGE_CURVE('',#3463,#4067,#4695,.T.);
#4695 = LINE('',#4696,#4697);
#4696 = CARTESIAN_POINT('',(99.965843,-56.548013,0.));
#4697 = VECTOR('',#4698,1.);
#4698 = DIRECTION('',(0.,0.,1.));
#4699 = ORIENTED_EDGE('',*,*,#4066,.T.);
#4700 = ORIENTED_EDGE('',*,*,#4660,.F.);
#4701 = ORIENTED_EDGE('',*,*,#3462,.F.);
#4702 = PLANE('',#4703);
#4703 = AXIS2_PLACEMENT_3D('',#4704,#4705,#4706);
#4704 = CARTESIAN_POINT('',(99.965843,-56.548013,0.));
#4705 = DIRECTION('',(-0.9578263084,0.287347808302,0.));
#4706 = DIRECTION('',(0.287347808302,0.9578263084,0.));
#4707 = ADVANCED_FACE('',(#4708),#4719,.T.);
#4708 = FACE_BOUND('',#4709,.T.);
#4709 = EDGE_LOOP('',(#4710,#4711,#4712,#4718));
#4710 = ORIENTED_EDGE('',*,*,#4679,.T.);
#4711 = ORIENTED_EDGE('',*,*,#4559,.T.);
#4712 = ORIENTED_EDGE('',*,*,#4713,.F.);
#4713 = EDGE_CURVE('',#3947,#4551,#4714,.T.);
#4714 = LINE('',#4715,#4716);
#4715 = CARTESIAN_POINT('',(121.09631,-88.557156,0.));
#4716 = VECTOR('',#4717,1.);
#4717 = DIRECTION('',(0.,0.,1.));
#4718 = ORIENTED_EDGE('',*,*,#3955,.F.);
#4719 = PLANE('',#4720);
#4720 = AXIS2_PLACEMENT_3D('',#4721,#4722,#4723);
#4721 = CARTESIAN_POINT('',(119.46419,-75.588427,0.));
#4722 = DIRECTION('',(0.992173680928,0.124865475107,-0.));
#4723 = DIRECTION('',(0.124865475107,-0.992173680928,0.));
#4724 = ADVANCED_FACE('',(#4725),#4736,.T.);
#4725 = FACE_BOUND('',#4726,.T.);
#4726 = EDGE_LOOP('',(#4727,#4733,#4734,#4735));
#4727 = ORIENTED_EDGE('',*,*,#4728,.T.);
#4728 = EDGE_CURVE('',#3471,#4075,#4729,.T.);
#4729 = LINE('',#4730,#4731);
#4730 = CARTESIAN_POINT('',(98.058517,-59.262284,0.));
#4731 = VECTOR('',#4732,1.);
#4732 = DIRECTION('',(0.,0.,1.));
#4733 = ORIENTED_EDGE('',*,*,#4074,.T.);
#4734 = ORIENTED_EDGE('',*,*,#4694,.F.);
#4735 = ORIENTED_EDGE('',*,*,#3470,.F.);
#4736 = PLANE('',#4737);
#4737 = AXIS2_PLACEMENT_3D('',#4738,#4739,#4740);
#4738 = CARTESIAN_POINT('',(98.058517,-59.262284,0.));
#4739 = DIRECTION('',(-0.818191635541,0.574945603976,0.));
#4740 = DIRECTION('',(0.574945603976,0.818191635541,0.));
#4741 = ADVANCED_FACE('',(#4742),#4753,.F.);
#4742 = FACE_BOUND('',#4743,.T.);
#4743 = EDGE_LOOP('',(#4744,#4745,#4746,#4752));
#4744 = ORIENTED_EDGE('',*,*,#4713,.T.);
#4745 = ORIENTED_EDGE('',*,*,#4550,.T.);
#4746 = ORIENTED_EDGE('',*,*,#4747,.F.);
#4747 = EDGE_CURVE('',#3939,#4543,#4748,.T.);
#4748 = LINE('',#4749,#4750);
#4749 = CARTESIAN_POINT('',(121.967481,-95.479448,0.));
#4750 = VECTOR('',#4751,1.);
#4751 = DIRECTION('',(0.,0.,1.));
#4752 = ORIENTED_EDGE('',*,*,#3946,.F.);
#4753 = CYLINDRICAL_SURFACE('',#4754,3.501151262495);
#4754 = AXIS2_PLACEMENT_3D('',#4755,#4756,#4757);
#4755 = CARTESIAN_POINT('',(121.82754629166,-91.9810943243,0.));
#4756 = DIRECTION('',(-0.,-0.,-1.));
#4757 = DIRECTION('',(-0.208855955325,0.977946414649,0.));
#4758 = ADVANCED_FACE('',(#4759),#4770,.T.);
#4759 = FACE_BOUND('',#4760,.T.);
#4760 = EDGE_LOOP('',(#4761,#4767,#4768,#4769));
#4761 = ORIENTED_EDGE('',*,*,#4762,.T.);
#4762 = EDGE_CURVE('',#3479,#4083,#4763,.T.);
#4763 = LINE('',#4764,#4765);
#4764 = CARTESIAN_POINT('',(94.701826,-63.91834,0.));
#4765 = VECTOR('',#4766,1.);
#4766 = DIRECTION('',(0.,0.,1.));
#4767 = ORIENTED_EDGE('',*,*,#4082,.T.);
#4768 = ORIENTED_EDGE('',*,*,#4728,.F.);
#4769 = ORIENTED_EDGE('',*,*,#3478,.F.);
#4770 = PLANE('',#4771);
#4771 = AXIS2_PLACEMENT_3D('',#4772,#4773,#4774);
#4772 = CARTESIAN_POINT('',(94.701826,-63.91834,0.));
#4773 = DIRECTION('',(-0.811176422953,0.584801514058,0.));
#4774 = DIRECTION('',(0.584801514058,0.811176422953,0.));
#4775 = ADVANCED_FACE('',(#4776),#4787,.T.);
#4776 = FACE_BOUND('',#4777,.T.);
#4777 = EDGE_LOOP('',(#4778,#4779,#4780,#4786));
#4778 = ORIENTED_EDGE('',*,*,#4747,.T.);
#4779 = ORIENTED_EDGE('',*,*,#4542,.T.);
#4780 = ORIENTED_EDGE('',*,*,#4781,.F.);
#4781 = EDGE_CURVE('',#3930,#4534,#4782,.T.);
#4782 = LINE('',#4783,#4784);
#4783 = CARTESIAN_POINT('',(123.432518,-107.120551,0.));
#4784 = VECTOR('',#4785,1.);
#4785 = DIRECTION('',(0.,0.,1.));
#4786 = ORIENTED_EDGE('',*,*,#3938,.F.);
#4787 = PLANE('',#4788);
#4788 = AXIS2_PLACEMENT_3D('',#4789,#4790,#4791);
#4789 = CARTESIAN_POINT('',(121.967481,-95.479448,0.));
#4790 = DIRECTION('',(0.992173688419,0.124865415585,-0.));
#4791 = DIRECTION('',(0.124865415585,-0.992173688419,0.));
#4792 = ADVANCED_FACE('',(#4793),#4804,.F.);
#4793 = FACE_BOUND('',#4794,.T.);
#4794 = EDGE_LOOP('',(#4795,#4801,#4802,#4803));
#4795 = ORIENTED_EDGE('',*,*,#4796,.T.);
#4796 = EDGE_CURVE('',#3487,#4091,#4797,.T.);
#4797 = LINE('',#4798,#4799);
#4798 = CARTESIAN_POINT('',(91.023976,-68.970268,0.));
#4799 = VECTOR('',#4800,1.);
#4800 = DIRECTION('',(0.,0.,1.));
#4801 = ORIENTED_EDGE('',*,*,#4090,.T.);
#4802 = ORIENTED_EDGE('',*,*,#4762,.F.);
#4803 = ORIENTED_EDGE('',*,*,#3486,.F.);
#4804 = CYLINDRICAL_SURFACE('',#4805,3.124614460513);
#4805 = AXIS2_PLACEMENT_3D('',#4806,#4807,#4808);
#4806 = CARTESIAN_POINT('',(92.836378796057,-66.42499559184,0.));
#4807 = DIRECTION('',(-0.,-0.,-1.));
#4808 = DIRECTION('',(-0.580040455858,-0.814587668436,0.));
#4809 = ADVANCED_FACE('',(#4810),#4821,.F.);
#4810 = FACE_BOUND('',#4811,.T.);
#4811 = EDGE_LOOP('',(#4812,#4813,#4814,#4820));
#4812 = ORIENTED_EDGE('',*,*,#4781,.T.);
#4813 = ORIENTED_EDGE('',*,*,#4533,.T.);
#4814 = ORIENTED_EDGE('',*,*,#4815,.F.);
#4815 = EDGE_CURVE('',#3922,#4526,#4816,.T.);
#4816 = LINE('',#4817,#4818);
#4817 = CARTESIAN_POINT('',(127.319152,-111.777223,0.));
#4818 = VECTOR('',#4819,1.);
#4819 = DIRECTION('',(0.,0.,1.));
#4820 = ORIENTED_EDGE('',*,*,#3929,.F.);
#4821 = CYLINDRICAL_SURFACE('',#4822,3.312312896823);
#4822 = AXIS2_PLACEMENT_3D('',#4823,#4824,#4825);
#4823 = CARTESIAN_POINT('',(124.35334643377,-110.3022945034,0.));
#4824 = DIRECTION('',(-0.,-0.,-1.));
#4825 = DIRECTION('',(-0.278001644911,0.96058059809,-0.));
#4826 = ADVANCED_FACE('',(#4827),#4838,.T.);
#4827 = FACE_BOUND('',#4828,.T.);
#4828 = EDGE_LOOP('',(#4829,#4835,#4836,#4837));
#4829 = ORIENTED_EDGE('',*,*,#4830,.T.);
#4830 = EDGE_CURVE('',#3496,#4100,#4831,.T.);
#4831 = LINE('',#4832,#4833);
#4832 = CARTESIAN_POINT('',(89.686381,-70.722978,0.));
#4833 = VECTOR('',#4834,1.);
#4834 = DIRECTION('',(0.,0.,1.));
#4835 = ORIENTED_EDGE('',*,*,#4099,.T.);
#4836 = ORIENTED_EDGE('',*,*,#4796,.F.);
#4837 = ORIENTED_EDGE('',*,*,#3495,.F.);
#4838 = PLANE('',#4839);
#4839 = AXIS2_PLACEMENT_3D('',#4840,#4841,#4842);
#4840 = CARTESIAN_POINT('',(89.686381,-70.722978,0.));
#4841 = DIRECTION('',(-0.794951130919,0.606673470205,0.));
#4842 = DIRECTION('',(0.606673470205,0.794951130919,0.));
#4843 = ADVANCED_FACE('',(#4844),#4855,.T.);
#4844 = FACE_BOUND('',#4845,.T.);
#4845 = EDGE_LOOP('',(#4846,#4847,#4848,#4854));
#4846 = ORIENTED_EDGE('',*,*,#4815,.T.);
#4847 = ORIENTED_EDGE('',*,*,#4525,.T.);
#4848 = ORIENTED_EDGE('',*,*,#4849,.F.);
#4849 = EDGE_CURVE('',#3914,#4518,#4850,.T.);
#4850 = LINE('',#4851,#4852);
#4851 = CARTESIAN_POINT('',(127.928149,-111.968358,0.));
#4852 = VECTOR('',#4853,1.);
#4853 = DIRECTION('',(0.,0.,1.));
#4854 = ORIENTED_EDGE('',*,*,#3921,.F.);
#4855 = PLANE('',#4856);
#4856 = AXIS2_PLACEMENT_3D('',#4857,#4858,#4859);
#4857 = CARTESIAN_POINT('',(127.319152,-111.777223,0.));
#4858 = DIRECTION('',(0.299450066315,0.954111973399,-0.));
#4859 = DIRECTION('',(0.954111973399,-0.299450066315,0.));
#4860 = ADVANCED_FACE('',(#4861),#4872,.T.);
#4861 = FACE_BOUND('',#4862,.T.);
#4862 = EDGE_LOOP('',(#4863,#4869,#4870,#4871));
#4863 = ORIENTED_EDGE('',*,*,#4864,.T.);
#4864 = EDGE_CURVE('',#3504,#4108,#4865,.T.);
#4865 = LINE('',#4866,#4867);
#4866 = CARTESIAN_POINT('',(82.541675,-80.817332,0.));
#4867 = VECTOR('',#4868,1.);
#4868 = DIRECTION('',(0.,0.,1.));
#4869 = ORIENTED_EDGE('',*,*,#4107,.T.);
#4870 = ORIENTED_EDGE('',*,*,#4830,.F.);
#4871 = ORIENTED_EDGE('',*,*,#3503,.F.);
#4872 = PLANE('',#4873);
#4873 = AXIS2_PLACEMENT_3D('',#4874,#4875,#4876);
#4874 = CARTESIAN_POINT('',(82.541675,-80.817332,0.));
#4875 = DIRECTION('',(-0.816232725991,0.57772323566,0.));
#4876 = DIRECTION('',(0.57772323566,0.816232725991,0.));
#4877 = ADVANCED_FACE('',(#4878),#4889,.T.);
#4878 = FACE_BOUND('',#4879,.T.);
#4879 = EDGE_LOOP('',(#4880,#4881,#4882,#4888));
#4880 = ORIENTED_EDGE('',*,*,#4849,.T.);
#4881 = ORIENTED_EDGE('',*,*,#4517,.T.);
#4882 = ORIENTED_EDGE('',*,*,#4883,.F.);
#4883 = EDGE_CURVE('',#3905,#4509,#4884,.T.);
#4884 = LINE('',#4885,#4886);
#4885 = CARTESIAN_POINT('',(147.369626,-118.070117,0.));
#4886 = VECTOR('',#4887,1.);
#4887 = DIRECTION('',(0.,0.,1.));
#4888 = ORIENTED_EDGE('',*,*,#3913,.F.);
#4889 = PLANE('',#4890);
#4890 = AXIS2_PLACEMENT_3D('',#4891,#4892,#4893);
#4891 = CARTESIAN_POINT('',(127.928149,-111.968358,0.));
#4892 = DIRECTION('',(0.299450522559,0.954111830206,-0.));
#4893 = DIRECTION('',(0.954111830206,-0.299450522559,0.));
#4894 = ADVANCED_FACE('',(#4895),#4906,.T.);
#4895 = FACE_BOUND('',#4896,.T.);
#4896 = EDGE_LOOP('',(#4897,#4903,#4904,#4905));
#4897 = ORIENTED_EDGE('',*,*,#4898,.T.);
#4898 = EDGE_CURVE('',#3512,#4116,#4899,.T.);
#4899 = LINE('',#4900,#4901);
#4900 = CARTESIAN_POINT('',(82.953856,-83.211905,0.));
#4901 = VECTOR('',#4902,1.);
#4902 = DIRECTION('',(0.,0.,1.));
#4903 = ORIENTED_EDGE('',*,*,#4115,.T.);
#4904 = ORIENTED_EDGE('',*,*,#4864,.F.);
#4905 = ORIENTED_EDGE('',*,*,#3511,.F.);
#4906 = PLANE('',#4907);
#4907 = AXIS2_PLACEMENT_3D('',#4908,#4909,#4910);
#4908 = CARTESIAN_POINT('',(82.953856,-83.211905,0.));
#4909 = DIRECTION('',(-0.985506690267,-0.169636562803,0.));
#4910 = DIRECTION('',(-0.169636562803,0.985506690267,0.));
#4911 = ADVANCED_FACE('',(#4912),#4923,.F.);
#4912 = FACE_BOUND('',#4913,.T.);
#4913 = EDGE_LOOP('',(#4914,#4915,#4916,#4922));
#4914 = ORIENTED_EDGE('',*,*,#4883,.T.);
#4915 = ORIENTED_EDGE('',*,*,#4508,.T.);
#4916 = ORIENTED_EDGE('',*,*,#4917,.F.);
#4917 = EDGE_CURVE('',#3897,#4501,#4918,.T.);
#4918 = LINE('',#4919,#4920);
#4919 = CARTESIAN_POINT('',(152.005842,-119.525206,0.));
#4920 = VECTOR('',#4921,1.);
#4921 = DIRECTION('',(0.,0.,1.));
#4922 = ORIENTED_EDGE('',*,*,#3904,.F.);
#4923 = CYLINDRICAL_SURFACE('',#4924,2.431041848185);
#4924 = AXIS2_PLACEMENT_3D('',#4925,#4926,#4927);
#4925 = CARTESIAN_POINT('',(149.66264660161,-118.8775951657,0.));
#4926 = DIRECTION('',(-0.,-0.,-1.));
#4927 = DIRECTION('',(-0.94322547484,0.332153132775,-0.));
#4928 = ADVANCED_FACE('',(#4929),#4940,.T.);
#4929 = FACE_BOUND('',#4930,.T.);
#4930 = EDGE_LOOP('',(#4931,#4937,#4938,#4939));
#4931 = ORIENTED_EDGE('',*,*,#4932,.T.);
#4932 = EDGE_CURVE('',#3520,#4124,#4933,.T.);
#4933 = LINE('',#4934,#4935);
#4934 = CARTESIAN_POINT('',(86.628217,-85.126753,0.));
#4935 = VECTOR('',#4936,1.);
#4936 = DIRECTION('',(0.,0.,1.));
#4937 = ORIENTED_EDGE('',*,*,#4123,.T.);
#4938 = ORIENTED_EDGE('',*,*,#4898,.F.);
#4939 = ORIENTED_EDGE('',*,*,#3519,.F.);
#4940 = PLANE('',#4941);
#4941 = AXIS2_PLACEMENT_3D('',#4942,#4943,#4944);
#4942 = CARTESIAN_POINT('',(86.628217,-85.126753,0.));
#4943 = DIRECTION('',(-0.462146716285,-0.886803480274,0.));
#4944 = DIRECTION('',(-0.886803480274,0.462146716285,0.));
#4945 = ADVANCED_FACE('',(#4946),#4957,.T.);
#4946 = FACE_BOUND('',#4947,.T.);
#4947 = EDGE_LOOP('',(#4948,#4949,#4950,#4956));
#4948 = ORIENTED_EDGE('',*,*,#4917,.T.);
#4949 = ORIENTED_EDGE('',*,*,#4500,.T.);
#4950 = ORIENTED_EDGE('',*,*,#4951,.F.);
#4951 = EDGE_CURVE('',#3889,#4493,#4952,.T.);
#4952 = LINE('',#4953,#4954);
#4953 = CARTESIAN_POINT('',(155.134746,-120.50722,0.));
#4954 = VECTOR('',#4955,1.);
#4955 = DIRECTION('',(0.,0.,1.));
#4956 = ORIENTED_EDGE('',*,*,#3896,.F.);
#4957 = PLANE('',#4958);
#4958 = AXIS2_PLACEMENT_3D('',#4959,#4960,#4961);
#4959 = CARTESIAN_POINT('',(152.005842,-119.525206,0.));
#4960 = DIRECTION('',(0.299450300568,0.954111899879,-0.));
#4961 = DIRECTION('',(0.954111899879,-0.299450300568,0.));
#4962 = ADVANCED_FACE('',(#4963),#4974,.T.);
#4963 = FACE_BOUND('',#4964,.T.);
#4964 = EDGE_LOOP('',(#4965,#4971,#4972,#4973));
#4965 = ORIENTED_EDGE('',*,*,#4966,.T.);
#4966 = EDGE_CURVE('',#3528,#4132,#4967,.T.);
#4967 = LINE('',#4968,#4969);
#4968 = CARTESIAN_POINT('',(96.29584,-79.714734,0.));
#4969 = VECTOR('',#4970,1.);
#4970 = DIRECTION('',(0.,0.,1.));
#4971 = ORIENTED_EDGE('',*,*,#4131,.T.);
#4972 = ORIENTED_EDGE('',*,*,#4932,.F.);
#4973 = ORIENTED_EDGE('',*,*,#3527,.F.);
#4974 = PLANE('',#4975);
#4975 = AXIS2_PLACEMENT_3D('',#4976,#4977,#4978);
#4976 = CARTESIAN_POINT('',(96.29584,-79.714734,0.));
#4977 = DIRECTION('',(0.488476258182,-0.872577185808,0.));
#4978 = DIRECTION('',(-0.872577185808,-0.488476258182,0.));
#4979 = ADVANCED_FACE('',(#4980),#4991,.T.);
#4980 = FACE_BOUND('',#4981,.T.);
#4981 = EDGE_LOOP('',(#4982,#4983,#4984,#4990));
#4982 = ORIENTED_EDGE('',*,*,#4951,.T.);
#4983 = ORIENTED_EDGE('',*,*,#4492,.T.);
#4984 = ORIENTED_EDGE('',*,*,#4985,.F.);
#4985 = EDGE_CURVE('',#3881,#4485,#4986,.T.);
#4986 = LINE('',#4987,#4988);
#4987 = CARTESIAN_POINT('',(157.993812,-117.358385,0.));
#4988 = VECTOR('',#4989,1.);
#4989 = DIRECTION('',(0.,0.,1.));
#4990 = ORIENTED_EDGE('',*,*,#3888,.F.);
#4991 = PLANE('',#4992);
#4992 = AXIS2_PLACEMENT_3D('',#4993,#4994,#4995);
#4993 = CARTESIAN_POINT('',(155.134746,-120.50722,0.));
#4994 = DIRECTION('',(-0.740350850957,0.672220661306,0.));
#4995 = DIRECTION('',(0.672220661306,0.740350850957,0.));
#4996 = ADVANCED_FACE('',(#4997),#5008,.T.);
#4997 = FACE_BOUND('',#4998,.T.);
#4998 = EDGE_LOOP('',(#4999,#5005,#5006,#5007));
#4999 = ORIENTED_EDGE('',*,*,#5000,.T.);
#5000 = EDGE_CURVE('',#3536,#4140,#5001,.T.);
#5001 = LINE('',#5002,#5003);
#5002 = CARTESIAN_POINT('',(97.320681,-79.14102,0.));
#5003 = VECTOR('',#5004,1.);
#5004 = DIRECTION('',(0.,0.,1.));
#5005 = ORIENTED_EDGE('',*,*,#4139,.T.);
#5006 = ORIENTED_EDGE('',*,*,#4966,.F.);
#5007 = ORIENTED_EDGE('',*,*,#3535,.F.);
#5008 = PLANE('',#5009);
#5009 = AXIS2_PLACEMENT_3D('',#5010,#5011,#5012);
#5010 = CARTESIAN_POINT('',(97.320681,-79.14102,0.));
#5011 = DIRECTION('',(0.488475701476,-0.872577497457,0.));
#5012 = DIRECTION('',(-0.872577497457,-0.488475701476,0.));
#5013 = ADVANCED_FACE('',(#5014),#5025,.T.);
#5014 = FACE_BOUND('',#5015,.T.);
#5015 = EDGE_LOOP('',(#5016,#5017,#5018,#5024));
#5016 = ORIENTED_EDGE('',*,*,#4985,.T.);
#5017 = ORIENTED_EDGE('',*,*,#4484,.T.);
#5018 = ORIENTED_EDGE('',*,*,#5019,.F.);
#5019 = EDGE_CURVE('',#3872,#4476,#5020,.T.);
#5020 = LINE('',#5021,#5022);
#5021 = CARTESIAN_POINT('',(176.200332,-97.30662,0.));
#5022 = VECTOR('',#5023,1.);
#5023 = DIRECTION('',(0.,0.,1.));
#5024 = ORIENTED_EDGE('',*,*,#3880,.F.);
#5025 = PLANE('',#5026);
#5026 = AXIS2_PLACEMENT_3D('',#5027,#5028,#5029);
#5027 = CARTESIAN_POINT('',(157.993812,-117.358385,0.));
#5028 = DIRECTION('',(-0.740350805132,0.672220711776,0.));
#5029 = DIRECTION('',(0.672220711776,0.740350805132,0.));
#5030 = ADVANCED_FACE('',(#5031),#5042,.F.);
#5031 = FACE_BOUND('',#5032,.T.);
#5032 = EDGE_LOOP('',(#5033,#5039,#5040,#5041));
#5033 = ORIENTED_EDGE('',*,*,#5034,.T.);
#5034 = EDGE_CURVE('',#3544,#4148,#5035,.T.);
#5035 = LINE('',#5036,#5037);
#5036 = CARTESIAN_POINT('',(101.749201,-79.915402,0.));
#5037 = VECTOR('',#5038,1.);
#5038 = DIRECTION('',(0.,0.,1.));
#5039 = ORIENTED_EDGE('',*,*,#4147,.T.);
#5040 = ORIENTED_EDGE('',*,*,#5000,.F.);
#5041 = ORIENTED_EDGE('',*,*,#3543,.F.);
#5042 = CYLINDRICAL_SURFACE('',#5043,2.819584522315);
#5043 = AXIS2_PLACEMENT_3D('',#5044,#5045,#5046);
#5044 = CARTESIAN_POINT('',(99.828128282466,-77.85153754407,0.));
#5045 = DIRECTION('',(-0.,-0.,-1.));
#5046 = DIRECTION('',(0.681331842451,-0.731974672009,0.));
#5047 = ADVANCED_FACE('',(#5048),#5059,.F.);
#5048 = FACE_BOUND('',#5049,.T.);
#5049 = EDGE_LOOP('',(#5050,#5051,#5052,#5058));
#5050 = ORIENTED_EDGE('',*,*,#5019,.T.);
#5051 = ORIENTED_EDGE('',*,*,#4475,.T.);
#5052 = ORIENTED_EDGE('',*,*,#5053,.F.);
#5053 = EDGE_CURVE('',#3864,#4468,#5054,.T.);
#5054 = LINE('',#5055,#5056);
#5055 = CARTESIAN_POINT('',(179.987002,-96.238193,0.));
#5056 = VECTOR('',#5057,1.);
#5057 = DIRECTION('',(0.,0.,1.));
#5058 = ORIENTED_EDGE('',*,*,#3871,.F.);
#5059 = CYLINDRICAL_SURFACE('',#5060,2.330949602327);
#5060 = AXIS2_PLACEMENT_3D('',#5061,#5062,#5063);
#5061 = CARTESIAN_POINT('',(177.7541477779,-95.56909803555,0.));
#5062 = DIRECTION('',(-0.,-0.,-1.));
#5063 = DIRECTION('',(-0.666602047659,-0.745413784455,0.));
#5064 = ADVANCED_FACE('',(#5065),#5076,.T.);
#5065 = FACE_BOUND('',#5066,.T.);
#5066 = EDGE_LOOP('',(#5067,#5073,#5074,#5075));
#5067 = ORIENTED_EDGE('',*,*,#5068,.T.);
#5068 = EDGE_CURVE('',#3553,#4157,#5069,.T.);
#5069 = LINE('',#5070,#5071);
#5070 = CARTESIAN_POINT('',(105.849037,-85.342237,0.));
#5071 = VECTOR('',#5072,1.);
#5072 = DIRECTION('',(0.,0.,1.));
#5073 = ORIENTED_EDGE('',*,*,#4156,.T.);
#5074 = ORIENTED_EDGE('',*,*,#5034,.F.);
#5075 = ORIENTED_EDGE('',*,*,#3552,.F.);
#5076 = PLANE('',#5077);
#5077 = AXIS2_PLACEMENT_3D('',#5078,#5079,#5080);
#5078 = CARTESIAN_POINT('',(105.849037,-85.342237,0.));
#5079 = DIRECTION('',(-0.797898391549,-0.602791968065,0.));
#5080 = DIRECTION('',(-0.602791968065,0.797898391549,0.));
#5081 = ADVANCED_FACE('',(#5082),#5093,.T.);
#5082 = FACE_BOUND('',#5083,.T.);
#5083 = EDGE_LOOP('',(#5084,#5085,#5086,#5092));
#5084 = ORIENTED_EDGE('',*,*,#5053,.T.);
#5085 = ORIENTED_EDGE('',*,*,#4467,.T.);
#5086 = ORIENTED_EDGE('',*,*,#5087,.F.);
#5087 = EDGE_CURVE('',#3856,#4460,#5088,.T.);
#5088 = LINE('',#5089,#5090);
#5089 = CARTESIAN_POINT('',(192.699022,-99.782891,0.));
#5090 = VECTOR('',#5091,1.);
#5091 = DIRECTION('',(0.,0.,1.));
#5092 = ORIENTED_EDGE('',*,*,#3863,.F.);
#5093 = PLANE('',#5094);
#5094 = AXIS2_PLACEMENT_3D('',#5095,#5096,#5097);
#5095 = CARTESIAN_POINT('',(179.987002,-96.238193,0.));
#5096 = DIRECTION('',(0.268599136888,0.963252045761,-0.));
#5097 = DIRECTION('',(0.963252045761,-0.268599136888,0.));
#5098 = ADVANCED_FACE('',(#5099),#5110,.T.);
#5099 = FACE_BOUND('',#5100,.T.);
#5100 = EDGE_LOOP('',(#5101,#5107,#5108,#5109));
#5101 = ORIENTED_EDGE('',*,*,#5102,.T.);
#5102 = EDGE_CURVE('',#3561,#4165,#5103,.T.);
#5103 = LINE('',#5104,#5105);
#5104 = CARTESIAN_POINT('',(108.389081,-88.70442,0.));
#5105 = VECTOR('',#5106,1.);
#5106 = DIRECTION('',(0.,0.,1.));
#5107 = ORIENTED_EDGE('',*,*,#4164,.T.);
#5108 = ORIENTED_EDGE('',*,*,#5068,.F.);
#5109 = ORIENTED_EDGE('',*,*,#3560,.F.);
#5110 = PLANE('',#5111);
#5111 = AXIS2_PLACEMENT_3D('',#5112,#5113,#5114);
#5112 = CARTESIAN_POINT('',(108.389081,-88.70442,0.));
#5113 = DIRECTION('',(-0.79789837517,-0.602791989746,0.));
#5114 = DIRECTION('',(-0.602791989746,0.79789837517,0.));
#5115 = ADVANCED_FACE('',(#5116),#5127,.T.);
#5116 = FACE_BOUND('',#5117,.T.);
#5117 = EDGE_LOOP('',(#5118,#5119,#5120,#5126));
#5118 = ORIENTED_EDGE('',*,*,#5087,.T.);
#5119 = ORIENTED_EDGE('',*,*,#4459,.T.);
#5120 = ORIENTED_EDGE('',*,*,#5121,.F.);
#5121 = EDGE_CURVE('',#3848,#4452,#5122,.T.);
#5122 = LINE('',#5123,#5124);
#5123 = CARTESIAN_POINT('',(192.994154,-101.300761,0.));
#5124 = VECTOR('',#5125,1.);
#5125 = DIRECTION('',(0.,0.,1.));
#5126 = ORIENTED_EDGE('',*,*,#3855,.F.);
#5127 = PLANE('',#5128);
#5128 = AXIS2_PLACEMENT_3D('',#5129,#5130,#5131);
#5129 = CARTESIAN_POINT('',(192.699022,-99.782891,0.));
#5130 = DIRECTION('',(0.981616527278,0.190863808448,-0.));
#5131 = DIRECTION('',(0.190863808448,-0.981616527278,0.));
#5132 = ADVANCED_FACE('',(#5133),#5144,.T.);
#5133 = FACE_BOUND('',#5134,.T.);
#5134 = EDGE_LOOP('',(#5135,#5141,#5142,#5143));
#5135 = ORIENTED_EDGE('',*,*,#5136,.T.);
#5136 = EDGE_CURVE('',#3569,#4173,#5137,.T.);
#5137 = LINE('',#5138,#5139);
#5138 = CARTESIAN_POINT('',(100.525961,-97.351675,0.));
#5139 = VECTOR('',#5140,1.);
#5140 = DIRECTION('',(0.,0.,1.));
#5141 = ORIENTED_EDGE('',*,*,#4172,.T.);
#5142 = ORIENTED_EDGE('',*,*,#5102,.F.);
#5143 = ORIENTED_EDGE('',*,*,#3568,.F.);
#5144 = PLANE('',#5145);
#5145 = AXIS2_PLACEMENT_3D('',#5146,#5147,#5148);
#5146 = CARTESIAN_POINT('',(100.525961,-97.351675,0.));
#5147 = DIRECTION('',(-0.739855785563,0.672765498944,0.));
#5148 = DIRECTION('',(0.672765498944,0.739855785563,0.));
#5149 = ADVANCED_FACE('',(#5150),#5161,.T.);
#5150 = FACE_BOUND('',#5151,.T.);
#5151 = EDGE_LOOP('',(#5152,#5153,#5154,#5160));
#5152 = ORIENTED_EDGE('',*,*,#5121,.T.);
#5153 = ORIENTED_EDGE('',*,*,#4451,.T.);
#5154 = ORIENTED_EDGE('',*,*,#5155,.F.);
#5155 = EDGE_CURVE('',#3839,#4443,#5156,.T.);
#5156 = LINE('',#5157,#5158);
#5157 = CARTESIAN_POINT('',(162.746645,-115.98088,0.));
#5158 = VECTOR('',#5159,1.);
#5159 = DIRECTION('',(0.,0.,1.));
#5160 = ORIENTED_EDGE('',*,*,#3847,.F.);
#5161 = PLANE('',#5162);
#5162 = AXIS2_PLACEMENT_3D('',#5163,#5164,#5165);
#5163 = CARTESIAN_POINT('',(192.994154,-101.300761,0.));
#5164 = DIRECTION('',(0.436626512022,-0.899642867475,0.));
#5165 = DIRECTION('',(-0.899642867475,-0.436626512022,0.));
#5166 = ADVANCED_FACE('',(#5167),#5178,.F.);
#5167 = FACE_BOUND('',#5168,.T.);
#5168 = EDGE_LOOP('',(#5169,#5175,#5176,#5177));
#5169 = ORIENTED_EDGE('',*,*,#5170,.T.);
#5170 = EDGE_CURVE('',#3577,#4181,#5171,.T.);
#5171 = LINE('',#5172,#5173);
#5172 = CARTESIAN_POINT('',(95.794966,-101.985989,0.));
#5173 = VECTOR('',#5174,1.);
#5174 = DIRECTION('',(0.,0.,1.));
#5175 = ORIENTED_EDGE('',*,*,#4180,.T.);
#5176 = ORIENTED_EDGE('',*,*,#5136,.F.);
#5177 = ORIENTED_EDGE('',*,*,#3576,.F.);
#5178 = CYLINDRICAL_SURFACE('',#5179,3.316553746762);
#5179 = AXIS2_PLACEMENT_3D('',#5180,#5181,#5182);
#5180 = CARTESIAN_POINT('',(98.030047413218,-99.53569517446,0.));
#5181 = DIRECTION('',(-0.,-0.,-1.));
#5182 = DIRECTION('',(-0.673916837742,-0.73880721153,0.));
#5183 = ADVANCED_FACE('',(#5184),#5195,.F.);
#5184 = FACE_BOUND('',#5185,.T.);
#5185 = EDGE_LOOP('',(#5186,#5187,#5188,#5194));
#5186 = ORIENTED_EDGE('',*,*,#5155,.T.);
#5187 = ORIENTED_EDGE('',*,*,#4442,.T.);
#5188 = ORIENTED_EDGE('',*,*,#5189,.F.);
#5189 = EDGE_CURVE('',#3831,#4435,#5190,.T.);
#5190 = LINE('',#5191,#5192);
#5191 = CARTESIAN_POINT('',(159.013113,-119.746249,0.));
#5192 = VECTOR('',#5193,1.);
#5193 = DIRECTION('',(0.,0.,1.));
#5194 = ORIENTED_EDGE('',*,*,#3838,.F.);
#5195 = CYLINDRICAL_SURFACE('',#5196,7.999907049074);
#5196 = AXIS2_PLACEMENT_3D('',#5197,#5198,#5199);
#5197 = CARTESIAN_POINT('',(166.2395860636,-123.1779540943,0.));
#5198 = DIRECTION('',(-0.,-0.,-1.));
#5199 = DIRECTION('',(-0.436622706011,0.899644714649,0.));
#5200 = ADVANCED_FACE('',(#5201),#5212,.T.);
#5201 = FACE_BOUND('',#5202,.T.);
#5202 = EDGE_LOOP('',(#5203,#5209,#5210,#5211));
#5203 = ORIENTED_EDGE('',*,*,#5204,.T.);
#5204 = EDGE_CURVE('',#3586,#4190,#5205,.T.);
#5205 = LINE('',#5206,#5207);
#5206 = CARTESIAN_POINT('',(92.157692,-100.867192,0.));
#5207 = VECTOR('',#5208,1.);
#5208 = DIRECTION('',(0.,0.,1.));
#5209 = ORIENTED_EDGE('',*,*,#4189,.T.);
#5210 = ORIENTED_EDGE('',*,*,#5170,.F.);
#5211 = ORIENTED_EDGE('',*,*,#3585,.F.);
#5212 = PLANE('',#5213);
#5213 = AXIS2_PLACEMENT_3D('',#5214,#5215,#5216);
#5214 = CARTESIAN_POINT('',(92.157692,-100.867192,0.));
#5215 = DIRECTION('',(0.29399841261,0.955805907799,-0.));
#5216 = DIRECTION('',(0.955805907799,-0.29399841261,0.));
#5217 = ADVANCED_FACE('',(#5218),#5229,.T.);
#5218 = FACE_BOUND('',#5219,.T.);
#5219 = EDGE_LOOP('',(#5220,#5221,#5222,#5228));
#5220 = ORIENTED_EDGE('',*,*,#5189,.T.);
#5221 = ORIENTED_EDGE('',*,*,#4434,.T.);
#5222 = ORIENTED_EDGE('',*,*,#5223,.F.);
#5223 = EDGE_CURVE('',#3823,#4427,#5224,.T.);
#5224 = LINE('',#5225,#5226);
#5225 = CARTESIAN_POINT('',(158.695851,-120.414328,0.));
#5226 = VECTOR('',#5227,1.);
#5227 = DIRECTION('',(0.,0.,1.));
#5228 = ORIENTED_EDGE('',*,*,#3830,.F.);
#5229 = PLANE('',#5230);
#5230 = AXIS2_PLACEMENT_3D('',#5231,#5232,#5233);
#5231 = CARTESIAN_POINT('',(159.013113,-119.746249,0.));
#5232 = DIRECTION('',(0.903317077171,-0.42897349346,0.));
#5233 = DIRECTION('',(-0.42897349346,-0.903317077171,0.));
#5234 = ADVANCED_FACE('',(#5235),#5246,.T.);
#5235 = FACE_BOUND('',#5236,.T.);
#5236 = EDGE_LOOP('',(#5237,#5243,#5244,#5245));
#5237 = ORIENTED_EDGE('',*,*,#5238,.T.);
#5238 = EDGE_CURVE('',#3594,#4198,#5239,.T.);
#5239 = LINE('',#5240,#5241);
#5240 = CARTESIAN_POINT('',(77.174158,-96.252011,0.));
#5241 = VECTOR('',#5242,1.);
#5242 = DIRECTION('',(0.,0.,1.));
#5243 = ORIENTED_EDGE('',*,*,#4197,.T.);
#5244 = ORIENTED_EDGE('',*,*,#5204,.F.);
#5245 = ORIENTED_EDGE('',*,*,#3593,.F.);
#5246 = PLANE('',#5247);
#5247 = AXIS2_PLACEMENT_3D('',#5248,#5249,#5250);
#5248 = CARTESIAN_POINT('',(77.174158,-96.252011,0.));
#5249 = DIRECTION('',(0.294369176706,0.955691784942,-0.));
#5250 = DIRECTION('',(0.955691784942,-0.294369176706,0.));
#5251 = ADVANCED_FACE('',(#5252),#5263,.T.);
#5252 = FACE_BOUND('',#5253,.T.);
#5253 = EDGE_LOOP('',(#5254,#5255,#5256,#5262));
#5254 = ORIENTED_EDGE('',*,*,#5223,.T.);
#5255 = ORIENTED_EDGE('',*,*,#4426,.T.);
#5256 = ORIENTED_EDGE('',*,*,#5257,.F.);
#5257 = EDGE_CURVE('',#3814,#4418,#5258,.T.);
#5258 = LINE('',#5259,#5260);
#5259 = CARTESIAN_POINT('',(158.07351,-127.084207,0.));
#5260 = VECTOR('',#5261,1.);
#5261 = DIRECTION('',(0.,0.,1.));
#5262 = ORIENTED_EDGE('',*,*,#3822,.F.);
#5263 = PLANE('',#5264);
#5264 = AXIS2_PLACEMENT_3D('',#5265,#5266,#5267);
#5265 = CARTESIAN_POINT('',(158.695851,-120.414328,0.));
#5266 = DIRECTION('',(0.995675195971,-9.290265942393E-02,0.));
#5267 = DIRECTION('',(-9.290265942393E-02,-0.995675195971,0.));
#5268 = ADVANCED_FACE('',(#5269),#5280,.T.);
#5269 = FACE_BOUND('',#5270,.T.);
#5270 = EDGE_LOOP('',(#5271,#5277,#5278,#5279));
#5271 = ORIENTED_EDGE('',*,*,#5272,.T.);
#5272 = EDGE_CURVE('',#3602,#4206,#5273,.T.);
#5273 = LINE('',#5274,#5275);
#5274 = CARTESIAN_POINT('',(71.07869,-116.680077,0.));
#5275 = VECTOR('',#5276,1.);
#5276 = DIRECTION('',(0.,0.,1.));
#5277 = ORIENTED_EDGE('',*,*,#4205,.T.);
#5278 = ORIENTED_EDGE('',*,*,#5238,.F.);
#5279 = ORIENTED_EDGE('',*,*,#3601,.F.);
#5280 = PLANE('',#5281);
#5281 = AXIS2_PLACEMENT_3D('',#5282,#5283,#5284);
#5282 = CARTESIAN_POINT('',(71.07869,-116.680077,0.));
#5283 = DIRECTION('',(-0.958250663167,0.285929478264,0.));
#5284 = DIRECTION('',(0.285929478264,0.958250663167,0.));
#5285 = ADVANCED_FACE('',(#5286),#5297,.F.);
#5286 = FACE_BOUND('',#5287,.T.);
#5287 = EDGE_LOOP('',(#5288,#5289,#5290,#5296));
#5288 = ORIENTED_EDGE('',*,*,#5257,.T.);
#5289 = ORIENTED_EDGE('',*,*,#4417,.T.);
#5290 = ORIENTED_EDGE('',*,*,#5291,.F.);
#5291 = EDGE_CURVE('',#3806,#4410,#5292,.T.);
#5292 = LINE('',#5293,#5294);
#5293 = CARTESIAN_POINT('',(157.597258,-132.188389,0.));
#5294 = VECTOR('',#5295,1.);
#5295 = DIRECTION('',(0.,0.,1.));
#5296 = ORIENTED_EDGE('',*,*,#3813,.F.);
#5297 = CYLINDRICAL_SURFACE('',#5298,2.580616960269);
#5298 = AXIS2_PLACEMENT_3D('',#5299,#5300,#5301);
#5299 = CARTESIAN_POINT('',(158.13360730557,-129.6641240935,0.));
#5300 = DIRECTION('',(-0.,-0.,-1.));
#5301 = DIRECTION('',(-2.328796039907E-02,0.999728798675,0.));
#5302 = ADVANCED_FACE('',(#5303),#5314,.T.);
#5303 = FACE_BOUND('',#5304,.T.);
#5304 = EDGE_LOOP('',(#5305,#5311,#5312,#5313));
#5305 = ORIENTED_EDGE('',*,*,#5306,.T.);
#5306 = EDGE_CURVE('',#3610,#4214,#5307,.T.);
#5307 = LINE('',#5308,#5309);
#5308 = CARTESIAN_POINT('',(72.54718,-118.816569,0.));
#5309 = VECTOR('',#5310,1.);
#5310 = DIRECTION('',(0.,0.,1.));
#5311 = ORIENTED_EDGE('',*,*,#4213,.T.);
#5312 = ORIENTED_EDGE('',*,*,#5272,.F.);
#5313 = ORIENTED_EDGE('',*,*,#3609,.F.);
#5314 = PLANE('',#5315);
#5315 = AXIS2_PLACEMENT_3D('',#5316,#5317,#5318);
#5316 = CARTESIAN_POINT('',(72.54718,-118.816569,0.));
#5317 = DIRECTION('',(-0.824104630122,-0.566437603458,0.));
#5318 = DIRECTION('',(-0.566437603458,0.824104630122,0.));
#5319 = ADVANCED_FACE('',(#5320),#5331,.T.);
#5320 = FACE_BOUND('',#5321,.T.);
#5321 = EDGE_LOOP('',(#5322,#5323,#5324,#5330));
#5322 = ORIENTED_EDGE('',*,*,#5291,.T.);
#5323 = ORIENTED_EDGE('',*,*,#4409,.T.);
#5324 = ORIENTED_EDGE('',*,*,#5325,.F.);
#5325 = EDGE_CURVE('',#3798,#4402,#5326,.T.);
#5326 = LINE('',#5327,#5328);
#5327 = CARTESIAN_POINT('',(156.751368,-141.254135,0.));
#5328 = VECTOR('',#5329,1.);
#5329 = DIRECTION('',(0.,0.,1.));
#5330 = ORIENTED_EDGE('',*,*,#3805,.F.);
#5331 = PLANE('',#5332);
#5332 = AXIS2_PLACEMENT_3D('',#5333,#5334,#5335);
#5333 = CARTESIAN_POINT('',(157.597258,-132.188389,0.));
#5334 = DIRECTION('',(0.995675198232,-9.290263519759E-02,0.));
#5335 = DIRECTION('',(-9.290263519759E-02,-0.995675198232,0.));
#5336 = ADVANCED_FACE('',(#5337),#5348,.T.);
#5337 = FACE_BOUND('',#5338,.T.);
#5338 = EDGE_LOOP('',(#5339,#5345,#5346,#5347));
#5339 = ORIENTED_EDGE('',*,*,#5340,.T.);
#5340 = EDGE_CURVE('',#3618,#4222,#5341,.T.);
#5341 = LINE('',#5342,#5343);
#5342 = CARTESIAN_POINT('',(72.567977,-118.816569,0.));
#5343 = VECTOR('',#5344,1.);
#5344 = DIRECTION('',(0.,0.,1.));
#5345 = ORIENTED_EDGE('',*,*,#4221,.T.);
#5346 = ORIENTED_EDGE('',*,*,#5306,.F.);
#5347 = ORIENTED_EDGE('',*,*,#3617,.F.);
#5348 = PLANE('',#5349);
#5349 = AXIS2_PLACEMENT_3D('',#5350,#5351,#5352);
#5350 = CARTESIAN_POINT('',(72.567977,-118.816569,0.));
#5351 = DIRECTION('',(0.,-1.,0.));
#5352 = DIRECTION('',(-1.,0.,0.));
#5353 = ADVANCED_FACE('',(#5354),#5365,.T.);
#5354 = FACE_BOUND('',#5355,.T.);
#5355 = EDGE_LOOP('',(#5356,#5357,#5358,#5364));
#5356 = ORIENTED_EDGE('',*,*,#5325,.T.);
#5357 = ORIENTED_EDGE('',*,*,#4401,.T.);
#5358 = ORIENTED_EDGE('',*,*,#5359,.F.);
#5359 = EDGE_CURVE('',#3790,#4394,#5360,.T.);
#5360 = LINE('',#5361,#5362);
#5361 = CARTESIAN_POINT('',(155.998784,-140.708723,0.));
#5362 = VECTOR('',#5363,1.);
#5363 = DIRECTION('',(0.,0.,1.));
#5364 = ORIENTED_EDGE('',*,*,#3797,.F.);
#5365 = PLANE('',#5366);
#5366 = AXIS2_PLACEMENT_3D('',#5367,#5368,#5369);
#5367 = CARTESIAN_POINT('',(156.751368,-141.254135,0.));
#5368 = DIRECTION('',(-0.58681847571,-0.809718516872,0.));
#5369 = DIRECTION('',(-0.809718516872,0.58681847571,0.));
#5370 = ADVANCED_FACE('',(#5371),#5382,.T.);
#5371 = FACE_BOUND('',#5372,.T.);
#5372 = EDGE_LOOP('',(#5373,#5379,#5380,#5381));
#5373 = ORIENTED_EDGE('',*,*,#5374,.T.);
#5374 = EDGE_CURVE('',#3626,#4230,#5375,.T.);
#5375 = LINE('',#5376,#5377);
#5376 = CARTESIAN_POINT('',(78.860311,-104.134459,0.));
#5377 = VECTOR('',#5378,1.);
#5378 = DIRECTION('',(0.,0.,1.));
#5379 = ORIENTED_EDGE('',*,*,#4229,.T.);
#5380 = ORIENTED_EDGE('',*,*,#5340,.F.);
#5381 = ORIENTED_EDGE('',*,*,#3625,.F.);
#5382 = PLANE('',#5383);
#5383 = AXIS2_PLACEMENT_3D('',#5384,#5385,#5386);
#5384 = CARTESIAN_POINT('',(78.860311,-104.134459,0.));
#5385 = DIRECTION('',(0.919145004113,-0.393919359023,0.));
#5386 = DIRECTION('',(-0.393919359023,-0.919145004113,0.));
#5387 = ADVANCED_FACE('',(#5388),#5399,.T.);
#5388 = FACE_BOUND('',#5389,.T.);
#5389 = EDGE_LOOP('',(#5390,#5391,#5392,#5398));
#5390 = ORIENTED_EDGE('',*,*,#5359,.T.);
#5391 = ORIENTED_EDGE('',*,*,#4393,.T.);
#5392 = ORIENTED_EDGE('',*,*,#5393,.F.);
#5393 = EDGE_CURVE('',#3782,#4386,#5394,.T.);
#5394 = LINE('',#5395,#5396);
#5395 = CARTESIAN_POINT('',(155.081929,-150.535027,0.));
#5396 = VECTOR('',#5397,1.);
#5397 = DIRECTION('',(0.,0.,1.));
#5398 = ORIENTED_EDGE('',*,*,#3789,.F.);
#5399 = PLANE('',#5400);
#5400 = AXIS2_PLACEMENT_3D('',#5401,#5402,#5403);
#5401 = CARTESIAN_POINT('',(155.998784,-140.708723,0.));
#5402 = DIRECTION('',(0.995675195897,-9.290266022035E-02,0.));
#5403 = DIRECTION('',(-9.290266022035E-02,-0.995675195897,0.));
#5404 = ADVANCED_FACE('',(#5405),#5416,.T.);
#5405 = FACE_BOUND('',#5406,.T.);
#5406 = EDGE_LOOP('',(#5407,#5413,#5414,#5415));
#5407 = ORIENTED_EDGE('',*,*,#5408,.T.);
#5408 = EDGE_CURVE('',#3634,#4238,#5409,.T.);
#5409 = LINE('',#5410,#5411);
#5410 = CARTESIAN_POINT('',(94.52668,-109.029764,0.));
#5411 = VECTOR('',#5412,1.);
#5412 = DIRECTION('',(0.,0.,1.));
#5413 = ORIENTED_EDGE('',*,*,#4237,.T.);
#5414 = ORIENTED_EDGE('',*,*,#5374,.F.);
#5415 = ORIENTED_EDGE('',*,*,#3633,.F.);
#5416 = PLANE('',#5417);
#5417 = AXIS2_PLACEMENT_3D('',#5418,#5419,#5420);
#5418 = CARTESIAN_POINT('',(94.52668,-109.029764,0.));
#5419 = DIRECTION('',(-0.298250830828,-0.95448752842,0.));
#5420 = DIRECTION('',(-0.95448752842,0.298250830828,0.));
#5421 = ADVANCED_FACE('',(#5422),#5433,.T.);
#5422 = FACE_BOUND('',#5423,.T.);
#5423 = EDGE_LOOP('',(#5424,#5425,#5426,#5432));
#5424 = ORIENTED_EDGE('',*,*,#5393,.T.);
#5425 = ORIENTED_EDGE('',*,*,#4385,.T.);
#5426 = ORIENTED_EDGE('',*,*,#5427,.F.);
#5427 = EDGE_CURVE('',#3774,#4378,#5428,.T.);
#5428 = LINE('',#5429,#5430);
#5429 = CARTESIAN_POINT('',(155.026774,-150.556124,0.));
#5430 = VECTOR('',#5431,1.);
#5431 = DIRECTION('',(0.,0.,1.));
#5432 = ORIENTED_EDGE('',*,*,#3781,.F.);
#5433 = PLANE('',#5434);
#5434 = AXIS2_PLACEMENT_3D('',#5435,#5436,#5437);
#5435 = CARTESIAN_POINT('',(155.081929,-150.535027,0.));
#5436 = DIRECTION('',(0.357260437284,-0.934004807242,0.));
#5437 = DIRECTION('',(-0.934004807242,-0.357260437284,0.));
#5438 = ADVANCED_FACE('',(#5439),#5450,.F.);
#5439 = FACE_BOUND('',#5440,.T.);
#5440 = EDGE_LOOP('',(#5441,#5447,#5448,#5449));
#5441 = ORIENTED_EDGE('',*,*,#5442,.T.);
#5442 = EDGE_CURVE('',#3642,#4246,#5443,.T.);
#5443 = LINE('',#5444,#5445);
#5444 = CARTESIAN_POINT('',(95.089748,-112.410713,0.));
#5445 = VECTOR('',#5446,1.);
#5446 = DIRECTION('',(0.,0.,1.));
#5447 = ORIENTED_EDGE('',*,*,#4245,.T.);
#5448 = ORIENTED_EDGE('',*,*,#5408,.F.);
#5449 = ORIENTED_EDGE('',*,*,#3641,.F.);
#5450 = CYLINDRICAL_SURFACE('',#5451,1.757299335392);
#5451 = AXIS2_PLACEMENT_3D('',#5452,#5453,#5454);
#5452 = CARTESIAN_POINT('',(95.191693795907,-110.6563732356,0.));
#5453 = DIRECTION('',(-0.,-0.,-1.));
#5454 = DIRECTION('',(-5.801276643852E-02,-0.99831584127,0.));
#5455 = ADVANCED_FACE('',(#5456),#5467,.T.);
#5456 = FACE_BOUND('',#5457,.T.);
#5457 = EDGE_LOOP('',(#5458,#5459,#5460,#5466));
#5458 = ORIENTED_EDGE('',*,*,#5427,.T.);
#5459 = ORIENTED_EDGE('',*,*,#4377,.T.);
#5460 = ORIENTED_EDGE('',*,*,#5461,.F.);
#5461 = EDGE_CURVE('',#3766,#4370,#5462,.T.);
#5462 = LINE('',#5463,#5464);
#5463 = CARTESIAN_POINT('',(154.822094,-150.408022,0.));
#5464 = VECTOR('',#5465,1.);
#5465 = DIRECTION('',(0.,0.,1.));
#5466 = ORIENTED_EDGE('',*,*,#3773,.F.);
#5467 = PLANE('',#5468);
#5468 = AXIS2_PLACEMENT_3D('',#5469,#5470,#5471);
#5469 = CARTESIAN_POINT('',(155.026774,-150.556124,0.));
#5470 = DIRECTION('',(-0.586212329689,-0.810157456622,0.));
#5471 = DIRECTION('',(-0.810157456622,0.586212329689,0.));
#5472 = ADVANCED_FACE('',(#5473),#5484,.T.);
#5473 = FACE_BOUND('',#5474,.T.);
#5474 = EDGE_LOOP('',(#5475,#5481,#5482,#5483));
#5475 = ORIENTED_EDGE('',*,*,#5476,.T.);
#5476 = EDGE_CURVE('',#3651,#4255,#5477,.T.);
#5477 = LINE('',#5478,#5479);
#5478 = CARTESIAN_POINT('',(87.940811,-120.267465,0.));
#5479 = VECTOR('',#5480,1.);
#5480 = DIRECTION('',(0.,0.,1.));
#5481 = ORIENTED_EDGE('',*,*,#4254,.T.);
#5482 = ORIENTED_EDGE('',*,*,#5442,.F.);
#5483 = ORIENTED_EDGE('',*,*,#3650,.F.);
#5484 = PLANE('',#5485);
#5485 = AXIS2_PLACEMENT_3D('',#5486,#5487,#5488);
#5486 = CARTESIAN_POINT('',(87.940811,-120.267465,0.));
#5487 = DIRECTION('',(-0.73963846409,0.673004414873,0.));
#5488 = DIRECTION('',(0.673004414873,0.73963846409,0.));
#5489 = ADVANCED_FACE('',(#5490),#5501,.T.);
#5490 = FACE_BOUND('',#5491,.T.);
#5491 = EDGE_LOOP('',(#5492,#5493,#5494,#5500));
#5492 = ORIENTED_EDGE('',*,*,#5461,.T.);
#5493 = ORIENTED_EDGE('',*,*,#4369,.T.);
#5494 = ORIENTED_EDGE('',*,*,#5495,.F.);
#5495 = EDGE_CURVE('',#3758,#4362,#5496,.T.);
#5496 = LINE('',#5497,#5498);
#5497 = CARTESIAN_POINT('',(132.364294,-134.158069,0.));
#5498 = VECTOR('',#5499,1.);
#5499 = DIRECTION('',(0.,0.,1.));
#5500 = ORIENTED_EDGE('',*,*,#3765,.F.);
#5501 = PLANE('',#5502);
#5502 = AXIS2_PLACEMENT_3D('',#5503,#5504,#5505);
#5503 = CARTESIAN_POINT('',(154.822094,-150.408022,0.));
#5504 = DIRECTION('',(-0.586211784183,-0.810157851338,0.));
#5505 = DIRECTION('',(-0.810157851338,0.586211784183,0.));
#5506 = ADVANCED_FACE('',(#5507),#5518,.T.);
#5507 = FACE_BOUND('',#5508,.T.);
#5508 = EDGE_LOOP('',(#5509,#5515,#5516,#5517));
#5509 = ORIENTED_EDGE('',*,*,#5510,.T.);
#5510 = EDGE_CURVE('',#3659,#4263,#5511,.T.);
#5511 = LINE('',#5512,#5513);
#5512 = CARTESIAN_POINT('',(92.361484,-137.391218,0.));
#5513 = VECTOR('',#5514,1.);
#5514 = DIRECTION('',(0.,0.,1.));
#5515 = ORIENTED_EDGE('',*,*,#4262,.T.);
#5516 = ORIENTED_EDGE('',*,*,#5476,.F.);
#5517 = ORIENTED_EDGE('',*,*,#3658,.F.);
#5518 = PLANE('',#5519);
#5519 = AXIS2_PLACEMENT_3D('',#5520,#5521,#5522);
#5520 = CARTESIAN_POINT('',(92.361484,-137.391218,0.));
#5521 = DIRECTION('',(-0.968254883371,-0.249964959202,0.));
#5522 = DIRECTION('',(-0.249964959202,0.968254883371,0.));
#5523 = ADVANCED_FACE('',(#5524),#5535,.T.);
#5524 = FACE_BOUND('',#5525,.T.);
#5525 = EDGE_LOOP('',(#5526,#5527,#5528,#5534));
#5526 = ORIENTED_EDGE('',*,*,#5495,.T.);
#5527 = ORIENTED_EDGE('',*,*,#4361,.T.);
#5528 = ORIENTED_EDGE('',*,*,#5529,.F.);
#5529 = EDGE_CURVE('',#3750,#4354,#5530,.T.);
#5530 = LINE('',#5531,#5532);
#5531 = CARTESIAN_POINT('',(131.882984,-134.82325,0.));
#5532 = VECTOR('',#5533,1.);
#5533 = DIRECTION('',(0.,0.,1.));
#5534 = ORIENTED_EDGE('',*,*,#3757,.F.);
#5535 = PLANE('',#5536);
#5536 = AXIS2_PLACEMENT_3D('',#5537,#5538,#5539);
#5537 = CARTESIAN_POINT('',(132.364294,-134.158069,0.));
#5538 = DIRECTION('',(0.810157755228,-0.58621191701,0.));
#5539 = DIRECTION('',(-0.58621191701,-0.810157755228,0.));
#5540 = ADVANCED_FACE('',(#5541),#5552,.T.);
#5541 = FACE_BOUND('',#5542,.T.);
#5542 = EDGE_LOOP('',(#5543,#5549,#5550,#5551));
#5543 = ORIENTED_EDGE('',*,*,#5544,.T.);
#5544 = EDGE_CURVE('',#3667,#4271,#5545,.T.);
#5545 = LINE('',#5546,#5547);
#5546 = CARTESIAN_POINT('',(95.257957,-138.016436,0.));
#5547 = VECTOR('',#5548,1.);
#5548 = DIRECTION('',(0.,0.,1.));
#5549 = ORIENTED_EDGE('',*,*,#4270,.T.);
#5550 = ORIENTED_EDGE('',*,*,#5510,.F.);
#5551 = ORIENTED_EDGE('',*,*,#3666,.F.);
#5552 = PLANE('',#5553);
#5553 = AXIS2_PLACEMENT_3D('',#5554,#5555,#5556);
#5554 = CARTESIAN_POINT('',(95.257957,-138.016436,0.));
#5555 = DIRECTION('',(-0.210995407206,-0.97748705267,0.));
#5556 = DIRECTION('',(-0.97748705267,0.210995407206,0.));
#5557 = ADVANCED_FACE('',(#5558),#5569,.T.);
#5558 = FACE_BOUND('',#5559,.T.);
#5559 = EDGE_LOOP('',(#5560,#5561,#5562,#5568));
#5560 = ORIENTED_EDGE('',*,*,#5529,.T.);
#5561 = ORIENTED_EDGE('',*,*,#4353,.T.);
#5562 = ORIENTED_EDGE('',*,*,#5563,.F.);
#5563 = EDGE_CURVE('',#3741,#4345,#5564,.T.);
#5564 = LINE('',#5565,#5566);
#5565 = CARTESIAN_POINT('',(130.694872,-134.039096,0.));
#5566 = VECTOR('',#5567,1.);
#5567 = DIRECTION('',(0.,0.,1.));
#5568 = ORIENTED_EDGE('',*,*,#3749,.F.);
#5569 = PLANE('',#5570);
#5570 = AXIS2_PLACEMENT_3D('',#5571,#5572,#5573);
#5571 = CARTESIAN_POINT('',(131.882984,-134.82325,0.));
#5572 = DIRECTION('',(-0.550842247476,-0.834609380726,0.));
#5573 = DIRECTION('',(-0.834609380726,0.550842247476,0.));
#5574 = ADVANCED_FACE('',(#5575),#5586,.T.);
#5575 = FACE_BOUND('',#5576,.T.);
#5576 = EDGE_LOOP('',(#5577,#5583,#5584,#5585));
#5577 = ORIENTED_EDGE('',*,*,#5578,.T.);
#5578 = EDGE_CURVE('',#3675,#4279,#5579,.T.);
#5579 = LINE('',#5580,#5581);
#5580 = CARTESIAN_POINT('',(97.170177,-135.919162,0.));
#5581 = VECTOR('',#5582,1.);
#5582 = DIRECTION('',(0.,0.,1.));
#5583 = ORIENTED_EDGE('',*,*,#4278,.T.);
#5584 = ORIENTED_EDGE('',*,*,#5544,.F.);
#5585 = ORIENTED_EDGE('',*,*,#3674,.F.);
#5586 = PLANE('',#5587);
#5587 = AXIS2_PLACEMENT_3D('',#5588,#5589,#5590);
#5588 = CARTESIAN_POINT('',(97.170177,-135.919162,0.));
#5589 = DIRECTION('',(0.738955916146,-0.673753778463,0.));
#5590 = DIRECTION('',(-0.673753778463,-0.738955916146,0.));
#5591 = ADVANCED_FACE('',(#5592),#5603,.F.);
#5592 = FACE_BOUND('',#5593,.T.);
#5593 = EDGE_LOOP('',(#5594,#5595,#5596,#5602));
#5594 = ORIENTED_EDGE('',*,*,#5563,.T.);
#5595 = ORIENTED_EDGE('',*,*,#4344,.T.);
#5596 = ORIENTED_EDGE('',*,*,#5597,.F.);
#5597 = EDGE_CURVE('',#3733,#4337,#5598,.T.);
#5598 = LINE('',#5599,#5600);
#5599 = CARTESIAN_POINT('',(126.593979,-131.666681,0.));
#5600 = VECTOR('',#5601,1.);
#5601 = DIRECTION('',(0.,0.,1.));
#5602 = ORIENTED_EDGE('',*,*,#3740,.F.);
#5603 = CYLINDRICAL_SURFACE('',#5604,2.371971258432);
#5604 = AXIS2_PLACEMENT_3D('',#5605,#5606,#5607);
#5605 = CARTESIAN_POINT('',(128.58344739472,-132.9582936188,0.));
#5606 = DIRECTION('',(-0.,-0.,-1.));
#5607 = DIRECTION('',(0.890156066508,-0.455655766186,0.));
#5608 = ADVANCED_FACE('',(#5609),#5620,.T.);
#5609 = FACE_BOUND('',#5610,.T.);
#5610 = EDGE_LOOP('',(#5611,#5617,#5618,#5619));
#5611 = ORIENTED_EDGE('',*,*,#5612,.T.);
#5612 = EDGE_CURVE('',#3683,#4287,#5613,.T.);
#5613 = LINE('',#5614,#5615);
#5614 = CARTESIAN_POINT('',(94.777262,-116.975249,0.));
#5615 = VECTOR('',#5616,1.);
#5616 = DIRECTION('',(0.,0.,1.));
#5617 = ORIENTED_EDGE('',*,*,#4286,.T.);
#5618 = ORIENTED_EDGE('',*,*,#5578,.F.);
#5619 = ORIENTED_EDGE('',*,*,#3682,.F.);
#5620 = PLANE('',#5621);
#5621 = AXIS2_PLACEMENT_3D('',#5622,#5623,#5624);
#5622 = CARTESIAN_POINT('',(94.777262,-116.975249,0.));
#5623 = DIRECTION('',(0.992116379749,0.125319946668,-0.));
#5624 = DIRECTION('',(0.125319946668,-0.992116379749,0.));
#5625 = ADVANCED_FACE('',(#5626),#5637,.T.);
#5626 = FACE_BOUND('',#5627,.T.);
#5627 = EDGE_LOOP('',(#5628,#5629,#5630,#5636));
#5628 = ORIENTED_EDGE('',*,*,#5597,.T.);
#5629 = ORIENTED_EDGE('',*,*,#4336,.T.);
#5630 = ORIENTED_EDGE('',*,*,#5631,.F.);
#5631 = EDGE_CURVE('',#3724,#4328,#5632,.T.);
#5632 = LINE('',#5633,#5634);
#5633 = CARTESIAN_POINT('',(116.679036,-126.652745,0.));
#5634 = VECTOR('',#5635,1.);
#5635 = DIRECTION('',(0.,0.,1.));
#5636 = ORIENTED_EDGE('',*,*,#3732,.F.);
#5637 = PLANE('',#5638);
#5638 = AXIS2_PLACEMENT_3D('',#5639,#5640,#5641);
#5639 = CARTESIAN_POINT('',(126.593979,-131.666681,0.));
#5640 = DIRECTION('',(-0.451274602842,-0.892385137051,0.));
#5641 = DIRECTION('',(-0.892385137051,0.451274602842,0.));
#5642 = ADVANCED_FACE('',(#5643),#5654,.F.);
#5643 = FACE_BOUND('',#5644,.T.);
#5644 = EDGE_LOOP('',(#5645,#5651,#5652,#5653));
#5645 = ORIENTED_EDGE('',*,*,#5646,.T.);
#5646 = EDGE_CURVE('',#3691,#4295,#5647,.T.);
#5647 = LINE('',#5648,#5649);
#5648 = CARTESIAN_POINT('',(95.931797,-116.161093,0.));
#5649 = VECTOR('',#5650,1.);
#5650 = DIRECTION('',(0.,0.,1.));
#5651 = ORIENTED_EDGE('',*,*,#4294,.T.);
#5652 = ORIENTED_EDGE('',*,*,#5612,.F.);
#5653 = ORIENTED_EDGE('',*,*,#3690,.F.);
#5654 = CYLINDRICAL_SURFACE('',#5655,0.799920959248);
#5655 = AXIS2_PLACEMENT_3D('',#5656,#5657,#5658);
#5656 = CARTESIAN_POINT('',(95.570871265419,-116.874960043,0.));
#5657 = DIRECTION('',(-0.,-0.,-1.));
#5658 = DIRECTION('',(0.451201747383,0.89242197595,-0.));
#5659 = ADVANCED_FACE('',(#5660),#5671,.F.);
#5660 = FACE_BOUND('',#5661,.T.);
#5661 = EDGE_LOOP('',(#5662,#5663,#5664,#5670));
#5662 = ORIENTED_EDGE('',*,*,#5631,.T.);
#5663 = ORIENTED_EDGE('',*,*,#4327,.T.);
#5664 = ORIENTED_EDGE('',*,*,#5665,.F.);
#5665 = EDGE_CURVE('',#3716,#4320,#5666,.T.);
#5666 = LINE('',#5667,#5668);
#5667 = CARTESIAN_POINT('',(110.458861,-123.507236,0.));
#5668 = VECTOR('',#5669,1.);
#5669 = DIRECTION('',(0.,0.,1.));
#5670 = ORIENTED_EDGE('',*,*,#3723,.F.);
#5671 = CYLINDRICAL_SURFACE('',#5672,3.520928392089);
#5672 = AXIS2_PLACEMENT_3D('',#5673,#5674,#5675);
#5673 = CARTESIAN_POINT('',(113.34297950704,-125.5268392232,0.));
#5674 = DIRECTION('',(-0.,-0.,-1.));
#5675 = DIRECTION('',(0.947493422602,-0.319775255649,0.));
#5676 = ADVANCED_FACE('',(#5677),#5688,.T.);
#5677 = FACE_BOUND('',#5678,.T.);
#5678 = EDGE_LOOP('',(#5679,#5685,#5686,#5687));
#5679 = ORIENTED_EDGE('',*,*,#5680,.T.);
#5680 = EDGE_CURVE('',#3700,#4304,#5681,.T.);
#5681 = LINE('',#5682,#5683);
#5682 = CARTESIAN_POINT('',(96.771575,-116.585647,0.));
#5683 = VECTOR('',#5684,1.);
#5684 = DIRECTION('',(0.,0.,1.));
#5685 = ORIENTED_EDGE('',*,*,#4303,.T.);
#5686 = ORIENTED_EDGE('',*,*,#5646,.F.);
#5687 = ORIENTED_EDGE('',*,*,#3699,.F.);
#5688 = PLANE('',#5689);
#5689 = AXIS2_PLACEMENT_3D('',#5690,#5691,#5692);
#5690 = CARTESIAN_POINT('',(96.771575,-116.585647,0.));
#5691 = DIRECTION('',(-0.451175210139,-0.892435392483,0.));
#5692 = DIRECTION('',(-0.892435392483,0.451175210139,0.));
#5693 = ADVANCED_FACE('',(#5694),#5705,.T.);
#5694 = FACE_BOUND('',#5695,.T.);
#5695 = EDGE_LOOP('',(#5696,#5697,#5698,#5704));
#5696 = ORIENTED_EDGE('',*,*,#5665,.T.);
#5697 = ORIENTED_EDGE('',*,*,#4319,.T.);
#5698 = ORIENTED_EDGE('',*,*,#5699,.F.);
#5699 = EDGE_CURVE('',#3708,#4312,#5700,.T.);
#5700 = LINE('',#5701,#5702);
#5701 = CARTESIAN_POINT('',(98.613991,-117.517346,0.));
#5702 = VECTOR('',#5703,1.);
#5703 = DIRECTION('',(0.,0.,1.));
#5704 = ORIENTED_EDGE('',*,*,#3715,.F.);
#5705 = PLANE('',#5706);
#5706 = AXIS2_PLACEMENT_3D('',#5707,#5708,#5709);
#5707 = CARTESIAN_POINT('',(110.458861,-123.507236,0.));
#5708 = DIRECTION('',(-0.451274589638,-0.892385143728,0.));
#5709 = DIRECTION('',(-0.892385143728,0.451274589638,0.));
#5710 = ADVANCED_FACE('',(#5711),#5717,.T.);
#5711 = FACE_BOUND('',#5712,.T.);
#5712 = EDGE_LOOP('',(#5713,#5714,#5715,#5716));
#5713 = ORIENTED_EDGE('',*,*,#5699,.T.);
#5714 = ORIENTED_EDGE('',*,*,#4311,.T.);
#5715 = ORIENTED_EDGE('',*,*,#5680,.F.);
#5716 = ORIENTED_EDGE('',*,*,#3707,.F.);
#5717 = PLANE('',#5718);
#5718 = AXIS2_PLACEMENT_3D('',#5719,#5720,#5721);
#5719 = CARTESIAN_POINT('',(98.613991,-117.517346,0.));
#5720 = DIRECTION('',(-0.451274080332,-0.892385401282,0.));
#5721 = DIRECTION('',(-0.892385401282,0.451274080332,0.));
#5722 = ADVANCED_FACE('',(#5723),#5734,.F.);
#5723 = FACE_BOUND('',#5724,.T.);
#5724 = EDGE_LOOP('',(#5725,#5726,#5732,#5733));
#5725 = ORIENTED_EDGE('',*,*,#3973,.T.);
#5726 = ORIENTED_EDGE('',*,*,#5727,.T.);
#5727 = EDGE_CURVE('',#3974,#4578,#5728,.T.);
#5728 = LINE('',#5729,#5730);
#5729 = CARTESIAN_POINT('',(148.,-139.5,-4.6E-02));
#5730 = VECTOR('',#5731,1.);
#5731 = DIRECTION('',(0.,0.,1.));
#5732 = ORIENTED_EDGE('',*,*,#4577,.F.);
#5733 = ORIENTED_EDGE('',*,*,#5727,.F.);
#5734 = CYLINDRICAL_SURFACE('',#5735,0.5);
#5735 = AXIS2_PLACEMENT_3D('',#5736,#5737,#5738);
#5736 = CARTESIAN_POINT('',(148.,-139.,-4.6E-02));
#5737 = DIRECTION('',(-0.,-0.,-1.));
#5738 = DIRECTION('',(-0.,-1.,0.));
#5739 = ADVANCED_FACE('',(#5740),#5751,.F.);
#5740 = FACE_BOUND('',#5741,.T.);
#5741 = EDGE_LOOP('',(#5742,#5743,#5749,#5750));
#5742 = ORIENTED_EDGE('',*,*,#3984,.T.);
#5743 = ORIENTED_EDGE('',*,*,#5744,.T.);
#5744 = EDGE_CURVE('',#3985,#4589,#5745,.T.);
#5745 = LINE('',#5746,#5747);
#5746 = CARTESIAN_POINT('',(145.,-128.5,-4.6E-02));
#5747 = VECTOR('',#5748,1.);
#5748 = DIRECTION('',(0.,0.,1.));
#5749 = ORIENTED_EDGE('',*,*,#4588,.F.);
#5750 = ORIENTED_EDGE('',*,*,#5744,.F.);
#5751 = CYLINDRICAL_SURFACE('',#5752,0.5);
#5752 = AXIS2_PLACEMENT_3D('',#5753,#5754,#5755);
#5753 = CARTESIAN_POINT('',(145.,-128.,-4.6E-02));
#5754 = DIRECTION('',(-0.,-0.,-1.));
#5755 = DIRECTION('',(-0.,-1.,0.));
#5756 = ADVANCED_FACE('',(#5757),#5768,.F.);
#5757 = FACE_BOUND('',#5758,.T.);
#5758 = EDGE_LOOP('',(#5759,#5760,#5766,#5767));
#5759 = ORIENTED_EDGE('',*,*,#3995,.T.);
#5760 = ORIENTED_EDGE('',*,*,#5761,.T.);
#5761 = EDGE_CURVE('',#3996,#4600,#5762,.T.);
#5762 = LINE('',#5763,#5764);
#5763 = CARTESIAN_POINT('',(110.5,-106.,-4.6E-02));
#5764 = VECTOR('',#5765,1.);
#5765 = DIRECTION('',(0.,0.,1.));
#5766 = ORIENTED_EDGE('',*,*,#4599,.F.);
#5767 = ORIENTED_EDGE('',*,*,#5761,.F.);
#5768 = CYLINDRICAL_SURFACE('',#5769,0.5);
#5769 = AXIS2_PLACEMENT_3D('',#5770,#5771,#5772);
#5770 = CARTESIAN_POINT('',(110.5,-105.5,-4.6E-02));
#5771 = DIRECTION('',(-0.,-0.,-1.));
#5772 = DIRECTION('',(-0.,-1.,0.));
#5773 = ADVANCED_FACE('',(#5774),#5785,.F.);
#5774 = FACE_BOUND('',#5775,.T.);
#5775 = EDGE_LOOP('',(#5776,#5777,#5783,#5784));
#5776 = ORIENTED_EDGE('',*,*,#4006,.T.);
#5777 = ORIENTED_EDGE('',*,*,#5778,.T.);
#5778 = EDGE_CURVE('',#4007,#4611,#5779,.T.);
#5779 = LINE('',#5780,#5781);
#5780 = CARTESIAN_POINT('',(114.5,-106.,-4.6E-02));
#5781 = VECTOR('',#5782,1.);
#5782 = DIRECTION('',(0.,0.,1.));
#5783 = ORIENTED_EDGE('',*,*,#4610,.F.);
#5784 = ORIENTED_EDGE('',*,*,#5778,.F.);
#5785 = CYLINDRICAL_SURFACE('',#5786,0.5);
#5786 = AXIS2_PLACEMENT_3D('',#5787,#5788,#5789);
#5787 = CARTESIAN_POINT('',(114.5,-105.5,-4.6E-02));
#5788 = DIRECTION('',(-0.,-0.,-1.));
#5789 = DIRECTION('',(-0.,-1.,0.));
#5790 = ADVANCED_FACE('',(#5791),#5802,.F.);
#5791 = FACE_BOUND('',#5792,.T.);
#5792 = EDGE_LOOP('',(#5793,#5794,#5800,#5801));
#5793 = ORIENTED_EDGE('',*,*,#4017,.T.);
#5794 = ORIENTED_EDGE('',*,*,#5795,.T.);
#5795 = EDGE_CURVE('',#4018,#4622,#5796,.T.);
#5796 = LINE('',#5797,#5798);
#5797 = CARTESIAN_POINT('',(183.,-99.5,-4.6E-02));
#5798 = VECTOR('',#5799,1.);
#5799 = DIRECTION('',(0.,0.,1.));
#5800 = ORIENTED_EDGE('',*,*,#4621,.F.);
#5801 = ORIENTED_EDGE('',*,*,#5795,.F.);
#5802 = CYLINDRICAL_SURFACE('',#5803,0.5);
#5803 = AXIS2_PLACEMENT_3D('',#5804,#5805,#5806);
#5804 = CARTESIAN_POINT('',(183.,-99.,-4.6E-02));
#5805 = DIRECTION('',(-0.,-0.,-1.));
#5806 = DIRECTION('',(-0.,-1.,0.));
#5807 = ADVANCED_FACE('',(#5808),#5819,.F.);
#5808 = FACE_BOUND('',#5809,.T.);
#5809 = EDGE_LOOP('',(#5810,#5811,#5817,#5818));
#5810 = ORIENTED_EDGE('',*,*,#4028,.T.);
#5811 = ORIENTED_EDGE('',*,*,#5812,.T.);
#5812 = EDGE_CURVE('',#4029,#4633,#5813,.T.);
#5813 = LINE('',#5814,#5815);
#5814 = CARTESIAN_POINT('',(186.,-100.5,-4.6E-02));
#5815 = VECTOR('',#5816,1.);
#5816 = DIRECTION('',(0.,0.,1.));
#5817 = ORIENTED_EDGE('',*,*,#4632,.F.);
#5818 = ORIENTED_EDGE('',*,*,#5812,.F.);
#5819 = CYLINDRICAL_SURFACE('',#5820,0.5);
#5820 = AXIS2_PLACEMENT_3D('',#5821,#5822,#5823);
#5821 = CARTESIAN_POINT('',(186.,-100.,-4.6E-02));
#5822 = DIRECTION('',(-0.,-0.,-1.));
#5823 = DIRECTION('',(-0.,-1.,0.));
#5824 = ADVANCED_FACE('',(#5825),#5836,.F.);
#5825 = FACE_BOUND('',#5826,.T.);
#5826 = EDGE_LOOP('',(#5827,#5828,#5834,#5835));
#5827 = ORIENTED_EDGE('',*,*,#4039,.T.);
#5828 = ORIENTED_EDGE('',*,*,#5829,.T.);
#5829 = EDGE_CURVE('',#4040,#4644,#5830,.T.);
#5830 = LINE('',#5831,#5832);
#5831 = CARTESIAN_POINT('',(189.,-101.5,-4.6E-02));
#5832 = VECTOR('',#5833,1.);
#5833 = DIRECTION('',(0.,0.,1.));
#5834 = ORIENTED_EDGE('',*,*,#4643,.F.);
#5835 = ORIENTED_EDGE('',*,*,#5829,.F.);
#5836 = CYLINDRICAL_SURFACE('',#5837,0.5);
#5837 = AXIS2_PLACEMENT_3D('',#5838,#5839,#5840);
#5838 = CARTESIAN_POINT('',(189.,-101.,-4.6E-02));
#5839 = DIRECTION('',(-0.,-0.,-1.));
#5840 = DIRECTION('',(-0.,-1.,0.));
#5841 = ( GEOMETRIC_REPRESENTATION_CONTEXT(3) 
GLOBAL_UNCERTAINTY_ASSIGNED_CONTEXT((#5845)) 
GLOBAL_UNIT_ASSIGNED_CONTEXT((#5842,#5843,#5844)) REPRESENTATION_CONTEXT
('Context #1','3D Context with UNIT and UNCERTAINTY') );
#5842 = ( LENGTH_UNIT() NAMED_UNIT(*) SI_UNIT(.MILLI.,.METRE.) );
#5843 = ( NAMED_UNIT(*) PLANE_ANGLE_UNIT() SI_UNIT($,.RADIAN.) );
#5844 = ( NAMED_UNIT(*) SI_UNIT($,.STERADIAN.) SOLID_ANGLE_UNIT() );
#5845 = UNCERTAINTY_MEASURE_WITH_UNIT(LENGTH_MEASURE(1.E-07),#5842,
  'distance_accuracy_value','confusion accuracy');
#5846 = CONTEXT_DEPENDENT_SHAPE_REPRESENTATION(#5847,#5849);
#5847 = ( REPRESENTATION_RELATIONSHIP('','',#3343,#10) 
REPRESENTATION_RELATIONSHIP_WITH_TRANSFORMATION(#5848) 
SHAPE_REPRESENTATION_RELATIONSHIP() );
#5848 = ITEM_DEFINED_TRANSFORMATION('','',#11,#87);
#5849 = PRODUCT_DEFINITION_SHAPE('Placement','Placement of an item',
  #5850);
#5850 = NEXT_ASSEMBLY_USAGE_OCCURRENCE('19','=>[0:1:1:4]','',#5,#3338,$
  );
#5851 = PRODUCT_RELATED_PRODUCT_CATEGORY('part',$,(#3340));
#5852 = MECHANICAL_DESIGN_GEOMETRIC_PRESENTATION_REPRESENTATION('',(
    #5853,#5861,#5868,#5875,#5882,#5889,#5896,#5903,#5910,#5917,#5924,
    #5932,#5939,#5946,#5953,#5960,#5967,#5974,#5981,#5988,#5995,#6002,
    #6009,#6016,#6023,#6030,#6037,#6044),#959);
#5853 = STYLED_ITEM('color',(#5854),#107);
#5854 = PRESENTATION_STYLE_ASSIGNMENT((#5855));
#5855 = SURFACE_STYLE_USAGE(.BOTH.,#5856);
#5856 = SURFACE_SIDE_STYLE('',(#5857));
#5857 = SURFACE_STYLE_FILL_AREA(#5858);
#5858 = FILL_AREA_STYLE('',(#5859));
#5859 = FILL_AREA_STYLE_COLOUR('',#5860);
#5860 = COLOUR_RGB('',0.823999987314,0.819999987296,0.781000009244);
#5861 = STYLED_ITEM('color',(#5862),#183);
#5862 = PRESENTATION_STYLE_ASSIGNMENT((#5863));
#5863 = SURFACE_STYLE_USAGE(.BOTH.,#5864);
#5864 = SURFACE_SIDE_STYLE('',(#5865));
#5865 = SURFACE_STYLE_FILL_AREA(#5866);
#5866 = FILL_AREA_STYLE('',(#5867));
#5867 = FILL_AREA_STYLE_COLOUR('',#5860);
#5868 = STYLED_ITEM('color',(#5869),#214);
#5869 = PRESENTATION_STYLE_ASSIGNMENT((#5870));
#5870 = SURFACE_STYLE_USAGE(.BOTH.,#5871);
#5871 = SURFACE_SIDE_STYLE('',(#5872));
#5872 = SURFACE_STYLE_FILL_AREA(#5873);
#5873 = FILL_AREA_STYLE('',(#5874));
#5874 = FILL_AREA_STYLE_COLOUR('',#5860);
#5875 = STYLED_ITEM('color',(#5876),#239);
#5876 = PRESENTATION_STYLE_ASSIGNMENT((#5877));
#5877 = SURFACE_STYLE_USAGE(.BOTH.,#5878);
#5878 = SURFACE_SIDE_STYLE('',(#5879));
#5879 = SURFACE_STYLE_FILL_AREA(#5880);
#5880 = FILL_AREA_STYLE('',(#5881));
#5881 = FILL_AREA_STYLE_COLOUR('',#5860);
#5882 = STYLED_ITEM('color',(#5883),#264);
#5883 = PRESENTATION_STYLE_ASSIGNMENT((#5884));
#5884 = SURFACE_STYLE_USAGE(.BOTH.,#5885);
#5885 = SURFACE_SIDE_STYLE('',(#5886));
#5886 = SURFACE_STYLE_FILL_AREA(#5887);
#5887 = FILL_AREA_STYLE('',(#5888));
#5888 = FILL_AREA_STYLE_COLOUR('',#5860);
#5889 = STYLED_ITEM('color',(#5890),#288);
#5890 = PRESENTATION_STYLE_ASSIGNMENT((#5891));
#5891 = SURFACE_STYLE_USAGE(.BOTH.,#5892);
#5892 = SURFACE_SIDE_STYLE('',(#5893));
#5893 = SURFACE_STYLE_FILL_AREA(#5894);
#5894 = FILL_AREA_STYLE('',(#5895));
#5895 = FILL_AREA_STYLE_COLOUR('',#5860);
#5896 = STYLED_ITEM('color',(#5897),#312);
#5897 = PRESENTATION_STYLE_ASSIGNMENT((#5898));
#5898 = SURFACE_STYLE_USAGE(.BOTH.,#5899);
#5899 = SURFACE_SIDE_STYLE('',(#5900));
#5900 = SURFACE_STYLE_FILL_AREA(#5901);
#5901 = FILL_AREA_STYLE('',(#5902));
#5902 = FILL_AREA_STYLE_COLOUR('',#5860);
#5903 = STYLED_ITEM('color',(#5904),#337);
#5904 = PRESENTATION_STYLE_ASSIGNMENT((#5905));
#5905 = SURFACE_STYLE_USAGE(.BOTH.,#5906);
#5906 = SURFACE_SIDE_STYLE('',(#5907));
#5907 = SURFACE_STYLE_FILL_AREA(#5908);
#5908 = FILL_AREA_STYLE('',(#5909));
#5909 = FILL_AREA_STYLE_COLOUR('',#5860);
#5910 = STYLED_ITEM('color',(#5911),#362);
#5911 = PRESENTATION_STYLE_ASSIGNMENT((#5912));
#5912 = SURFACE_STYLE_USAGE(.BOTH.,#5913);
#5913 = SURFACE_SIDE_STYLE('',(#5914));
#5914 = SURFACE_STYLE_FILL_AREA(#5915);
#5915 = FILL_AREA_STYLE('',(#5916));
#5916 = FILL_AREA_STYLE_COLOUR('',#5860);
#5917 = STYLED_ITEM('color',(#5918),#379);
#5918 = PRESENTATION_STYLE_ASSIGNMENT((#5919));
#5919 = SURFACE_STYLE_USAGE(.BOTH.,#5920);
#5920 = SURFACE_SIDE_STYLE('',(#5921));
#5921 = SURFACE_STYLE_FILL_AREA(#5922);
#5922 = FILL_AREA_STYLE('',(#5923));
#5923 = FILL_AREA_STYLE_COLOUR('',#5860);
#5924 = STYLED_ITEM('color',(#5925),#465);
#5925 = PRESENTATION_STYLE_ASSIGNMENT((#5926));
#5926 = SURFACE_STYLE_USAGE(.BOTH.,#5927);
#5927 = SURFACE_SIDE_STYLE('',(#5928));
#5928 = SURFACE_STYLE_FILL_AREA(#5929);
#5929 = FILL_AREA_STYLE('',(#5930));
#5930 = FILL_AREA_STYLE_COLOUR('',#5931);
#5931 = COLOUR_RGB('',0.379000005575,0.270000008848,0.214999999939);
#5932 = STYLED_ITEM('color',(#5933),#497);
#5933 = PRESENTATION_STYLE_ASSIGNMENT((#5934));
#5934 = SURFACE_STYLE_USAGE(.BOTH.,#5935);
#5935 = SURFACE_SIDE_STYLE('',(#5936));
#5936 = SURFACE_STYLE_FILL_AREA(#5937);
#5937 = FILL_AREA_STYLE('',(#5938));
#5938 = FILL_AREA_STYLE_COLOUR('',#5931);
#5939 = STYLED_ITEM('color',(#5940),#521);
#5940 = PRESENTATION_STYLE_ASSIGNMENT((#5941));
#5941 = SURFACE_STYLE_USAGE(.BOTH.,#5942);
#5942 = SURFACE_SIDE_STYLE('',(#5943));
#5943 = SURFACE_STYLE_FILL_AREA(#5944);
#5944 = FILL_AREA_STYLE('',(#5945));
#5945 = FILL_AREA_STYLE_COLOUR('',#5931);
#5946 = STYLED_ITEM('color',(#5947),#546);
#5947 = PRESENTATION_STYLE_ASSIGNMENT((#5948));
#5948 = SURFACE_STYLE_USAGE(.BOTH.,#5949);
#5949 = SURFACE_SIDE_STYLE('',(#5950));
#5950 = SURFACE_STYLE_FILL_AREA(#5951);
#5951 = FILL_AREA_STYLE('',(#5952));
#5952 = FILL_AREA_STYLE_COLOUR('',#5931);
#5953 = STYLED_ITEM('color',(#5954),#570);
#5954 = PRESENTATION_STYLE_ASSIGNMENT((#5955));
#5955 = SURFACE_STYLE_USAGE(.BOTH.,#5956);
#5956 = SURFACE_SIDE_STYLE('',(#5957));
#5957 = SURFACE_STYLE_FILL_AREA(#5958);
#5958 = FILL_AREA_STYLE('',(#5959));
#5959 = FILL_AREA_STYLE_COLOUR('',#5931);
#5960 = STYLED_ITEM('color',(#5961),#595);
#5961 = PRESENTATION_STYLE_ASSIGNMENT((#5962));
#5962 = SURFACE_STYLE_USAGE(.BOTH.,#5963);
#5963 = SURFACE_SIDE_STYLE('',(#5964));
#5964 = SURFACE_STYLE_FILL_AREA(#5965);
#5965 = FILL_AREA_STYLE('',(#5966));
#5966 = FILL_AREA_STYLE_COLOUR('',#5931);
#5967 = STYLED_ITEM('color',(#5968),#619);
#5968 = PRESENTATION_STYLE_ASSIGNMENT((#5969));
#5969 = SURFACE_STYLE_USAGE(.BOTH.,#5970);
#5970 = SURFACE_SIDE_STYLE('',(#5971));
#5971 = SURFACE_STYLE_FILL_AREA(#5972);
#5972 = FILL_AREA_STYLE('',(#5973));
#5973 = FILL_AREA_STYLE_COLOUR('',#5931);
#5974 = STYLED_ITEM('color',(#5975),#644);
#5975 = PRESENTATION_STYLE_ASSIGNMENT((#5976));
#5976 = SURFACE_STYLE_USAGE(.BOTH.,#5977);
#5977 = SURFACE_SIDE_STYLE('',(#5978));
#5978 = SURFACE_STYLE_FILL_AREA(#5979);
#5979 = FILL_AREA_STYLE('',(#5980));
#5980 = FILL_AREA_STYLE_COLOUR('',#5931);
#5981 = STYLED_ITEM('color',(#5982),#661);
#5982 = PRESENTATION_STYLE_ASSIGNMENT((#5983));
#5983 = SURFACE_STYLE_USAGE(.BOTH.,#5984);
#5984 = SURFACE_SIDE_STYLE('',(#5985));
#5985 = SURFACE_STYLE_FILL_AREA(#5986);
#5986 = FILL_AREA_STYLE('',(#5987));
#5987 = FILL_AREA_STYLE_COLOUR('',#5860);
#5988 = STYLED_ITEM('color',(#5989),#747);
#5989 = PRESENTATION_STYLE_ASSIGNMENT((#5990));
#5990 = SURFACE_STYLE_USAGE(.BOTH.,#5991);
#5991 = SURFACE_SIDE_STYLE('',(#5992));
#5992 = SURFACE_STYLE_FILL_AREA(#5993);
#5993 = FILL_AREA_STYLE('',(#5994));
#5994 = FILL_AREA_STYLE_COLOUR('',#5860);
#5995 = STYLED_ITEM('color',(#5996),#778);
#5996 = PRESENTATION_STYLE_ASSIGNMENT((#5997));
#5997 = SURFACE_STYLE_USAGE(.BOTH.,#5998);
#5998 = SURFACE_SIDE_STYLE('',(#5999));
#5999 = SURFACE_STYLE_FILL_AREA(#6000);
#6000 = FILL_AREA_STYLE('',(#6001));
#6001 = FILL_AREA_STYLE_COLOUR('',#5860);
#6002 = STYLED_ITEM('color',(#6003),#803);
#6003 = PRESENTATION_STYLE_ASSIGNMENT((#6004));
#6004 = SURFACE_STYLE_USAGE(.BOTH.,#6005);
#6005 = SURFACE_SIDE_STYLE('',(#6006));
#6006 = SURFACE_STYLE_FILL_AREA(#6007);
#6007 = FILL_AREA_STYLE('',(#6008));
#6008 = FILL_AREA_STYLE_COLOUR('',#5860);
#6009 = STYLED_ITEM('color',(#6010),#828);
#6010 = PRESENTATION_STYLE_ASSIGNMENT((#6011));
#6011 = SURFACE_STYLE_USAGE(.BOTH.,#6012);
#6012 = SURFACE_SIDE_STYLE('',(#6013));
#6013 = SURFACE_STYLE_FILL_AREA(#6014);
#6014 = FILL_AREA_STYLE('',(#6015));
#6015 = FILL_AREA_STYLE_COLOUR('',#5860);
#6016 = STYLED_ITEM('color',(#6017),#852);
#6017 = PRESENTATION_STYLE_ASSIGNMENT((#6018));
#6018 = SURFACE_STYLE_USAGE(.BOTH.,#6019);
#6019 = SURFACE_SIDE_STYLE('',(#6020));
#6020 = SURFACE_STYLE_FILL_AREA(#6021);
#6021 = FILL_AREA_STYLE('',(#6022));
#6022 = FILL_AREA_STYLE_COLOUR('',#5860);
#6023 = STYLED_ITEM('color',(#6024),#876);
#6024 = PRESENTATION_STYLE_ASSIGNMENT((#6025));
#6025 = SURFACE_STYLE_USAGE(.BOTH.,#6026);
#6026 = SURFACE_SIDE_STYLE('',(#6027));
#6027 = SURFACE_STYLE_FILL_AREA(#6028);
#6028 = FILL_AREA_STYLE('',(#6029));
#6029 = FILL_AREA_STYLE_COLOUR('',#5860);
#6030 = STYLED_ITEM('color',(#6031),#901);
#6031 = PRESENTATION_STYLE_ASSIGNMENT((#6032));
#6032 = SURFACE_STYLE_USAGE(.BOTH.,#6033);
#6033 = SURFACE_SIDE_STYLE('',(#6034));
#6034 = SURFACE_STYLE_FILL_AREA(#6035);
#6035 = FILL_AREA_STYLE('',(#6036));
#6036 = FILL_AREA_STYLE_COLOUR('',#5860);
#6037 = STYLED_ITEM('color',(#6038),#926);
#6038 = PRESENTATION_STYLE_ASSIGNMENT((#6039));
#6039 = SURFACE_STYLE_USAGE(.BOTH.,#6040);
#6040 = SURFACE_SIDE_STYLE('',(#6041));
#6041 = SURFACE_STYLE_FILL_AREA(#6042);
#6042 = FILL_AREA_STYLE('',(#6043));
#6043 = FILL_AREA_STYLE_COLOUR('',#5860);
#6044 = STYLED_ITEM('color',(#6045),#943);
#6045 = PRESENTATION_STYLE_ASSIGNMENT((#6046));
#6046 = SURFACE_STYLE_USAGE(.BOTH.,#6047);
#6047 = SURFACE_SIDE_STYLE('',(#6048));
#6048 = SURFACE_STYLE_FILL_AREA(#6049);
#6049 = FILL_AREA_STYLE('',(#6050));
#6050 = FILL_AREA_STYLE_COLOUR('',#5860);
#6051 = MECHANICAL_DESIGN_GEOMETRIC_PRESENTATION_REPRESENTATION('',(
    #6052),#5841);
#6052 = STYLED_ITEM('color',(#6053),#3344);
#6053 = PRESENTATION_STYLE_ASSIGNMENT((#6054));
#6054 = SURFACE_STYLE_USAGE(.BOTH.,#6055);
#6055 = SURFACE_SIDE_STYLE('',(#6056));
#6056 = SURFACE_STYLE_FILL_AREA(#6057);
#6057 = FILL_AREA_STYLE('',(#6058));
#6058 = FILL_AREA_STYLE_COLOUR('',#6059);
#6059 = COLOUR_RGB('',0.313304153717,0.484529207832,0.410020903123);
#6060 = MECHANICAL_DESIGN_GEOMETRIC_PRESENTATION_REPRESENTATION('',(
    #6061,#6069,#6076,#6083,#6090,#6097,#6104,#6111,#6118,#6125,#6132,
    #6139,#6146,#6153,#6161,#6168,#6175,#6182,#6189,#6196,#6203,#6210,
    #6217,#6224,#6231,#6238,#6245,#6252,#6259,#6266,#6273,#6280,#6287,
    #6294,#6301,#6308,#6315,#6322,#6329,#6336,#6343,#6350,#6357,#6364,
    #6371,#6378,#6385,#6392,#6399,#6406,#6413,#6420,#6427,#6434,#6441,
    #6448,#6455,#6462,#6469,#6476,#6483,#6490,#6497,#6504,#6511,#6518,
    #6525,#6532),#3250);
#6061 = STYLED_ITEM('color',(#6062),#985);
#6062 = PRESENTATION_STYLE_ASSIGNMENT((#6063));
#6063 = SURFACE_STYLE_USAGE(.BOTH.,#6064);
#6064 = SURFACE_SIDE_STYLE('',(#6065));
#6065 = SURFACE_STYLE_FILL_AREA(#6066);
#6066 = FILL_AREA_STYLE('',(#6067));
#6067 = FILL_AREA_STYLE_COLOUR('',#6068);
#6068 = COLOUR_RGB('',0.893999996942,0.890999961016,0.813000030345);
#6069 = STYLED_ITEM('color',(#6070),#1044);
#6070 = PRESENTATION_STYLE_ASSIGNMENT((#6071));
#6071 = SURFACE_STYLE_USAGE(.BOTH.,#6072);
#6072 = SURFACE_SIDE_STYLE('',(#6073));
#6073 = SURFACE_STYLE_FILL_AREA(#6074);
#6074 = FILL_AREA_STYLE('',(#6075));
#6075 = FILL_AREA_STYLE_COLOUR('',#6068);
#6076 = STYLED_ITEM('color',(#6077),#1069);
#6077 = PRESENTATION_STYLE_ASSIGNMENT((#6078));
#6078 = SURFACE_STYLE_USAGE(.BOTH.,#6079);
#6079 = SURFACE_SIDE_STYLE('',(#6080));
#6080 = SURFACE_STYLE_FILL_AREA(#6081);
#6081 = FILL_AREA_STYLE('',(#6082));
#6082 = FILL_AREA_STYLE_COLOUR('',#6068);
#6083 = STYLED_ITEM('color',(#6084),#1102);
#6084 = PRESENTATION_STYLE_ASSIGNMENT((#6085));
#6085 = SURFACE_STYLE_USAGE(.BOTH.,#6086);
#6086 = SURFACE_SIDE_STYLE('',(#6087));
#6087 = SURFACE_STYLE_FILL_AREA(#6088);
#6088 = FILL_AREA_STYLE('',(#6089));
#6089 = FILL_AREA_STYLE_COLOUR('',#6068);
#6090 = STYLED_ITEM('color',(#6091),#1127);
#6091 = PRESENTATION_STYLE_ASSIGNMENT((#6092));
#6092 = SURFACE_STYLE_USAGE(.BOTH.,#6093);
#6093 = SURFACE_SIDE_STYLE('',(#6094));
#6094 = SURFACE_STYLE_FILL_AREA(#6095);
#6095 = FILL_AREA_STYLE('',(#6096));
#6096 = FILL_AREA_STYLE_COLOUR('',#6068);
#6097 = STYLED_ITEM('color',(#6098),#1152);
#6098 = PRESENTATION_STYLE_ASSIGNMENT((#6099));
#6099 = SURFACE_STYLE_USAGE(.BOTH.,#6100);
#6100 = SURFACE_SIDE_STYLE('',(#6101));
#6101 = SURFACE_STYLE_FILL_AREA(#6102);
#6102 = FILL_AREA_STYLE('',(#6103));
#6103 = FILL_AREA_STYLE_COLOUR('',#6068);
#6104 = STYLED_ITEM('color',(#6105),#1177);
#6105 = PRESENTATION_STYLE_ASSIGNMENT((#6106));
#6106 = SURFACE_STYLE_USAGE(.BOTH.,#6107);
#6107 = SURFACE_SIDE_STYLE('',(#6108));
#6108 = SURFACE_STYLE_FILL_AREA(#6109);
#6109 = FILL_AREA_STYLE('',(#6110));
#6110 = FILL_AREA_STYLE_COLOUR('',#6068);
#6111 = STYLED_ITEM('color',(#6112),#1194);
#6112 = PRESENTATION_STYLE_ASSIGNMENT((#6113));
#6113 = SURFACE_STYLE_USAGE(.BOTH.,#6114);
#6114 = SURFACE_SIDE_STYLE('',(#6115));
#6115 = SURFACE_STYLE_FILL_AREA(#6116);
#6116 = FILL_AREA_STYLE('',(#6117));
#6117 = FILL_AREA_STYLE_COLOUR('',#6068);
#6118 = STYLED_ITEM('color',(#6119),#1219);
#6119 = PRESENTATION_STYLE_ASSIGNMENT((#6120));
#6120 = SURFACE_STYLE_USAGE(.BOTH.,#6121);
#6121 = SURFACE_SIDE_STYLE('',(#6122));
#6122 = SURFACE_STYLE_FILL_AREA(#6123);
#6123 = FILL_AREA_STYLE('',(#6124));
#6124 = FILL_AREA_STYLE_COLOUR('',#6068);
#6125 = STYLED_ITEM('color',(#6126),#1250);
#6126 = PRESENTATION_STYLE_ASSIGNMENT((#6127));
#6127 = SURFACE_STYLE_USAGE(.BOTH.,#6128);
#6128 = SURFACE_SIDE_STYLE('',(#6129));
#6129 = SURFACE_STYLE_FILL_AREA(#6130);
#6130 = FILL_AREA_STYLE('',(#6131));
#6131 = FILL_AREA_STYLE_COLOUR('',#6068);
#6132 = STYLED_ITEM('color',(#6133),#1290);
#6133 = PRESENTATION_STYLE_ASSIGNMENT((#6134));
#6134 = SURFACE_STYLE_USAGE(.BOTH.,#6135);
#6135 = SURFACE_SIDE_STYLE('',(#6136));
#6136 = SURFACE_STYLE_FILL_AREA(#6137);
#6137 = FILL_AREA_STYLE('',(#6138));
#6138 = FILL_AREA_STYLE_COLOUR('',#6068);
#6139 = STYLED_ITEM('color',(#6140),#1421);
#6140 = PRESENTATION_STYLE_ASSIGNMENT((#6141));
#6141 = SURFACE_STYLE_USAGE(.BOTH.,#6142);
#6142 = SURFACE_SIDE_STYLE('',(#6143));
#6143 = SURFACE_STYLE_FILL_AREA(#6144);
#6144 = FILL_AREA_STYLE('',(#6145));
#6145 = FILL_AREA_STYLE_COLOUR('',#6068);
#6146 = STYLED_ITEM('color',(#6147),#1545);
#6147 = PRESENTATION_STYLE_ASSIGNMENT((#6148));
#6148 = SURFACE_STYLE_USAGE(.BOTH.,#6149);
#6149 = SURFACE_SIDE_STYLE('',(#6150));
#6150 = SURFACE_STYLE_FILL_AREA(#6151);
#6151 = FILL_AREA_STYLE('',(#6152));
#6152 = FILL_AREA_STYLE_COLOUR('',#6068);
#6153 = STYLED_ITEM('color',(#6154),#1562);
#6154 = PRESENTATION_STYLE_ASSIGNMENT((#6155));
#6155 = SURFACE_STYLE_USAGE(.BOTH.,#6156);
#6156 = SURFACE_SIDE_STYLE('',(#6157));
#6157 = SURFACE_STYLE_FILL_AREA(#6158);
#6158 = FILL_AREA_STYLE('',(#6159));
#6159 = FILL_AREA_STYLE_COLOUR('',#6160);
#6160 = COLOUR_RGB('',0.136999991899,0.40200001271,0.726999997272);
#6161 = STYLED_ITEM('color',(#6162),#1571);
#6162 = PRESENTATION_STYLE_ASSIGNMENT((#6163));
#6163 = SURFACE_STYLE_USAGE(.BOTH.,#6164);
#6164 = SURFACE_SIDE_STYLE('',(#6165));
#6165 = SURFACE_STYLE_FILL_AREA(#6166);
#6166 = FILL_AREA_STYLE('',(#6167));
#6167 = FILL_AREA_STYLE_COLOUR('',#6068);
#6168 = STYLED_ITEM('color',(#6169),#1582);
#6169 = PRESENTATION_STYLE_ASSIGNMENT((#6170));
#6170 = SURFACE_STYLE_USAGE(.BOTH.,#6171);
#6171 = SURFACE_SIDE_STYLE('',(#6172));
#6172 = SURFACE_STYLE_FILL_AREA(#6173);
#6173 = FILL_AREA_STYLE('',(#6174));
#6174 = FILL_AREA_STYLE_COLOUR('',#6068);
#6175 = STYLED_ITEM('color',(#6176),#1750);
#6176 = PRESENTATION_STYLE_ASSIGNMENT((#6177));
#6177 = SURFACE_STYLE_USAGE(.BOTH.,#6178);
#6178 = SURFACE_SIDE_STYLE('',(#6179));
#6179 = SURFACE_STYLE_FILL_AREA(#6180);
#6180 = FILL_AREA_STYLE('',(#6181));
#6181 = FILL_AREA_STYLE_COLOUR('',#5860);
#6182 = STYLED_ITEM('color',(#6183),#1781);
#6183 = PRESENTATION_STYLE_ASSIGNMENT((#6184));
#6184 = SURFACE_STYLE_USAGE(.BOTH.,#6185);
#6185 = SURFACE_SIDE_STYLE('',(#6186));
#6186 = SURFACE_STYLE_FILL_AREA(#6187);
#6187 = FILL_AREA_STYLE('',(#6188));
#6188 = FILL_AREA_STYLE_COLOUR('',#5860);
#6189 = STYLED_ITEM('color',(#6190),#1812);
#6190 = PRESENTATION_STYLE_ASSIGNMENT((#6191));
#6191 = SURFACE_STYLE_USAGE(.BOTH.,#6192);
#6192 = SURFACE_SIDE_STYLE('',(#6193));
#6193 = SURFACE_STYLE_FILL_AREA(#6194);
#6194 = FILL_AREA_STYLE('',(#6195));
#6195 = FILL_AREA_STYLE_COLOUR('',#5860);
#6196 = STYLED_ITEM('color',(#6197),#1843);
#6197 = PRESENTATION_STYLE_ASSIGNMENT((#6198));
#6198 = SURFACE_STYLE_USAGE(.BOTH.,#6199);
#6199 = SURFACE_SIDE_STYLE('',(#6200));
#6200 = SURFACE_STYLE_FILL_AREA(#6201);
#6201 = FILL_AREA_STYLE('',(#6202));
#6202 = FILL_AREA_STYLE_COLOUR('',#5860);
#6203 = STYLED_ITEM('color',(#6204),#1928);
#6204 = PRESENTATION_STYLE_ASSIGNMENT((#6205));
#6205 = SURFACE_STYLE_USAGE(.BOTH.,#6206);
#6206 = SURFACE_SIDE_STYLE('',(#6207));
#6207 = SURFACE_STYLE_FILL_AREA(#6208);
#6208 = FILL_AREA_STYLE('',(#6209));
#6209 = FILL_AREA_STYLE_COLOUR('',#5860);
#6210 = STYLED_ITEM('color',(#6211),#1952);
#6211 = PRESENTATION_STYLE_ASSIGNMENT((#6212));
#6212 = SURFACE_STYLE_USAGE(.BOTH.,#6213);
#6213 = SURFACE_SIDE_STYLE('',(#6214));
#6214 = SURFACE_STYLE_FILL_AREA(#6215);
#6215 = FILL_AREA_STYLE('',(#6216));
#6216 = FILL_AREA_STYLE_COLOUR('',#5860);
#6217 = STYLED_ITEM('color',(#6218),#2030);
#6218 = PRESENTATION_STYLE_ASSIGNMENT((#6219));
#6219 = SURFACE_STYLE_USAGE(.BOTH.,#6220);
#6220 = SURFACE_SIDE_STYLE('',(#6221));
#6221 = SURFACE_STYLE_FILL_AREA(#6222);
#6222 = FILL_AREA_STYLE('',(#6223));
#6223 = FILL_AREA_STYLE_COLOUR('',#5860);
#6224 = STYLED_ITEM('color',(#6225),#2061);
#6225 = PRESENTATION_STYLE_ASSIGNMENT((#6226));
#6226 = SURFACE_STYLE_USAGE(.BOTH.,#6227);
#6227 = SURFACE_SIDE_STYLE('',(#6228));
#6228 = SURFACE_STYLE_FILL_AREA(#6229);
#6229 = FILL_AREA_STYLE('',(#6230));
#6230 = FILL_AREA_STYLE_COLOUR('',#5860);
#6231 = STYLED_ITEM('color',(#6232),#2146);
#6232 = PRESENTATION_STYLE_ASSIGNMENT((#6233));
#6233 = SURFACE_STYLE_USAGE(.BOTH.,#6234);
#6234 = SURFACE_SIDE_STYLE('',(#6235));
#6235 = SURFACE_STYLE_FILL_AREA(#6236);
#6236 = FILL_AREA_STYLE('',(#6237));
#6237 = FILL_AREA_STYLE_COLOUR('',#5860);
#6238 = STYLED_ITEM('color',(#6239),#2170);
#6239 = PRESENTATION_STYLE_ASSIGNMENT((#6240));
#6240 = SURFACE_STYLE_USAGE(.BOTH.,#6241);
#6241 = SURFACE_SIDE_STYLE('',(#6242));
#6242 = SURFACE_STYLE_FILL_AREA(#6243);
#6243 = FILL_AREA_STYLE('',(#6244));
#6244 = FILL_AREA_STYLE_COLOUR('',#5860);
#6245 = STYLED_ITEM('color',(#6246),#2248);
#6246 = PRESENTATION_STYLE_ASSIGNMENT((#6247));
#6247 = SURFACE_STYLE_USAGE(.BOTH.,#6248);
#6248 = SURFACE_SIDE_STYLE('',(#6249));
#6249 = SURFACE_STYLE_FILL_AREA(#6250);
#6250 = FILL_AREA_STYLE('',(#6251));
#6251 = FILL_AREA_STYLE_COLOUR('',#5860);
#6252 = STYLED_ITEM('color',(#6253),#2279);
#6253 = PRESENTATION_STYLE_ASSIGNMENT((#6254));
#6254 = SURFACE_STYLE_USAGE(.BOTH.,#6255);
#6255 = SURFACE_SIDE_STYLE('',(#6256));
#6256 = SURFACE_STYLE_FILL_AREA(#6257);
#6257 = FILL_AREA_STYLE('',(#6258));
#6258 = FILL_AREA_STYLE_COLOUR('',#5860);
#6259 = STYLED_ITEM('color',(#6260),#2310);
#6260 = PRESENTATION_STYLE_ASSIGNMENT((#6261));
#6261 = SURFACE_STYLE_USAGE(.BOTH.,#6262);
#6262 = SURFACE_SIDE_STYLE('',(#6263));
#6263 = SURFACE_STYLE_FILL_AREA(#6264);
#6264 = FILL_AREA_STYLE('',(#6265));
#6265 = FILL_AREA_STYLE_COLOUR('',#5860);
#6266 = STYLED_ITEM('color',(#6267),#2341);
#6267 = PRESENTATION_STYLE_ASSIGNMENT((#6268));
#6268 = SURFACE_STYLE_USAGE(.BOTH.,#6269);
#6269 = SURFACE_SIDE_STYLE('',(#6270));
#6270 = SURFACE_STYLE_FILL_AREA(#6271);
#6271 = FILL_AREA_STYLE('',(#6272));
#6272 = FILL_AREA_STYLE_COLOUR('',#5860);
#6273 = STYLED_ITEM('color',(#6274),#2426);
#6274 = PRESENTATION_STYLE_ASSIGNMENT((#6275));
#6275 = SURFACE_STYLE_USAGE(.BOTH.,#6276);
#6276 = SURFACE_SIDE_STYLE('',(#6277));
#6277 = SURFACE_STYLE_FILL_AREA(#6278);
#6278 = FILL_AREA_STYLE('',(#6279));
#6279 = FILL_AREA_STYLE_COLOUR('',#5860);
#6280 = STYLED_ITEM('color',(#6281),#2450);
#6281 = PRESENTATION_STYLE_ASSIGNMENT((#6282));
#6282 = SURFACE_STYLE_USAGE(.BOTH.,#6283);
#6283 = SURFACE_SIDE_STYLE('',(#6284));
#6284 = SURFACE_STYLE_FILL_AREA(#6285);
#6285 = FILL_AREA_STYLE('',(#6286));
#6286 = FILL_AREA_STYLE_COLOUR('',#5860);
#6287 = STYLED_ITEM('color',(#6288),#2528);
#6288 = PRESENTATION_STYLE_ASSIGNMENT((#6289));
#6289 = SURFACE_STYLE_USAGE(.BOTH.,#6290);
#6290 = SURFACE_SIDE_STYLE('',(#6291));
#6291 = SURFACE_STYLE_FILL_AREA(#6292);
#6292 = FILL_AREA_STYLE('',(#6293));
#6293 = FILL_AREA_STYLE_COLOUR('',#5860);
#6294 = STYLED_ITEM('color',(#6295),#2559);
#6295 = PRESENTATION_STYLE_ASSIGNMENT((#6296));
#6296 = SURFACE_STYLE_USAGE(.BOTH.,#6297);
#6297 = SURFACE_SIDE_STYLE('',(#6298));
#6298 = SURFACE_STYLE_FILL_AREA(#6299);
#6299 = FILL_AREA_STYLE('',(#6300));
#6300 = FILL_AREA_STYLE_COLOUR('',#5860);
#6301 = STYLED_ITEM('color',(#6302),#2644);
#6302 = PRESENTATION_STYLE_ASSIGNMENT((#6303));
#6303 = SURFACE_STYLE_USAGE(.BOTH.,#6304);
#6304 = SURFACE_SIDE_STYLE('',(#6305));
#6305 = SURFACE_STYLE_FILL_AREA(#6306);
#6306 = FILL_AREA_STYLE('',(#6307));
#6307 = FILL_AREA_STYLE_COLOUR('',#5860);
#6308 = STYLED_ITEM('color',(#6309),#2668);
#6309 = PRESENTATION_STYLE_ASSIGNMENT((#6310));
#6310 = SURFACE_STYLE_USAGE(.BOTH.,#6311);
#6311 = SURFACE_SIDE_STYLE('',(#6312));
#6312 = SURFACE_STYLE_FILL_AREA(#6313);
#6313 = FILL_AREA_STYLE('',(#6314));
#6314 = FILL_AREA_STYLE_COLOUR('',#5860);
#6315 = STYLED_ITEM('color',(#6316),#2746);
#6316 = PRESENTATION_STYLE_ASSIGNMENT((#6317));
#6317 = SURFACE_STYLE_USAGE(.BOTH.,#6318);
#6318 = SURFACE_SIDE_STYLE('',(#6319));
#6319 = SURFACE_STYLE_FILL_AREA(#6320);
#6320 = FILL_AREA_STYLE('',(#6321));
#6321 = FILL_AREA_STYLE_COLOUR('',#5860);
#6322 = STYLED_ITEM('color',(#6323),#2763);
#6323 = PRESENTATION_STYLE_ASSIGNMENT((#6324));
#6324 = SURFACE_STYLE_USAGE(.BOTH.,#6325);
#6325 = SURFACE_SIDE_STYLE('',(#6326));
#6326 = SURFACE_STYLE_FILL_AREA(#6327);
#6327 = FILL_AREA_STYLE('',(#6328));
#6328 = FILL_AREA_STYLE_COLOUR('',#5860);
#6329 = STYLED_ITEM('color',(#6330),#2780);
#6330 = PRESENTATION_STYLE_ASSIGNMENT((#6331));
#6331 = SURFACE_STYLE_USAGE(.BOTH.,#6332);
#6332 = SURFACE_SIDE_STYLE('',(#6333));
#6333 = SURFACE_STYLE_FILL_AREA(#6334);
#6334 = FILL_AREA_STYLE('',(#6335));
#6335 = FILL_AREA_STYLE_COLOUR('',#5860);
#6336 = STYLED_ITEM('color',(#6337),#2797);
#6337 = PRESENTATION_STYLE_ASSIGNMENT((#6338));
#6338 = SURFACE_STYLE_USAGE(.BOTH.,#6339);
#6339 = SURFACE_SIDE_STYLE('',(#6340));
#6340 = SURFACE_STYLE_FILL_AREA(#6341);
#6341 = FILL_AREA_STYLE('',(#6342));
#6342 = FILL_AREA_STYLE_COLOUR('',#5860);
#6343 = STYLED_ITEM('color',(#6344),#2814);
#6344 = PRESENTATION_STYLE_ASSIGNMENT((#6345));
#6345 = SURFACE_STYLE_USAGE(.BOTH.,#6346);
#6346 = SURFACE_SIDE_STYLE('',(#6347));
#6347 = SURFACE_STYLE_FILL_AREA(#6348);
#6348 = FILL_AREA_STYLE('',(#6349));
#6349 = FILL_AREA_STYLE_COLOUR('',#5860);
#6350 = STYLED_ITEM('color',(#6351),#2831);
#6351 = PRESENTATION_STYLE_ASSIGNMENT((#6352));
#6352 = SURFACE_STYLE_USAGE(.BOTH.,#6353);
#6353 = SURFACE_SIDE_STYLE('',(#6354));
#6354 = SURFACE_STYLE_FILL_AREA(#6355);
#6355 = FILL_AREA_STYLE('',(#6356));
#6356 = FILL_AREA_STYLE_COLOUR('',#5860);
#6357 = STYLED_ITEM('color',(#6358),#2848);
#6358 = PRESENTATION_STYLE_ASSIGNMENT((#6359));
#6359 = SURFACE_STYLE_USAGE(.BOTH.,#6360);
#6360 = SURFACE_SIDE_STYLE('',(#6361));
#6361 = SURFACE_STYLE_FILL_AREA(#6362);
#6362 = FILL_AREA_STYLE('',(#6363));
#6363 = FILL_AREA_STYLE_COLOUR('',#5860);
#6364 = STYLED_ITEM('color',(#6365),#2865);
#6365 = PRESENTATION_STYLE_ASSIGNMENT((#6366));
#6366 = SURFACE_STYLE_USAGE(.BOTH.,#6367);
#6367 = SURFACE_SIDE_STYLE('',(#6368));
#6368 = SURFACE_STYLE_FILL_AREA(#6369);
#6369 = FILL_AREA_STYLE('',(#6370));
#6370 = FILL_AREA_STYLE_COLOUR('',#5860);
#6371 = STYLED_ITEM('color',(#6372),#2887);
#6372 = PRESENTATION_STYLE_ASSIGNMENT((#6373));
#6373 = SURFACE_STYLE_USAGE(.BOTH.,#6374);
#6374 = SURFACE_SIDE_STYLE('',(#6375));
#6375 = SURFACE_STYLE_FILL_AREA(#6376);
#6376 = FILL_AREA_STYLE('',(#6377));
#6377 = FILL_AREA_STYLE_COLOUR('',#5860);
#6378 = STYLED_ITEM('color',(#6379),#2899);
#6379 = PRESENTATION_STYLE_ASSIGNMENT((#6380));
#6380 = SURFACE_STYLE_USAGE(.BOTH.,#6381);
#6381 = SURFACE_SIDE_STYLE('',(#6382));
#6382 = SURFACE_STYLE_FILL_AREA(#6383);
#6383 = FILL_AREA_STYLE('',(#6384));
#6384 = FILL_AREA_STYLE_COLOUR('',#5860);
#6385 = STYLED_ITEM('color',(#6386),#2911);
#6386 = PRESENTATION_STYLE_ASSIGNMENT((#6387));
#6387 = SURFACE_STYLE_USAGE(.BOTH.,#6388);
#6388 = SURFACE_SIDE_STYLE('',(#6389));
#6389 = SURFACE_STYLE_FILL_AREA(#6390);
#6390 = FILL_AREA_STYLE('',(#6391));
#6391 = FILL_AREA_STYLE_COLOUR('',#5860);
#6392 = STYLED_ITEM('color',(#6393),#2928);
#6393 = PRESENTATION_STYLE_ASSIGNMENT((#6394));
#6394 = SURFACE_STYLE_USAGE(.BOTH.,#6395);
#6395 = SURFACE_SIDE_STYLE('',(#6396));
#6396 = SURFACE_STYLE_FILL_AREA(#6397);
#6397 = FILL_AREA_STYLE('',(#6398));
#6398 = FILL_AREA_STYLE_COLOUR('',#5860);
#6399 = STYLED_ITEM('color',(#6400),#2940);
#6400 = PRESENTATION_STYLE_ASSIGNMENT((#6401));
#6401 = SURFACE_STYLE_USAGE(.BOTH.,#6402);
#6402 = SURFACE_SIDE_STYLE('',(#6403));
#6403 = SURFACE_STYLE_FILL_AREA(#6404);
#6404 = FILL_AREA_STYLE('',(#6405));
#6405 = FILL_AREA_STYLE_COLOUR('',#5860);
#6406 = STYLED_ITEM('color',(#6407),#2957);
#6407 = PRESENTATION_STYLE_ASSIGNMENT((#6408));
#6408 = SURFACE_STYLE_USAGE(.BOTH.,#6409);
#6409 = SURFACE_SIDE_STYLE('',(#6410));
#6410 = SURFACE_STYLE_FILL_AREA(#6411);
#6411 = FILL_AREA_STYLE('',(#6412));
#6412 = FILL_AREA_STYLE_COLOUR('',#5860);
#6413 = STYLED_ITEM('color',(#6414),#2979);
#6414 = PRESENTATION_STYLE_ASSIGNMENT((#6415));
#6415 = SURFACE_STYLE_USAGE(.BOTH.,#6416);
#6416 = SURFACE_SIDE_STYLE('',(#6417));
#6417 = SURFACE_STYLE_FILL_AREA(#6418);
#6418 = FILL_AREA_STYLE('',(#6419));
#6419 = FILL_AREA_STYLE_COLOUR('',#5860);
#6420 = STYLED_ITEM('color',(#6421),#2991);
#6421 = PRESENTATION_STYLE_ASSIGNMENT((#6422));
#6422 = SURFACE_STYLE_USAGE(.BOTH.,#6423);
#6423 = SURFACE_SIDE_STYLE('',(#6424));
#6424 = SURFACE_STYLE_FILL_AREA(#6425);
#6425 = FILL_AREA_STYLE('',(#6426));
#6426 = FILL_AREA_STYLE_COLOUR('',#5860);
#6427 = STYLED_ITEM('color',(#6428),#3008);
#6428 = PRESENTATION_STYLE_ASSIGNMENT((#6429));
#6429 = SURFACE_STYLE_USAGE(.BOTH.,#6430);
#6430 = SURFACE_SIDE_STYLE('',(#6431));
#6431 = SURFACE_STYLE_FILL_AREA(#6432);
#6432 = FILL_AREA_STYLE('',(#6433));
#6433 = FILL_AREA_STYLE_COLOUR('',#5860);
#6434 = STYLED_ITEM('color',(#6435),#3020);
#6435 = PRESENTATION_STYLE_ASSIGNMENT((#6436));
#6436 = SURFACE_STYLE_USAGE(.BOTH.,#6437);
#6437 = SURFACE_SIDE_STYLE('',(#6438));
#6438 = SURFACE_STYLE_FILL_AREA(#6439);
#6439 = FILL_AREA_STYLE('',(#6440));
#6440 = FILL_AREA_STYLE_COLOUR('',#5860);
#6441 = STYLED_ITEM('color',(#6442),#3032);
#6442 = PRESENTATION_STYLE_ASSIGNMENT((#6443));
#6443 = SURFACE_STYLE_USAGE(.BOTH.,#6444);
#6444 = SURFACE_SIDE_STYLE('',(#6445));
#6445 = SURFACE_STYLE_FILL_AREA(#6446);
#6446 = FILL_AREA_STYLE('',(#6447));
#6447 = FILL_AREA_STYLE_COLOUR('',#5860);
#6448 = STYLED_ITEM('color',(#6449),#3049);
#6449 = PRESENTATION_STYLE_ASSIGNMENT((#6450));
#6450 = SURFACE_STYLE_USAGE(.BOTH.,#6451);
#6451 = SURFACE_SIDE_STYLE('',(#6452));
#6452 = SURFACE_STYLE_FILL_AREA(#6453);
#6453 = FILL_AREA_STYLE('',(#6454));
#6454 = FILL_AREA_STYLE_COLOUR('',#5860);
#6455 = STYLED_ITEM('color',(#6456),#3066);
#6456 = PRESENTATION_STYLE_ASSIGNMENT((#6457));
#6457 = SURFACE_STYLE_USAGE(.BOTH.,#6458);
#6458 = SURFACE_SIDE_STYLE('',(#6459));
#6459 = SURFACE_STYLE_FILL_AREA(#6460);
#6460 = FILL_AREA_STYLE('',(#6461));
#6461 = FILL_AREA_STYLE_COLOUR('',#5860);
#6462 = STYLED_ITEM('color',(#6463),#3083);
#6463 = PRESENTATION_STYLE_ASSIGNMENT((#6464));
#6464 = SURFACE_STYLE_USAGE(.BOTH.,#6465);
#6465 = SURFACE_SIDE_STYLE('',(#6466));
#6466 = SURFACE_STYLE_FILL_AREA(#6467);
#6467 = FILL_AREA_STYLE('',(#6468));
#6468 = FILL_AREA_STYLE_COLOUR('',#5860);
#6469 = STYLED_ITEM('color',(#6470),#3105);
#6470 = PRESENTATION_STYLE_ASSIGNMENT((#6471));
#6471 = SURFACE_STYLE_USAGE(.BOTH.,#6472);
#6472 = SURFACE_SIDE_STYLE('',(#6473));
#6473 = SURFACE_STYLE_FILL_AREA(#6474);
#6474 = FILL_AREA_STYLE('',(#6475));
#6475 = FILL_AREA_STYLE_COLOUR('',#5860);
#6476 = STYLED_ITEM('color',(#6477),#3117);
#6477 = PRESENTATION_STYLE_ASSIGNMENT((#6478));
#6478 = SURFACE_STYLE_USAGE(.BOTH.,#6479);
#6479 = SURFACE_SIDE_STYLE('',(#6480));
#6480 = SURFACE_STYLE_FILL_AREA(#6481);
#6481 = FILL_AREA_STYLE('',(#6482));
#6482 = FILL_AREA_STYLE_COLOUR('',#5860);
#6483 = STYLED_ITEM('color',(#6484),#3134);
#6484 = PRESENTATION_STYLE_ASSIGNMENT((#6485));
#6485 = SURFACE_STYLE_USAGE(.BOTH.,#6486);
#6486 = SURFACE_SIDE_STYLE('',(#6487));
#6487 = SURFACE_STYLE_FILL_AREA(#6488);
#6488 = FILL_AREA_STYLE('',(#6489));
#6489 = FILL_AREA_STYLE_COLOUR('',#5860);
#6490 = STYLED_ITEM('color',(#6491),#3146);
#6491 = PRESENTATION_STYLE_ASSIGNMENT((#6492));
#6492 = SURFACE_STYLE_USAGE(.BOTH.,#6493);
#6493 = SURFACE_SIDE_STYLE('',(#6494));
#6494 = SURFACE_STYLE_FILL_AREA(#6495);
#6495 = FILL_AREA_STYLE('',(#6496));
#6496 = FILL_AREA_STYLE_COLOUR('',#5860);
#6497 = STYLED_ITEM('color',(#6498),#3158);
#6498 = PRESENTATION_STYLE_ASSIGNMENT((#6499));
#6499 = SURFACE_STYLE_USAGE(.BOTH.,#6500);
#6500 = SURFACE_SIDE_STYLE('',(#6501));
#6501 = SURFACE_STYLE_FILL_AREA(#6502);
#6502 = FILL_AREA_STYLE('',(#6503));
#6503 = FILL_AREA_STYLE_COLOUR('',#5860);
#6504 = STYLED_ITEM('color',(#6505),#3175);
#6505 = PRESENTATION_STYLE_ASSIGNMENT((#6506));
#6506 = SURFACE_STYLE_USAGE(.BOTH.,#6507);
#6507 = SURFACE_SIDE_STYLE('',(#6508));
#6508 = SURFACE_STYLE_FILL_AREA(#6509);
#6509 = FILL_AREA_STYLE('',(#6510));
#6510 = FILL_AREA_STYLE_COLOUR('',#5860);
#6511 = STYLED_ITEM('color',(#6512),#3197);
#6512 = PRESENTATION_STYLE_ASSIGNMENT((#6513));
#6513 = SURFACE_STYLE_USAGE(.BOTH.,#6514);
#6514 = SURFACE_SIDE_STYLE('',(#6515));
#6515 = SURFACE_STYLE_FILL_AREA(#6516);
#6516 = FILL_AREA_STYLE('',(#6517));
#6517 = FILL_AREA_STYLE_COLOUR('',#5860);
#6518 = STYLED_ITEM('color',(#6519),#3209);
#6519 = PRESENTATION_STYLE_ASSIGNMENT((#6520));
#6520 = SURFACE_STYLE_USAGE(.BOTH.,#6521);
#6521 = SURFACE_SIDE_STYLE('',(#6522));
#6522 = SURFACE_STYLE_FILL_AREA(#6523);
#6523 = FILL_AREA_STYLE('',(#6524));
#6524 = FILL_AREA_STYLE_COLOUR('',#5860);
#6525 = STYLED_ITEM('color',(#6526),#3226);
#6526 = PRESENTATION_STYLE_ASSIGNMENT((#6527));
#6527 = SURFACE_STYLE_USAGE(.BOTH.,#6528);
#6528 = SURFACE_SIDE_STYLE('',(#6529));
#6529 = SURFACE_STYLE_FILL_AREA(#6530);
#6530 = FILL_AREA_STYLE('',(#6531));
#6531 = FILL_AREA_STYLE_COLOUR('',#5860);
#6532 = STYLED_ITEM('color',(#6533),#3238);
#6533 = PRESENTATION_STYLE_ASSIGNMENT((#6534));
#6534 = SURFACE_STYLE_USAGE(.BOTH.,#6535);
#6535 = SURFACE_SIDE_STYLE('',(#6536));
#6536 = SURFACE_STYLE_FILL_AREA(#6537);
#6537 = FILL_AREA_STYLE('',(#6538));
#6538 = FILL_AREA_STYLE_COLOUR('',#5860);
ENDSEC;
END-ISO-10303-21;
